(keypad) *,,,NUM *,,KEY,,WIN,Standard,
(keypad) +,,,NUM +,,KEY,,WIN,Standard,
(keypad) -,,,NUM -,,KEY,,WIN,Standard,
(keypad) /,,,NUM /,,KEY,,WIN,Standard,
(keypad) 0-9,,,NUM 0 - NUM 9,,KEY,,WIN,Standard,
"2 MB of RAM required, 4 MB of RAM recommended",,,Minimum 2 MB RAM (4 MB anbefales),,GEN,,WIN,Standard,See PACK.DOC
"3 1/2"" disk Version",,,"3,5""-version",,GEN,,WIN,Standard,See PACK.DOC
"3.5"" high density disk drive",,,"3,5"" high density-diskettedrev",,GEN,,WIN,Standard,See PACK.DOC
35mm slide,,,35mm dias,,GEN,,WIN,Standard,"Note: this format for ""35mm dias"" is NOT recommeded by Dansk Sprognævn (they recommend 35-mm dias). However, Dansk Sprognævn have informed us that this is standard usage, for which reason we have chosen to use it.  "
3rd party X,,,andre computerproducenter/softwareproducenter,,GEN,,WIN,Standard,rewrite acc. to context
"5 1/4"" disk Version",,,"5,25""-version",,GEN,,WIN,Standard,See PACK.DOC
640K conventional plus 256 extended memory,,,640 KB konventionel hukommelse plus 256 KB extended memory,,GEN,,WIN,Standard,See PACK.DOC
800K,,,800 KB,,GEN,,MAC,Standard,Macintosh
"A 5,25"" high-density or 3,5"" disk drive and a hard disk with 9,5 MB available (13 MB recommended)",,,"Et 5,25"" eller 3,5"" high density-diskettedrev og en harddisk med 9,5 MB fri diskplads (13 MB anbefales)",,GEN,,WIN,Standard,See PACK.DOC
A hard disk with 16 MB of available disk space,,,Harddisk med 16 MB fri diskplads,,GEN,,WIN,Standard,See PACK.DOC
a publisher,,,en udgiver,,GEN,,MAC,Standard,Macintosh
About,a,,Om,o,COM,,WIN,Standard,GUI
About Help,a,,Om Hjælp,o,COM,,WIN,Standard,GUI
accelerator key,,,genvejstast,,GEN,,WIN,Standard,"See ""shortcut key""."
Accent acute,,,accent aigu,,GEN,,WIN,Standard,´
Accent circumflex,,,cirkumfleks,,GEN,,WIN,Standard,^
Accent grave,,,accent grave,,GEN,,WIN,Standard,`
access key,,,hurtigtast  ,,GEN,,WIN,Standard,GUI The key that corresponds to an underlined letter on a menu or button (also referred to as a mnemonic or mnemonic access key). = hotkey
accessibility,,,brugervenlighed,,GEN,,WIN,Standard,Making software usable and accessible to the widest range of users.  
Accessories,,,Tilbehør,,GEN,,WIN,Standard,GUI - Windows program group
ACREADME.HLP,,,ACVIGTIG.HLP,,FIL,,WIN,Standard,Access readme
acronym ,,,akronym,,GEN,,WIN,Standard,
action,,,handling,,GEN,,WIN,Standard,
Activate next document window,,,Aktiverer det næste dokumentvindue,,TXT,,WIN,Standard,status bar message
Activate Task List,,,Aktiverer Jobliste,,TXT,,WIN,Standard,status bar message
active,,,aktiv,,GEN,,WIN,Standard,The state when an object is accepting user input.  
active file,,,aktiv fil,,GEN,,WIN,Standard,
active selection,,,aktiv markering,,GEN,,WIN,Standard,
Active Window,,,Aktivt vindue,a,COM,,WIN,Standard,GUI  The window in which the user is currently working.  An active window is typically at the top of the window order and is distinguished by the color of its title bar. Compare inactive window.
acute accent,,,accent aigu,,GEN,,WIN,Standard,
adapter,,,kort,,GEN,,WIN,Standard,"En adapter kan være mange ting: Kort til CD-Rom/FAX/Modem. Eller for at benytte termer, som alle kan forstå: Forlænger til en støvsuger, 220 V enhed til en blender, ja selv til et vaffeljern kan man få en adapter."
Add,,,Tilføj,,BUT,,WIN,Standard,GUI
add ,,,tilføje,,GEN,V,WIN,Standard,
Add Echo,a,,Tilføj ekko,t,COM,,WIN,Standard,GUI
Albania,,,Albanien,,GEN,,WIN,Standard,
Albanian,,,albansk,,GEN,,WIN,Standard,
Alert,,,Advarsel!,,GEN,,WIN,Standard,Alert message
aligned,,,justeret,,GEN,,WIN,Standard,
Alignment,a,,Justering,j,COM,,WIN,Standard,GUI
alignment,,,justering,,GEN,,WIN,Standard,
all,,,alle/alt,,GEN,,WIN,Standard,
All,a,,Alt ,a,OPT,,WIN,Standard,GUI
all caps,,,store bogstaver,,GEN,,WIN,Standard,
All rights reserved.,,,Alle rettigheder forbeholdes.,,TXT,,WIN,Standard,Copyright notice.
allowable,,,tilladelig,,GEN,,WIN,Standard,
alphabetic ,,,alfabetisk,,GEN,,WIN,Standard,
alphanumeric,,,alfanumerisk,,GEN,,WIN,Standard,
alphanumeric sort,,,alfanumerisk sortering,,GEN,,WIN,Standard,
alphanumeric sorting,,,alfanumerisk sortering,,GEN,,WIN,Standard,
ALT,,,ALT,,KEY,,WIN,Standard,GUI
ALT GR,,,ALT GR,,KEY,,WIN,Standard,GUI
ALT+*,,,ALT+*(STJERNE),,KEY,,WIN,Standard,
Alt+Shift+P,,,Alt+Skift+P,,KEY,,WIN,Standard,Page Number/Sidetal
Alt-key combinations,,,ALT-tastkombinationer,,GEN,,WIN,Standard,
alter ,,,ændre,,GEN,V,WIN,Standard,
Always on Top,t,,Altid øverst  ,ø,COM,,WIN,Standard,GUI - Help
Ampersand,,,&-tegn,,GEN,,WIN,Standard,&
an edition,,,en udgave,,GEN,,MAC,Standard,Macintosh
An error occured when loading file.,,,Der opstod en fejl under indlæsning af filen.,,ERR,,WIN,Standard,
AND,,,OG,,FUN,,WIN,Standard,
Angle brackets,,,vinkelparenteser,,GEN,,WIN,Standard,<>
animation,,,animation,,GEN,,WIN,Standard,
Annotate,a,,Anmærk,a,COM,,WIN,Standard,GUI - i Hjælp
anonymous,,,anonym,,GEN,,WIN,Standard,
"Answers to common questions, tips; and guides to terminology, commands, and the keyboard.",,,"Svar på de mest almindelige spørgsmål, nyttige tip og hjælp til Word-termer, kommandoer og tastaturet.",,TXT,,WIN,Standard,Main Help opening screen. See HELP.HLP
antonym,,,antonym,,GEN,,WIN,Standard,
API,,,API,,GEN,,WIN,Standard,"EDB-LEX: ""et API"". (""et interface"")."
Apostrophe,,,apostrof,,GEN,,WIN,Standard,'
Apple Macintosh series,,,Apple Macintosh-serien,,GEN,,WIN,Standard,re: disks. See also DISKETTE.DOC. This is localized. One exception: When it is used in connection with the logo on packages.
Apple menu,,,Apple-menu,,MNU,,WIN,Standard,GUI
Apple menu icon,,,Apple-ikon,,GEN,,WIN,Standard,GUI
application,,,program,,GEN ,,WIN,Standard,"Use ""program"" over ""applikation"" whereever possible. See Danish Style Guide for definition. Base decision on which term to choose on a case-to-case basis. "
application icon,,,programikon,,GEN,,WIN,Standard,GUI
application name,,,programnavn,,GEN,,WIN,Standard,
application window,,,programvindue,,GEN,,WIN,Standard,GUI
application workspace,,,programarbejdsområde,,GEN,,WIN,Standard,GUI
Applications,,,Programmer,,GEN,,WIN,Standard,GUI
Apply,,,Anvend,,BUT,,WIN,Standard,GUI
apply,,,anvende,,GEN,V,WIN,Standard,
applying a font,,,anvende en skrifttype,,GEN,V,WIN,Standard,
applying a style,,,anvende en typografi,,GEN,V,WIN,Standard,
Aqua/Cyan,,,Akvamarin,,GEN,,WIN,Standard,
Arabic,,,arabisk,,GEN,,WIN,Standard,
arbitrary,,,vilkårlig,,GEN,,WIN,Standard,
archive,,,arkiv,,GEN,,WIN,Standard,
arrange,,,arrangere,,GEN,V,WIN,Standard,GUI
Arrange all,a,,Arranger alle ,a,COM,,WIN,Standard,GUI
arrow,,,pil,,GEN,,WIN,Standard,GUI
arrow pointer,,,pilmarkør,,GEN,,WIN,Standard,GUI
art,,,grafik,,GEN,,WIN,Standard,
assign,,,tildele,,GEN,V,WIN,Standard,
Assign to key,,,Tildel tast  ,t,COM,,WIN,Standard,GUI
Assign to menu,,,Tildel menu ,m,COM,,WIN,Standard,GUI
Asterisk,,,stjerne,,GEN,,WIN,Standard,*
asynchronous,,,asynkron,,GEN,,WIN,Standard,
at bottom,,,nederst,,GEN,,WIN,Standard,
At sign,,,@-tegn,,GEN,,WIN,Standard,@
at top,,,øverst,,GEN,,WIN,Standard,
Attention,,,Obs!,,GEN,,WIN,Standard,Alert message
Australia,,,Australien,,GEN,,WIN,Standard,
Australian English,,,engelsk (australsk),,GEN,,WIN,Standard,
Austria,,,Østrig,,GEN,,WIN,Standard,
Austrian German,,,tysk (østrigsk),,GEN,,WIN,Standard,
authorized workstations,,,antal autoriserede arbejdsstationer:,,GEN,,WIN,Standard,Imprint text for packaging. See Lingua server \standard\legal\imprint
auto ,,,automatisk,,GEN,,WIN,Standard,
automatic,,,automatisk,,GEN,,WIN,Standard,
automatic link,,,automatisk kæde,,GEN,,WIN,Standard,GUI
automatic scrolling,,,automatisk rulning,,GEN,,WIN,Standard,A technique where a display area automatically scrolls without direct interaction with a scroll bar.   
autoscroll,,,automatisk rulning,,GEN,,WIN,Standard,GUI
Available memory,,,Tilgængelig hukommelse,,TXT,,WIN,Standard,
Available support options so that you can get the most from your Microsoft product.,,,"Oplysninger om, hvordan du kan få teknisk support, så du kan udnytte dit Microsoft-produkt optimalt.",,TXT,,WIN,Standard,Main Help opening screen. See HELP.HLP
B4 Envelope,,,B4-konvolut,,GEN,,WIN,Standard,See ENVELOPE.DOC
B5 Envelope,,,B5-konvolut,,GEN,,WIN,Standard,See ENVELOPE.DOC
B6 Envelope,,,B6-konvolut,,GEN,,WIN,Standard,See ENVELOPE.DOC
Back,b,,Tilbage  ,t,BUT,,WIN,Standard,GUI - i Hjælp
Back,b,,Tilbage,t,BUT,,WIN,Standard,Standard button in wizards
back,,,bagest,,GEN,,WIN,Standard,"There are two possible spellings of ""bagest"". This the one MS uses."
back up,,,sikkerhedskopi,,GEN,,WIN,Standard,
back up copy,,,sikkerhedskopi,,GEN,,WIN,Standard,
back up copy file,,,sikkerhedskopi,,GEN,,WIN,Standard,
Backslash,,,omvendt skråstreg,,GEN,,WIN,Standard,\
BACKSPACE,,,TILBAGE,,KEY,,WIN,Standard,GUI
backup ,,,sikkerhedskopi,,GEN,N,WIN,Standard,
backup ,,,sikkerhedskopiere,,GEN,V,WIN,Standard,
Backup Disk,,,Sikkerhedskopi,,GEN,,WIN,Standard,
backup of,,,sikkerhedskopi af,,GEN,,WIN,Standard,
backup program,,,sikkerhedskopieringsprogram,,GEN,,WIN,Standard,
backward,,,tilbage,,GEN,,WIN,Standard,
Bahasa,,,bahasa,,GEN,,WIN,Standard,
Balloon Help,,,Hjælpebobler,,GEN,,MAC,Standard,Macintosh
BallPoint Mouse,,,BallPoint Mouse,,GEN,,WIN,Standard,
base font,,,grundskrifttype,,GEN,,WIN,Standard,
baseline ,,,grundlinje,,GEN,,WIN,Standard,
Before You Begin,,,Inden du går i gang,,GEN,,WIN,Standard,documentation title
Belgian Dutch,,,nederlandsk (flamsk),,GEN,,WIN,Standard,
Belgian French,,,fransk (belgisk),,GEN,,WIN,Standard,
Belgium,,,Belgien,,GEN,,WIN,Standard,
BIFF,,,BIFF,,GEN,,WIN,Standard,
binary file format,,,binært filformat,,GEN,,WIN,Standard,
bitmap,,,bitmap,,GEN,,WIN,Standard,"en bitmap, bitmappen, bitmaps, bitmappene"
bits,,,bit,,GEN,,WIN,Standard,
BKSP,,,TLBA,,KEY,,WIN,Standard,abbreviation for BACKSPACE/TILBAGE
Black,,,Sort,,GEN,,WIN,Standard,
blink ,,,blinke ,,GEN,V,WIN,Standard,
block,,,blok,,GEN,,WIN,Standard,
Blue,,,Blå,,GEN,,WIN,Standard,
bold,b,,fed ,f,GEN,,WIN,Standard,GUI
bold button,,,knappen Fed,f,BUT,,WIN,Standard,
Bookmark,m,,Bogmærke  ,m,MNU,,WIN,Standard,GUI - Help
border,,,ramme,,GEN,,WIN,Standard,GUI
bottom ,,,nederst/bund,,GEN,,WIN,Standard,
bottom window border,,,nedre vinduesramme,,GEN,,WIN,Standard,GUI
boundary,,,grænse/afgrænsning/kant,,GEN,,WIN,Standard,
Braces,,,klammeparenteser,,GEN,,WIN,Standard,{ }
Brackets,,,kantede parenteser,,GEN,,WIN,Standard,[ ]
branch ,,,forgrene,,GEN,V,WIN,Standard,
branch ,,,gren,,GEN,N,WIN,Standard,
branching,,,forgrening,,GEN,,WIN,Standard,
Brazil,,,Brasilien,,GEN,,WIN,Standard,
Brazilian Portuguese,,,portugisisk (brasiliansk),,GEN,,WIN,Standard,
break,,,afbryde,,GEN,V,WIN,Standard,
BREAK,,,BREAK,,KEY,,WIN,Standard,GUI
Browse,,,Gennemse,,COM,,WIN,Standard,GUI
browse,,,gennemse,,GEN,V,WIN,Standard,GUI
browse up or down,,,gennemse fremad/tilbage,,GEN,,WIN,Standard,
build a formula,,,opstille en formel,,GEN,V,WIN,Standard,
built-in font,,,indbygget skrifttype,,GEN,,WIN,Standard,
Bulgaria,,,Bulgarien,,GEN,,WIN,Standard,
Bulgarian,,,bulgarsk,,GEN,,WIN,Standard,
button,,,knap,,GEN,,WIN,Standard,GUI
by default,,,som standard,,GEN,,WIN,Standard,
C3 Envelope,,,C3-konvolut,,GEN,,WIN,Standard,See ENVELOPE.DOC
C4 Envelope,,,C4-konvolut,,GEN,,WIN,Standard,See ENVELOPE.DOC
C5 Envelope,,,C5-konvolut,,GEN,,WIN,Standard,See ENVELOPE.DOC
C6 Envelope,,,C6-konvolut,,GEN,,WIN,Standard,See ENVELOPE.DOC
C65 Envelope,,,US C65-konvolut,,GEN,,WIN,Standard,See ENVELOPE.DOC
Calculator,,,Lommeregner,,GEN,,WIN,Standard,GUI - program
Calendar,,,Kalender,,GEN,,WIN,Standard,GUI - program
Call Waiting,,,Ventekald,,GEN,,WIN,Standard,"Funktion i visse telefonanlæg. Funktionen Ventekald (KTAS-navn) sætter telefonopkald i kø.  (oplyst af KTAS, juni 1994)"
Canada,,,Canada,,GEN,,WIN,Standard,
Canadian English,,,engelsk (canadisk),,GEN,,WIN,Standard,
Canadian French,,,fransk (canadisk),,GEN,,WIN,Standard,
Cancel,,,Annuller,,BUT,,WIN,Standard,GUI  To halt an operation (or process) and return to the state before it was invoked.  Compare stop.
cancel,,,annullere,,GEN,V,WIN,Standard,GUI
Cannot find file.,,,Kan ikke finde filen.,,ERR,,WIN,Standard,
capitalization,,,store bogstaver,,GEN,,WIN,Standard,
capitalized letter,,,stort bogstav,,GEN,,WIN,Standard,
capitals,,,store bogstaver,,GEN,,WIN,Standard,
caps,,,store bogstaver,,GEN,,WIN,Standard,
CAPS LOCK,,,CAPS LOCK,,KEY,,WIN,Standard,GUI
Caps Lock on (CAPS),,,CAPS,,GEN,,WIN,Standard,GUI - status bar abbreviation
Cardfile,,,Kartotek,,GEN,,WIN,Standard,GUI - program
Caret,,,indsætningspunkt,,GEN,,WIN,Standard,^  See insertion point.
Carriage return,,,vognretur,,GEN,,WIN,Standard,
carry out an action,,,udføre en handling,,GEN,V,WIN,Standard,
Cascade,c,,Overlappet ,o,COM,,WIN,Standard,GUI
cascading,,,overlappet/overlappende,,GEN,,WIN,Standard,
cascading menu,,,undermenu,,GEN,,WIN,Standard,GUI  A menu that is submenu of a menu item.  (Also known as a hierarchical menu.)
cascading windows,,,overlappende vinduer,,GEN,,WIN,Standard,GUI
Castilian Spanish,,,spansk (castiliansk),,GEN,,WIN,Standard,
Catalan,,,catalansk,,GEN,,WIN,Standard,
Caution,,,Advarsel!,,GEN,,WIN,Standard,Alert message
CD,,,CD,,GEN,,WIN,Standard,Compact Disk. CD'en
CD-ROM,,,CD-ROM,,GEN,,WIN,Standard,CD-ROM'en
Cedilla,,,cedille,,GEN,,WIN,Standard,
center,,,centrere,,GEN,V,WIN,Standard,
centered,c,,centreret,c,GEN,,WIN,Standard,GUI
centered paragraph ,,,centreret afsnit,,GEN,,WIN,Standard,
centering,,,centrering,,GEN,,WIN,Standard,
centimeter,,,centimeter,,GEN,,WIN,Standard,
change,,,skifte/erstatte/redigere/ændre,,GEN,V,WIN,Standard,context dependant
change,,,ændring/rettelse,,GEN,N,WIN,Standard,
Change ,,,Skift,,BUT,,WIN,Standard,"GUI - as a command name it can also be ""Rediger"". Avoid the form ""Ændr""."
Change window position,,,Ændrer vinduespositionen,,TXT,,WIN,Standard,status bar message
Change window size,,,Ændrer vinduesstørrelsen,,TXT,,WIN,Standard,status bar message
Changes the size of the window,,,Ændrer vinduesstørrelsen,,TXT,,WIN,Standard,status bar message
Chapter 2 explains...,,,I kapitel 2 beskrives ...,,GEN,,WIN,Standard,Documentation phrase
Character,c,,Tegn,t,COM,,WIN,Standard,GUI
character font,,,skrifttype,,GEN,,WIN,Standard,
Character Map,,,Tegnoversigt,,GEN,,WIN,Standard,GUI - program
check ,,,afkrydse,,GEN,V,WIN,Standard,GUI
check ,,,kontrollere ,,GEN,V,WIN,Standard,
check box,,,afkrydsningsfelt,,GEN,,WIN,Standard,"GUI  A standard Windows control that displays a setting, either checked (set) or unchecked (not set).  Compare option button."
checked command,,,afkrydset kommando,,GEN,,WIN,Standard,GUI
checkmark,,,afkrydsning,,GEN,,WIN,Standard,GUI
chevrons,,,«-tegn,,GEN,,WIN,Standard,GUI
China,,,Kina,,GEN,,WIN,Standard,
choose,,,vælge,,GEN,V,WIN,Standard,GUI
circumflex,,,cirkumfleks,,GEN,,WIN,Standard,
Clear,e,,Ryd  ,d,COM,,WIN,Standard,GUI
clear,,,rydde,,GEN,V,WIN,Standard,GUI
CLEAR,,,CLEAR,,KEY,,WIN,Standard,
clear (undo check),,,fjerne afkrydsning,,GEN,V,WIN,Standard,GUI
clear a checkbox (undo select),,,"fjerne afkrydsningen (i feltet ""Xxx"")",,GEN,,WIN,Standard,
Clear All ,,,Ryd alt  ,d,COM,,WIN,Standard,GUI
click,,,klikke på ,,GEN,V,WIN,Standard,GUI  (v.) To position the pointer over an object and then press and release a mouse button.  (n.) The act of clicking.
ClipArt,,,ClipArt,,GEN,,WIN,Standard,"Do not write ""clipart"" or ""Clip Art"""
Clipboard,,,Udklipsholder,,GEN,,WIN,Standard,"Skrives med stort og bøjes ikke. Eksempel: Den tekst, som du kopierer, placeres i Udklipsholder.  Definition: The area of storage (buffer) where objects (data) or their references are placed when a Cut or Copy operation is executed."
Clipboard Viewer,,,Udklipsholder,,GEN,,WIN,Standard,GUI - program
Clock,,,Ur,,GEN,,WIN,Standard,GUI - program
Close,c,,Luk  ,l,COM,,WIN,Standard,GUI
close,,,lukke,,GEN,V,WIN,Standard,GUI  To remove a window.
Close All,c,,Luk alt  ,l,COM,,WIN,Standard,GUI
close box,,,lukboks,,GEN,,WIN,Standard,GUI
Close window and quit xxx,,,Lukker vinduet og afslutter xxx,,TXT,,WIN,Standard,status bar message
Closes the window,,,Lukker vinduet,,TXT,,WIN,Standard,status bar message
Closing chevron,,,»-tegn,,GEN,,WIN,Standard,»
cm,,,cm,,GEN,,WIN,Standard,
Col ,,,Kol,,GEN,,WIN,Standard,status bar abbrevation
collapse,,,skjule,,GEN,V,WIN,Standard,GUI
Collate copies,i,,Udskriv sætvis,æ,CHX,,WIN,Standard,"GUI  NOTE: changed from ""Sorter kopier"" April 94"
Column ,,,Kol,,GEN,,WIN,Standard,GUI - forkortelse på statuslinjen
column heading,,,kolonneoverskrift,,GEN,,WIN,Standard,A standard Windows control that displays information in a multicolumn list.
combo box,,,kombinationsboks,,GEN,,WIN,Standard,GUI  A standard Windows control that combines a text box and interdependent list box.  Compare drop-down combo box.
comma ,,,komma,,GEN,,WIN,Standard,
COMMAND,,,KOMMANDO,,KEY,,MAC,Standard,Macintosh key name
command button,,,kommandoknap,,GEN,,WIN,Standard,GUI  A standard Windows control used to initiate a command or set an option.  (Also known as a push button.)
command name,,,kommandonavn,,GEN,,WIN,Standard,
command separator,,,kommandoseparator,,GEN,,WIN,Standard,GUI
Commands,,,Kommandoer,,GEN,,WIN,Standard,re: disks. See also DISKETTE.DOC
"Companies, names, and data used in sample output are fictitious",,,"Firmaer, navne og data anvendt i eksempler er fiktive",,GEN,,WIN,Standard,See PACK.DOC
"Companies, names, and data used in screens and sample output are fictitious",,,"Firmaer, navne og data anvendt i skærmbilleder og andre eksempler er fiktive",,GEN,,WIN,Standard,See PACK.DOC
complete installation,,,komplet installation,,GEN,,WIN,Standard,
Complete reference information about the WordBasic macro language.,,,Komplet oversigt over WordBasic-makrosproget.,,TXT,,WIN,Standard,Main Help opening screen. See HELP.HLP
Complete/Custom Installation,,,Komplet installation/Specialinstallation,,GEN,,WIN,Standard,
component,,,komponent,,GEN,,WIN,Standard,
computer vendor,,,computerforhandler,,GEN,,WIN,Standard,
configure,,,konfigurere ,,GEN,V,WIN,Standard,
connect,,,tilslutte,,GEN,V,WIN,Standard,
constrain,,,begrænse,,GEN,V,WIN,Standard,
container application,,,klientprogram,,GEN,,WIN,Standard,GUI
container document,,,klientdokument,,GEN,,WIN,Standard,GUI
"Contains 3.5"" and 5.25"" disks",,,"Indeholder 3,5""- og 5,25""-disketter",,GEN,,WIN,Standard,See PACK.DOC
"Contains 3.5"" Disks",,,"Indeholder 3,5""-disketter",,GEN,,WIN,Standard,See PACK.DOC
"Contains 5,25"" Disks",,,"Indeholder 5,25""-disketter",,GEN,,WIN,Standard,See PACK.DOC
Contents,c,,Indhold,i,BUT,,WIN,Standard,GUI - i Hjælp
Contents,,,Indhold,i,COM,,WIN,Standard,GUI
contents,,,indhold,,GEN,,WIN,Standard,
context-sensitive help,,,kontekstsensitiv hjælp,,GEN,,WIN,Standard,Information about an object and its current condition.  It answers the questions “What is this” and “Why would I want to use it?”
contextual,,,kontekstbetinget,,GEN,,WIN,Standard,Specific to the conditions in which something exists or occurs.  
contiguous selection,,,sammenhængende markering,,GEN,,WIN,Standard,A selection that consists of a set of objects that are logically sequential or adjacent to each other.  Compare disjoint selection.  
continue,,,fortsætte,,GEN,V,WIN,Standard,
continuous,,,løbende/fortløbende/fortsat/endeløs/uendelig/kontinuert,,GEN,,WIN,Standard,
control,,,kontrol/styring,,GEN,,WIN,Standard,
control,,,kontrolelement,,GEN,N,WIN,Standard,"An object that enables user interaction or input, often to initiate an action, display information, or set values.  "
control ,,,styre/kontrollere,,GEN,V,WIN,Standard,
Control menu,,,Kontrolmenu,,MNU,,WIN,Standard,GUI
Control Panel,,,Kontrolpanel,,GEN,,WIN,Standard,GUI - program - Skrives med stort og bøjes ikke. Eksempel: Sådan ændres indstillingerne i Kontrolpanel
Control Panels,,,Kontrolpaneler,,GEN,,MAC,Standard,Macintosh
control-menu box,,,kontrolmenuboks,,GEN,,WIN,Standard,GUI
conventional memory,,,konventionel hukommelse,,GEN,,WIN,Standard,Memory from 0 to 640 KB.
Converters,,,Konverteringsprogrammer,,GEN,,WIN,Standard,re: setup
coordinate,,,koordinat,,GEN,,WIN,Standard,
Copies,c,,Kopier ,k,TXB,,WIN,Standard,GUI
Copy,c,,Kopier,o,COM,,WIN,Standard,GUI
copy,,,kopiere,,GEN,V,WIN,Standard,GUI
copy,,,kopi/eksemplar,,GEN,,WIN,Standard,
Copy Special,s,,Kopier speciel  ,c,COM,,WIN,Standard,GUI
copyright ,,,copyright,,GEN,,WIN,Standard,
Copyright symbol,,,copyrightsymbol,,GEN,,WIN,Standard,©
corrupt,,,beskadiget,,GEN,ADJ,WIN,Standard,
Create,,,Opret,,BUT,,WIN,Standard,GUI
create ,,,oprette,,GEN,V,WIN,Standard,
Create Publisher,,,Opret udgiver,,GEN,,MAC,Standard,Macintosh
Creates new document,,,Opretter et nyt dokument,,TXT,,WIN,Standard,status bar message
critical message,,,alvorlig meddelelse,,GEN,,WIN,Standard,GUI
Croatia,,,Kroatien,,GEN,,WIN,Standard,
Croatian,,,kroatisk,,GEN,,WIN,Standard,
crop,,,beskære,,GEN,V,WIN,Standard,GUI
cross platform fonts,,,Skrifttyper til flere systemer,,GEN,,WIN,Standard,
cross-hair pointer,,,krydsmarkør,,GEN,,WIN,Standard,GUI
CTRL,,,CTRL,,KEY,,WIN,Standard,GUI
Ctrl key,,,CTRL-tast,,KEY,,WIN,Standard,
CTRL+-,,,CTRL+-(BINDESTREG),,KEY,,WIN,Standard,
Ctrl+A,,,Ctrl+A,,KEY,,WIN,Standard,Select All/Marker alt
Ctrl+Alt+E,,,Ctrl+Alt+E,,KEY,,WIN,Standard,Endnote/Slutnote/
Ctrl+Alt+F,,,Ctrl+Alt+F,,KEY,,WIN,Standard,Footnote/Fodnote
Ctrl+Alt+O,,,Ctrl+Alt+O,,KEY,,WIN,Standard,Outline/Disposition/
Ctrl+Alt+S,,,Ctrl+Alt+S,,KEY,,WIN,Standard,Split/Opdel/
CTRL+B,,,CTRL+F ,,KEY,,WIN,Standard,GUI  Bold/Fed
CTRL+C,,,CTRL+C ,,KEY,,WIN,Standard,GUI  Copy/Kopier
CTRL+D,,,CTRL+D ,,KEY,,WIN,Standard,GUI  Font/Skrifttype
CTRL+E,,,CTRL+E,,KEY,,WIN,Standard,GUI  Center align/Centreret
Ctrl+F,,,Ctrl+B,,KEY,,WIN,Standard,Find/Søg
Ctrl+G or F5,,,Ctrl+G eller F5,,KEY,,WIN,Standard,Go to/Gå til/
Ctrl+H,,,Ctrl+H,,KEY,,WIN,Standard,Replace/Erstat
CTRL+I,,,CTRL+K ,,KEY,,WIN,Standard,GUI  Italic/Kursiv
CTRL+J,,,CTRL+J ,,KEY,,WIN,Standard,GUI  Justify align/Lige margener
Ctrl+K,,,Ctrl+I,,KEY,,WIN,Standard,AutoFormat/Autoformat
CTRL+L,,,CTRL+L ,,KEY,,WIN,Standard,GUI  Left align/Venstre
Ctrl+N,,,Ctrl+N,,KEY,,WIN,Standard,New/Ny(t)
Ctrl+O,,,Ctrl+O,,KEY,,WIN,Standard,Open/Åbn
Ctrl+P,,,Ctrl+P,,KEY,,WIN,Standard,Print/Udskriv
CTRL+R,,,CTRL+R ,,KEY,,WIN,Standard,GUI  Right align/Højre
Ctrl+S,,,Ctrl+S,,KEY,,WIN,Standard,Save/Gem
Ctrl+Shift+S,,,Ctrl+Skift+S,,KEY,,WIN,Standard,Style/Typografi
CTRL+U,,,CTRL+U ,,KEY,,WIN,Standard,GUI  Underline/Understreget
CTRL+V,,,CTRL+V ,,KEY,,WIN,Standard,GUI  Paste/Sæt ind
CTRL+W,,,CTRL+W ,,KEY,,WIN,Standard,GUI  Close/Luk
CTRL+X,,,CTRL+X ,,KEY,,WIN,Standard,GUI  Cut/Klip
Ctrl+Y or F4,,,Ctrl+Y eller F4,,KEY,,WIN,Standard,Repeat/Gentag
CTRL+Z,,,CTRL+Z ,,KEY,,WIN,Standard,GUI  Undo/Fortryd
Cue Cards,,,Stikordskort,,GEN,,WIN,Standard,skriv med stort begyndelsesbogstav.
current ,,,aktuel/aktiv/nuværende,,GEN,,WIN,Standard,
cursor,,,markør,,GEN,,WIN,Standard,A generic term for the visible indication of where the user’s interaction will occur.  See also insertion point and pointer.
curve,,,kurve,,GEN,,WIN,Standard,
Custom Dictionary,,,Brugerordbog,,GEN,,MAC,Standard,Macintosh and Windows filename
custom install,,,specialinstallation,,GEN,,WIN,Standard,
Custom installation,,,Specialinstallation,,GEN,,WIN,Standard,See PACK.DOC
custom-made command,,,brugerdefineret kommando,,GEN,,WIN,Standard,
CUSTOM.DIC,,,BRUGER.DIC,,FIL,,WIN,Standard,
Customize,c,,Tilpas,t,COM,,WIN,Standard,GUI
customize,,,tilpasse,,GEN,V,WIN,Standard,
Cut,t,,Klip  ,k,COM,,WIN,Standard,GUI
cut,,,klippe ud,,GEN,V,WIN,Standard,GUI
cut and paste,,,klippe ud og sætte ind,,GEN,V,WIN,Standard,
cutout,,,udklip,,GEN,,WIN,Standard,
Czech,,,tjekkisk,,GEN,,WIN,Standard,
Czech Republic,,,Tjekkiet,,GEN ,,WIN,Standard,
damaged,,,beskadiget,,GEN,ADJ,WIN,Standard,
Danish,,,dansk,,GEN,,WIN,Standard,
Dash,,,bindestreg,,GEN,,WIN,Standard,-
Data Access,,,Dataadgang,,GEN,,WIN,Standard,Navn på håndbog
date,,,dato,,GEN,,WIN,Standard,
DDE (Dynamic Data Exchange),,,DDE (Dynamic Data Exchange) (dynamisk dataudveksling),,GEN,,WIN,Standard,
deactivate ,,,deaktivere,,GEN,V,WIN,Standard,
dealer,,,forhandler,,GEN,,WIN,Standard,
Decrease Speed,e,,Reducer hastigheden,r,COM,,WIN,Standard,GUI
Decrease Volume,d,,Reducer lydstyrken,c,COM,,WIN,Standard,GUI
Default,,,Standard,,DIA,,WIN,Standard,GUI
default,,,standard,,GEN,,WIN,Standard,"An operation or value that the system assumes, unless the user makes an explicit choice."
default button,,,standardknap,,GEN,,WIN,Standard,The command button that is invoked when the user presses the ENTER key.  A default button typically appears in a secondary window.
default option,,,standardindstilling,,GEN,,WIN,Standard,
default size,,,standardstørrelse,,GEN,,WIN,Standard,
Define,,,Definer,,BUT,,WIN,Standard,GUI
Define,d,,Definer,d,COM,,WIN,Standard,GUI - i Hjælp
define,,,definere,,GEN,V,WIN,Standard,
Degree symbol,,,gradtegn,,GEN,,WIN,Standard,°
Del,,,Del,,KEY,,WIN,Standard,Clear/Ryd
DEL,,,DEL,,KEY,,WIN,Standard,GUI
Delete,d,,Slet,s,COM,,WIN,Standard,GUI
delete,,,slette,,GEN,V,WIN,Standard,GUI  To remove an object (or value).  
Delete After Current Position,,,Slet fra nuværende position,s,COM,,WIN,Standard,GUI
Delete Before Current Position,,,Slet op til nuværende position,t,COM,,WIN,Standard,GUI
Denmark,,,Danmark,,GEN,,WIN,Standard,
Desktop,,,Desktop,,GEN,,WIN,Standard,"The visual work area that fills the screen.  The Desktop is also a container and as such, can be used as a convenient location to place objects stored in the file system.  "
destination application,,,destinationsprogram,,GEN,,WIN,Standard,GUI
destination document,,,destinationsdokument,,GEN,,WIN,Standard,GUI
Device,d,,Enhed,e,DIA,,WIN,Standard,GUI - system
dialog,,,dialogboks,,GEN,,WIN,Standard,
dialog box,,,dialogboks,,GEN,,WIN,Standard,GUI  A secondary window that is used to gather additional information from the user.
dialog box title,,,dialogbokstitel,,GEN,,WIN,Standard,GUI
Dialog Editor,,,Dialogeditor,,GEN,,WIN,Standard,
dimmed command,,,nedtonet kommando,,GEN,,WIN,Standard,
Direction,,,Retning ,,DIA,,WIN,Standard,GUI
direction key,,,piltast,,GEN,,WIN,Standard,
Directories,d,,Biblioteker ,b,DIA,,WIN,Standard,GUI
directory icon,,,biblioteksikon,,GEN,,WIN,Standard,GUI
disability,,,handicap,,GEN,,WIN,Standard,A skill level that is near the lower range for an average person.  
disassembling,,,disassemblering,,GEN,,WIN,Standard,
disconnect,,,frakoble/afbryde,,GEN,V,WIN,Standard,
disjoint selection,,,kompleks markering,,GEN,,WIN,Standard,A selection that consists of a set of objects that are not logically sequential or physically adjacent to each other.  Compare contiguous selection.
disk,,,disk,,GEN,,WIN,Standard,"en disk, disken, diske, diskene"
disk (floppy),,,diskette,,GEN,,WIN,Standard,
disk (hard disk),,,harddisk,,GEN,,WIN,Standard,"en harddisk, harddisken, harddiske, harddiskene "
Disk 1 - Setup,,,Diskette 1 - Installation,,GEN,,WIN,Standard,re: setup
Disk 2,,,Diskette 2,,GEN,,WIN,Standard,re: setup
DISK ASSY,,,DISK ASSY,,GEN,,WIN,Standard,ODBC disk labels - do not localize
disk drive,,,diskettedrev,,GEN,,WIN,Standard,
Disk Format,,,Disketteformat,,GEN,,WIN,Standard,re: setup
disk icon,,,disketteikon,,GEN,,WIN,Standard,GUI
disk-drive icon,,,diskdrevikon,,GEN,,WIN,Standard,
diskette,,,diskette,,GEN,,WIN,Standard,
display,,,se/få vist,,GEN,V,WIN,Standard,
display adapter,,,skærmkort,,GEN,,WIN,Standard,
Display program information,,,Viser programinformation,,TXT,,WIN,Standard,status bar message
DkAqua,,,Teal/DkCyan,,GEN,,WIN,Standard,
DkBlue,,,Navy,,GEN,,WIN,Standard,
DkGreen,,,Green,,GEN,,WIN,Standard,
DkGrey,,,Grey,,GEN,,WIN,Standard,
DkPurple,,,Purple/Dk Magenta,,GEN,,WIN,Standard,
DkRed,,,Maroon,,GEN,,WIN,Standard,
DkYellow,,,Olive/LtBrown,,GEN,,WIN,Standard,
DL (110 mm x 220 mm),,,M65  (110 x 220 mm),,GEN,,WIN,Standard,See ENVELOPE.DOC
DL Envelope,,,M65-konvolut,,GEN,,WIN,Standard,See ENVELOPE.DOC
DLL (Dynamic Link Library),,,DLL (Dynamic Link Library),,GEN,,WIN,Standard,"Se også ""dynamic link library"""
Do you want to continue?,,,Vil du fortsætte?,,TXT,,WIN,Standard,
Do you want to overwrite the file?,,,Skal filen overskrives?,,TXT,,WIN,Standard,
Do you want to save changes to X?,,,Skal ændringerne i X gemmes?,,TXT,,WIN,Standard,
Document,d,,Dokument,d,COM,,WIN,Standard,GUI
document file icon,,,dokumentfilikon,,GEN,,WIN,Standard,GUI
document icon,,,dokumentikon,,GEN,,WIN,Standard,GUI
Document No,,,Artikelnr.,,GEN,,WIN,Standard,Copyright page i doc. Det samme som Part No.
document window,,,dokumentvindue,,GEN,,WIN,Standard,GUI  A window that provides a primary view of an object (typically its contents). 
Dollar sign,,,dollartegn,,GEN,,WIN,Standard,$
domain,,,domain,,GEN,,WIN,Standard,"et domain, domainet, domains, domainene"
Done,,,Udført,,BUT,,WIN,Standard,GUI
double underline,d,,dobbelt understreget,d,GEN,,WIN,Standard,GUI
double-click,,,dobbeltklikke på,,GEN,V,WIN,Standard,GUI  (v.) To press and release a mouse button twice in rapid succession.  (n.) The act of double-clicking.  
double-drag,,,dobbeltklikke på og trække,,GEN,V,WIN,Standard,GUI
double-tap,,,dobbelttrykke,,GEN,,WIN,Standard,(v.) To press and lift the pen tip twice in rapid succession.  It is typically interpreted as the double-click of the mouse. (n.) The act of double-tapping.  
Down,d,,Fremad ,f,OPT,,WIN,Standard,GUI
DOWN ARROW,,,PIL NED,,KEY,,WIN,Standard,GUI
down scroll arrow,,,rullepil ned,,GEN,,WIN,Standard,GUI
download,,,overføre,,GEN,V,WIN,Standard,
drag,,,trække,,GEN,V,WIN,Standard,GUI  To press and hold a mouse button (or press the pen tip) while moving the mouse (or pen)
drag-and-drop,,,trække og slippe,,GEN,V,WIN,Standard,"GUI  A technique for moving, copying, or linking an object by dragging.  The interpretation the operation is negotiated between the source and its destination. "
drive icon,,,drevikon,,GEN,,WIN,Standard,GUI
driver,,,driver,,GEN,,WIN,Standard,"en driver, driveren, drivere, driverne"
Drives,v,,Drev ,d,DIA,,WIN,Standard,GUI
drop,,,slippe,,GEN,V,WIN,Standard,GUI
drop-down arrow,,,rullepil,,GEN,,WIN,Standard,
drop-down combo box,,,kombinationsboks med rullepil,,GEN,,WIN,Standard,GUI  A standard Windows control that combines the characteristics of a text box with a drop-down list box
drop-down list,,,rulleliste,,GEN,,WIN,Standard,
drop-down list box,,,rulleliste,,GEN,,WIN,Standard,"GUI  A standard Windows control that displays a current setting, but that can be opened to display a list of choices.  "
drop-down menu,,,rullemenu,,GEN,,WIN,Standard,GUI  A menu that is displayed from a menu bar. 
duplicate,,,duplikere,,GEN,V,WIN,Standard,
Dutch,,,nederlandsk (hollandsk),,GEN,,WIN,Standard,
dynamic link library,,,DLL-biblioteksfil,,GEN,,WIN,Standard,
Earlier in this chapter,,,Tidligere i dette kapitel,,GEN,,WIN,Standard,
edit,,,redigere,,GEN,V,WIN,Standard,
Edit,e,,Rediger  ,r,MNU,,WIN,Standard,GUI
edit  box,,,redigeringsboks,,GEN,,WIN,Standard,
edit control,,,redigeringsboks,,GEN,,WIN,Standard,
Effects,,,Effekter,e,DIA,,WIN,Standard,GUI
EGA,,,EGA,,GEN,,WIN,Standard,
EGA or higher resolution video adapter compatible with Microsoft Windows 3.0 or later,,,"EGA eller et skærmkort til højere opløsning, som er kompatibelt med Microsoft Windows version 3.0 eller nyere",,GEN,,WIN,Standard,See PACK.DOC
ellipsis,,,ellipse,,GEN,,WIN,Standard,"GUI  The “...” suffix added to a menu item or button label to indicate that the command requires additional information to be completed.  When the user chooses the command, a dialog box is usually displayed for user input of this additional information.  "
Em dash,,,tankestreg,,GEN,,WIN,Standard,—
embed,,,integrere,,GEN,V,WIN,Standard,GUI
embedded,,,integreret,,GEN,,WIN,Standard,
embedded object,,,integreret objekt,,GEN,,WIN,Standard,"GUI  Data that retains its original editing and operation functionality (of its creating application), while it physically resides in another document."
En dash,,,tankestreg,,GEN,,WIN,Standard,–
END,,,END,,KEY,,WIN,Standard,GUI
Enhanced Graphics Adapter,,,Enhanced Graphics Adapter (EGA),,GEN,,WIN,Standard,
Enlarge window to full size,,,Forstørrer vinduet til fuld størrelse,,TXT,,WIN,Standard,status bar message
Enlarges the window to its maximum size,,,Forstørrer vinduet til fuld størrelse,,TXT,,WIN,Standard,status bar message
ENTER,,,ENTER,,KEY,,WIN,Standard,"GUI - (Macintosh: Den alfanumeriske retur-tast hedder RETUR for Mac, den numeriske hedder ENTER.)"
enter ,,,skrive,,GEN,V,WIN,Standard,GUI
enter ,,,indsætte,,GEN,V,WIN,Standard,
ENTER (keypad),,,NUM ENTER,,KEY,,WIN,Standard,GUI
enter box ,,,redigeringsboks,,GEN,,WIN,Standard,
Equal sign,,,lighedstegn,,GEN,,WIN,Standard,=
Equation Editor,,,Equation Editor,,GEN,,WIN,Standard,Programnavn
erase,,,slette,,GEN,V,WIN,Standard,
Error,,,Fejl!,,GEN,,WIN,Standard,Alert message
error,,,fejl,,GEN,,WIN,Standard,
ESC,,,ESC,,KEY,,WIN,Standard,GUI
Estonia,,,Estland,,GEN,,WIN,Standard,
exactly,,,nøjagtigt,,GEN,,WIN,Standard,
Examples and demos,,,Eksempler ,,TXT,,WIN,Standard,"Main Help opening screen. See HELP.HLP. (CBT. not necessarily availble in Danish,.)"
Exclamation point,,,udråbstegn,,GEN,,WIN,Standard,!
execution,,,kørsel/udførelse,,GEN,,WIN,Standard,
existing,,,eksisterende,,GEN,,WIN,Standard,
Exit,x,,Afslut ,a,COM,,WIN,Standard,GUI
exit,,,afslutte,,GEN,V,WIN,Standard,
Exit and return to,x,,Afslut og vend tilbage til  ,a,COM,,WIN,Standard,GUI
expand,,,udvide,,GEN,V,WIN,Standard,GUI
expand,,,dekomprimere,,GEN,,WIN,Standard,I forb. med behandling af filer 
expanded memory,,,expanded memory,,GEN,,WIN,Standard,
express installation,,,standardinstallation,,GEN,,WIN,Standard,
express setup,,,standardinstallation,,GEN,,WIN,Standard,
extend selection,,,udvide markering,,GEN,V,WIN,Standard,GUI
Extend selection on (EXT),,,UDV,,GEN,,WIN,Standard,GUI - forkortelse på statuslinjen
extended memory,,,extended memory,,GEN,,WIN,Standard,Memory over and above 1 MB?
extended selection,,,udvidet markering,,GEN,,WIN,Standard,"A selection technique that is optimized for selection of a single object or single range using contiguous selection techniques (that is, canceling any existing selection when a new selection is made).  However, it also supports modifying an existing selec"
extended selection list box,,,"liste, der tillader udvidet markering",,GEN,,WIN,Standard,"A list box that supports multiple selection, but is optimized for a selection of a single object or single range.  See also extended selection and list box.  "
feature,,,funktion/egenskab/facilitet/parameter,,GEN,,WIN,Standard,Generelt: software feature - facilitet
file,,,fil,,GEN,,WIN,Standard,
File ,f,,Filer  ,f,MNU,,WIN,Standard,GUI
file extension,,,filtypenavn,,GEN,,WIN,Standard,
file list box,,,filliste,,GEN,,WIN,Standard,
File Manager,,,Filhåndtering,,GEN,,WIN,Standard,GUI - program
File Name,n,,Filnavn ,n,TXB,,WIN,Standard,GUI
File not found.,,,Kan ikke finde filen.,,ERR,,WIN,Standard,
file series,,,filserie,,GEN,,WIN,Standard,
file type,,,filtype,,GEN,,WIN,Standard,
Find,f,,Søg,s,COM,,WIN,Standard,GUI
Find Next,f,,Find næste ,n,BUT,,WIN,Standard,GUI
Find What,n,,Søg efter ,s,TXB,,WIN,Standard,GUI
Finder,,,Finder,,GEN,,MAC,Standard,Macintosh
Finish,f,,Udfør,u,BUT,,WIN,Standard,Standardknap i guider
Finland,,,Finland,,GEN,,WIN,Standard,
Finnish,,,finsk,,GEN,,WIN,Standard,
flag,,,give besked/meddelelse om,,GEN,V,WIN,Standard,??
flag,,,flag,,GEN,N,WIN,Standard,
flag for,,,give besked/meddelelse om,,GEN,V,WIN,Standard,??
flash,,,blinke ,,GEN,V,WIN,Standard,
flexible disk,,,diskette,,GEN,,WIN,Standard,
floppy,,,diskette,,GEN,,WIN,Standard,
floppy disk,,,diskette,,GEN,,WIN,Standard,
folder,,,mappe,,GEN,,WIN,Standard,GUI  A type of container of objects (typically files).  
font,,,skrifttype,,GEN,,WIN,Standard,GUI  A set of attributes for characters.
Font,f,,Skrifttype ,s,TXB,,WIN,Standard,GUI
font box,,,skrifttypeboks,,GEN,,WIN,Standard,
font size,,,skriftstørrelse,,GEN,,WIN,Standard,The size of a font; typically represented in points.  
font size box,,,skriftstørrelsesboks,,GEN,,WIN,Standard,
Font Style,y,,Typografi ,t,TXB,,WIN,Standard,"GUI  The stylistic attributes of a font such as bold, italic, and underline. "
Fonts,,,Skrifttyper,,GEN,,WIN,Standard,re: setup
"For disk size in this carton, see top flap",,,Diskettestørrelse er angivet oven på pakken,,GEN,,WIN,Standard,See PACK.DOC
For distribution only with a new PC,,,Kun til nye PC'er,,GEN,,WIN,Standard,OEM. See also OEM.DOC
For distribution with networking hardware,,,Til netværkshardware,,GEN,,WIN,Standard,OEM. See also OEM.DOC
"For information on X, see X",,,Oplysninger om X finder du i X,,GEN,,WIN,Standard,documentation phrase
"For information on XXX, see ""YYY"", in ZZZ.",,,"Oplysninger om XXX finder du i afsnittet ""YYY"" i ZZZ.",,GEN,,WIN,Standard,
"For media information, see top flap",,,Medieinformation er angivet oven på pakken,,GEN,,WIN,Standard,See PACK.DOC
"For more information about XXX, see chapter 0 ""YYY"" in ZZZ.",,,"Yderligere oplysninger om XXX finder du i kapitel 0, ""YYY"", i ZZZ.",,GEN,,WIN,Standard,
"For product support, contact the manufacturer of your PC. Refer to the manual that came with your PC for the product-support telephone number.",,,Kontakt producenten af din computer for at få teknisk support. Telefonnummeret finder du i håndbogen til computeren. ,,GEN,,WIN,Standard,OEM. See also OEM.DOC
form feed,,,sideskift,,GEN,,WIN,Standard,
form feed character,,,sideskiftstegn,,GEN,,WIN,Standard,
format ,,,formatere ,,GEN,V,WIN,Standard,
Format ,t,,Formater  ,t,MNU,,WIN,Standard,GUI
FoxPro Files,,,FoxPro-filer,,GEN,,WIN,Standard,
France,,,Frankrig,,GEN,,WIN,Standard,
freeze,,,fryse,,GEN,V,WIN,Standard,GUI
Freeze Panes,f,,Frys ruder ,f,COM,,WIN,Standard,GUI
French,,,fransk,,GEN,,WIN,Standard,
From ,f,,Fra ,f,TXB,,WIN,Standard,GUI
Fucshia/Magenta,,,Lyslilla,,GEN,,WIN,Standard,
Full Menus,m,,Lange menuer ,m,COM,,WIN,Standard,GUI
function key,,,funktionstast,,GEN,,WIN,Standard,
Functions Reference,,,Funktioner,,GEN,,WIN,Standard,Navn på håndbog
gallery,,,galleri,,GEN,,WIN,Standard,GUI
Games,,,Underholdning,,GEN,,WIN,Standard,GUI - programgruppe i Windows
German,,,tysk,,GEN,,WIN,Standard,
Germany,,,Tyskland,,GEN,,WIN,Standard,
gesture,,,symbol,,GEN,,WIN,Standard,A set of lines (ink) drawn on the screen that is recognized and interpreted as a command or character.  See also ink.  
Get Edition Now,,,Hent udgave nu,,GEN,,MAC,Standard,Macintosh
Get Editions,,,Hent udgave,,GEN,,MAC,Standard,Macintosh
Getting Started,,,Introduktion,,GEN,,WIN,Standard,cbt
Getting started with...,,,Introduktion,,GEN,,WIN,Standard,Navn på håndbog
Glossary,g,,Leksikon  ,l,BUT,,WIN,Standard,GUI - i Hjælp
glyph,,,specialtegn,,GEN,,WIN,Standard,A generic term used to refer to any graphic or pictorial image such as may be used on a button or in a message box.  Compare icon.
Go To,,,Gå til,,BUT,,WIN,Standard,GUI
Go To,g,,Gå til,l,COM,,WIN,Standard,GUI
Goto/Gosub button,,,hopknap,,GEN,,WIN,Standard,GUI
GR_DA.LEX,,,GR_DA.LEX,,FIL,,WIN,Standard,
Graphical environment,,,Grafisk miljø,,GEN,,WIN,Standard,See PACK.DOC
grayed command,,,gråtonet kommando,,GEN,,WIN,Standard,GUI
Greater-than sign,,,større end-tegn,,GEN,,WIN,Standard,>
Greece,,,Grækenland,,GEN,,WIN,Standard,
Greek,,,græsk,,GEN,,WIN,Standard,
Green,,,Grøn,,GEN,,WIN,Standard,
Grey,,,Grå,,GEN,,WIN,Standard,
group,,,gruppere,,GEN,,WIN,Standard,GUI
group box,,,gruppeboks,,GEN,,WIN,Standard,GUI  A standard Windows control that can be used to group a set of controls.
group icon,,,gruppeikon,,GEN,,WIN,Standard,GUI
group window,,,gruppevindue,,GEN,,WIN,Standard,GUI
Guidelines,,,Retningslinjer,,GEN,,WIN,Standard,Alert message
handheld,,,bærbar,,GEN,,WIN,Standard,i forbindelse med hardware
handle,,,håndtere,,GEN,V,WIN,Standard,
handle,,,håndtag,,GEN,N,WIN,Standard,"An interface element added to an object that facilitates moving, sizing, reshaping, or other functions pertaining to an object.  "
Hard disk space required,,,Krævet plads på harddisken,,GEN,,WIN,Standard,See PACK.DOC
heavy,,,kraftig,,GEN,,WIN,Standard,
Hebrew,,,hebraisk,,GEN,,WIN,Standard,
height,,,højde,,GEN,,WIN,Standard,
Help,,,Hjælp,h,BUT,,WIN,Standard,GUI
Help,,,Hjælp,,GEN,,MAC,Standard,Macintosh
help,,,hjælpe,,GEN,V,WIN,Standard,
Help ,h,,Hjælp  ,h,MNU,,WIN,Standard,GUI
Help on Help,,,Hjælp om Hjælp,,GEN,,MAC,Standard,"Macintosh - note the second ""hjælp"" now start with uppercase - changed: July14/94"
help window,,,Hjælp-vindue,,GEN,,WIN,Standard,GUI
Hide,h,,Skjul  ,s,COM,,WIN,Standard,GUI
hide,,,skjule,,GEN,V,WIN,Standard,GUI
Hide active windows,,,Skjuler de aktive vinduer,,TXT,,WIN,Standard,status bar message
High density,,,high density,,GEN,,WIN,Standard,re: disks. See also DISKETTE.DOC
High memory,,,HIMEM,,,,,,Same as HIMEM
High resolution video adapter,,,Skærmkort til høj opløsning,,GEN,,WIN,Standard,See PACK.DOC
Higher microprocessor,,,Kraftigere mikroprocessor,,GEN,,WIN,Standard,See PACK.DOC
highlight,,,fremhæve,,GEN,V,WIN,Standard,
highlighted command,,,markeret kommando,,GEN,,WIN,Standard,
HIMEM,,,HIMEM,,,,,,First 64 KB of XMS.
Hint,,,Tip!,,GEN,,WIN,Standard,Alert message
Hint Bar,,,Tipboks,,GEN,,WIN,Standard,NT 3.5 - oct 94
History,t,,Oversigt ,o,BUT,,WIN,Standard,GUI - i Hjælp
hold,,,holde nede,,GEN,,WIN,Standard,"To continue pressing a keyboard key, mouse button, or pen tip at the same location.  "
HOME,,,HOME,,KEY,,WIN,Standard,GUI
horizontal scroll bar,,,vandret rullepanel,,GEN,,WIN,Standard,GUI
horizontal split bar,,,vandret delelinje,,GEN,,WIN,Standard,GUI
hot spot,,,aktivt punkt,,GEN,,WIN,Standard,"The specific portion of the pointer (or pointing device) that defines the exact location (or object) to which the user is pointing. Example: Help jump? For full explanation, see also Visual Basic 3.0 Help."
hot zone,,,aktiv zone,,GEN,,WIN,Standard,The area that a pointer’s (or pointing device’s) hot spot must be within to be considered to interact with a particular object or location.  
hotkey,,,hurtigtast,,GEN,,WIN,Standard,Tilføjet 12 juli94. Se også access key
hour ,,,tid / time,,GEN,,WIN,Standard,
hourglass,,,timeglas,,GEN,,WIN,Standard,GUI
How to use Help,h,,Brug af Hjælp  ,b,COM,,WIN,Standard,GUI
Hungarian,,,ungarsk,,GEN,,WIN,Standard,
Hungary,,,Ungarn,,GEN,,WIN,Standard,
HY_DA.LEX,,,HY_DA.LEX,,FIL,,WIN,Standard,
Hyphen,,,bindestreg,,GEN,,WIN,Standard,-
I beam,,,tekstmarkør,,GEN,,WIN,Standard,
I-beam pointer,,,tekstmarkør,,GEN,,WIN,Standard,GUI
Iceland,,,Island,,GEN,,WIN,Standard,
icon,,,ikon,,GEN,,WIN,Standard,GUI  A pictorial representation of an object.  Compare glyph.  
icon bar,,,ikonlinje,,GEN,,WIN,Standard,
Identifier,,,ID,,GEN,,WIN,Standard,fælleskøn (en ID)
ignore,,,ignorere,,GEN,V,WIN,Standard,
Important,,,Vigtigt!,,GEN,,WIN,Standard,Alert message
In This Chapter,,,I dette kapitel,,GEN,,WIN,Standard,documentation phrase
inactive,,,ikke-aktiv/inaktiv,,GEN,,WIN,Standard,The state of an object where the user’s input is not being directed.
inactive window,,,ikke-aktivt vindue,,GEN,,WIN,Standard,GUI
Increase Speed (by 100%),n,,Forøg hastigheden (med 100%),f,COM,,WIN,Standard,GUI
Increase Volume (by 25%),i,,Forøg lydstyrken (med 25%),ø,COM,,WIN,Standard,GUI
index,,,indeks,,GEN,,WIN,Standard,"There er two possible plural forms for ""indeks"". This the one MS uses."
Indonesia,,,Indonesien,,GEN,,WIN,Standard,
information,,,oplysninger/information/data,,GEN,,WIN,Standard,
information message,,,meddelelse,,GEN,,WIN,Standard,GUI
ink,,,pennestrøg,,GEN,,WIN,Standard,"The unrecognized, freehand drawing of lines on the screen with a pen"
ink edit ,,,pennestrøgsredigering,,GEN,,WIN,Standard,A standard Windows control for input and editing of “ink.”  See also ink.
input,,,input,,GEN,,WIN,Standard,"et input, inputtet, input, inputtene"
INS,,,INS,,KEY,,WIN,Standard,GUI
Insert,i,,Indsæt,i,MNU,,WIN,Standard,GUI
Insert ,,,Indsæt  ,i,COM,,WIN,Standard,GUI
Insert File,,,Indsæt fil,f,COM,,WIN,Standard,GUI
Insert Object,o,,Indsæt objekt,t,COM,,WIN,Standard,GUI
Insert Setup disk in drive A,,,Indsæt disketten Installation i drev A,,GEN,,WIN,Standard,re: setup
insertion point,,,indsætningspunkt,,GEN,,WIN,Standard,GUI  The location where text or graphics will be inserted.  
instability,,,ustabilitet,,GEN,,WIN,Standard,
Installation,,,Installation,,GEN,,WIN,Standard,re: disks. See also DISKETTE.DOC
Installation Disk,,,Installation,,GEN,,WIN,Standard,re: setup
Installation Guide,,,Installationshåndbog,,GEN,,WIN,Standard,Navn på håndbog
Installer,,,Installering,,GEN,,MAC,Standard,Macintosh
Installer script,,,Installeringsinstruks,,GEN,,MAC,Standard,Macintosh
instructions,,,vejledning/instruktioner,,GEN,,WIN,Standard,
Insufficient memory.,,,Der er ikke hukommelse nok.,,ERR,,WIN,Standard,
IntelliSense,,,IntelliSense,,GEN,,WIN,Standard,Office term - do not localize
interrupt,,,interrupt,,GEN,,WIN,Standard,"et interrupt, interruptet, interrupt, interruptene"
Ireland,,,Irland,,GEN,,WIN,Standard,
Irish English,,,engelsk (irsk),,GEN,,WIN,Standard,
Israel,,,Israel,,GEN,,WIN,Standard,
Italian (110 x 230 mm),,,Italiensk  (110 x 230 mm),,GEN,,WIN,Standard,See ENVELOPE.DOC
Italian Envelope,,,Italiensk konvolut,,GEN,,WIN,Standard,See ENVELOPE.DOC
italic,i,,kursiv ,k,GEN,,WIN,Standard,GUI
Italy,,,Italien,,GEN,,WIN,Standard,
item ,,,objekt/emne/punkt/element,,GEN,,WIN,Standard,
Japan,,,Japan,,GEN,,WIN,Standard,
Japanese,,,japansk,,GEN,,WIN,Standard,
job,,,job,,GEN,,WIN,Standard,"et job, jobbene, jobbet, job"
job,,,job,,GEN,,WIN,Standard,
justified,j,,lige margener ,l,GEN,,WIN,Standard,GUI
kapacity,,,kapacitet,,GEN,,WIN,Standard,
KB,,,KB,,GEN,,WIN,Standard,
KB ,,,KB,,GEN,,WIN,Standard,(e.g. 720 KB)
Keyboard,,,Tastatur ,t,COM,,WIN,Standard,GUI
Keyboard shortcuts,,,Genvejstaster,,GEN,,WIN,Standard,documentation title
keystroke,,,tastetryk/indtastning,,GEN,,WIN,Standard,
Kit No,,,Pakke nr.,,GEN,,WIN,Standard,See PACK.DOC
Korea,,,Korea,,GEN,,WIN,Standard,
Korean,,,koreansk,,GEN,,WIN,Standard,
label,,,etiket/mærke,,GEN,,WIN,Standard,
label ,,,etiket,,GEN,,WIN,Standard,GUI  The text or graphics associated with a control (sometimes referred to as a caption). 
label ,,,navngive,,GEN,V,WIN,Standard,
LAN (Local Area Network),,,LAN (Local Area Network) (lokalnet),,GEN,,WIN,Standard,
Landscape,l,,Liggende ,l,OPT,,WIN,Standard,"GUI  An orientation where the long dimension of a rectangular area (for example, screen or paper) is horizontal.  "
Laptop (Minimum) Installation,,,Minimuminstallation,,GEN,,WIN,Standard,
laptop installation,,,minimuminstallation,,GEN,,WIN,Standard,
Later in this chapter,,,Senere i dette kapitel,,GEN,,WIN,Standard,
Latvia,,,Letland,,GEN,,WIN,Standard,
Learning Guide,,,Lektioner,,GEN,,WIN,Standard,Navn på håndbog
left aligned,l,,venstrejusteret,v,GEN,ADJ,WIN,Standard,GUI
LEFT ARROW,,,VENSTRE PIL,,KEY,,WIN,Standard,GUI
left margin,,,venstremargen,,GEN,,WIN,Standard,
left scroll arrow,,,venstre rullepil,,GEN,,WIN,Standard,GUI
left window border,,,venstre vinduesramme,,GEN,,WIN,Standard,GUI
leftmost,,,yderst til venstre,,GEN,,WIN,Standard,
Less-than sign,,,mindre end-tegn,,GEN,,WIN,Standard,<
level,,,niveau,,GEN,,WIN,Standard,
Licence Agreement,,,Licensaftale,,GEN,,WIN,Standard,
licensed,,,licenseret,,GEN,ADJ,WIN,Standard,
licensed copies,,,antal licenserede kopier,,GEN,,WIN,Standard,Imprint text for packaging. See Lingua server \standard\legal\imprint
licensee,,,licenstager,,GEN,N,WIN,Standard,
Lime/Green,,,Lysegrøn,,GEN,,WIN,Standard,
line,,,linje,,GEN,,WIN,Standard,There are two possible spellings of this word. This the one MS uses.
Line (Ln),,,Li,,GEN,,WIN,Standard,GUI - forkortelse på statuslinjen
line break,,,linjeskift,,GEN,,WIN,Standard,
line style,,,linjetypografi,,GEN,,WIN,Standard,
line wrap,,,tekstombrydning,,GEN,,WIN,Standard,
link,,,kæde sammen,,GEN,V,WIN,Standard,GUI  (v.) To form a connection between two objects.  (n.) A reference to an object that is linked to another object
link,,,kæde,,GEN,N,WIN,Standard,
linked object,,,sammenkædet objekt,,GEN,,WIN,Standard,GUI
linked text and list box,,,kombineret tekstboks/liste,,GEN,,WIN,Standard,GUI
list,,,liste/oversigt/opstilling,,GEN,N,WIN,Standard,
list box,,,liste,,GEN,,WIN,Standard,GUI  A standard Windows control that displays a list of choices.
List Files of Type,t,,Filtype ,t,DIA,,WIN,Standard,GUI
list separator,,,listeseparator,,GEN,,WIN,Standard,
Lithuania,,,Litauen,,GEN,,WIN,Standard,
load,,,indlæse ,,GEN,V,WIN,Standard,
locales,,,landestandarder,,GEN,n,WIN,Standard,
Localised Dictionary,,,Danish Dictionary,,GEN,,MAC,Standard,Macintosh - See NAMES.DOC
Localised Thesaurus,,,Danish Thesaurus,,GEN,,MAC,Standard,Macintosh - See NAMES.DOC
localization,,,lokalisering,,GEN,,WIN,Standard,"The process of adapting software for different countries, languages, or cultures."
Lotus 1-2-3,,,Lotus 1-2-3,,GEN,,WIN,Standard,
loud speaker,,,højttaler,,GEN,,WIN,Standard,"There are two possible spellings of ""højttaler"". This the one MS uses."
Low density,,,low density,,GEN,,WIN,Standard,re: disks. See also DISKETTE.DOC
lower memory,,,konventionel hukommelse,,GEN,,WIN,Standard,Same as conventional memory.
LtAqua,,,Aqua/Cyan,,GEN,,WIN,Standard,
LtBlue,,,Blue,,GEN,,WIN,Standard,
LtGreen,,,Lime/Green,,GEN,,WIN,Standard,
LtGrey,,,Silver,,GEN,,WIN,Standard,
LtPurple,,,Fucshia/Magenta,,GEN,,WIN,Standard,
LtRed,,,Red,,GEN,,WIN,Standard,
LtYellow,,,Yellow,,GEN,,WIN,Standard,
Macintosh System User's Manual,,,Macintosh Brugerhåndbog,,GEN,,MAC,Standard,oplyst af Apple - juni 1994
Macro ,m,,Makro  ,m,MNU,,WIN,Standard,GUI
Macro Recorder on (REC),,,INDS,,GEN,,WIN,Standard,GUI - forkortelse på statuslinjen
Made in Ireland,,,Made in Ireland,,GEN ,,WIN,Standard,See PACK.DOC
Main,,,Systemgruppe,,GEN,,WIN,Standard,GUI - programgruppe i Windows
main application,,,hovedprogram,,GEN,,WIN,Standard,GUI
main document,,,hoveddokument,,GEN,,WIN,Standard,GUI
Maintenance Installation,,,Vedligeholdelsesinstallation,,GEN,,WIN,Standard,
make backup file,,,lave sikkerhedskopi,,GEN,V,WIN,Standard,
manual link,,,manuel kæde,,GEN,,WIN,Standard,GUI
Manual version x.x,,,Version x.x,,GEN,,WIN,Standard,See PACK.DOC
mapping,,,afbildning,,GEN,,WIN,Standard,"WinNT - I forbindelse med hukommelsesstyring. Den virtuelle hukommelse, man har til rådighed bliver afbildet på den fysiske RAM hukommelse og harddisken. Bruges også i forbindelse med gemning af (afbildning af) nyligt brugte filer i RAM hukommelsen"
mapping,,,mapping,,GEN,,WIN,Standard,"WinNT - I forb. med fx TCP/IP-netværksprotokollen taler man om mapping ved de tabeller, protokollen slår op i for at finde en maskines IP adresse på netværket så den kan sende data til maskinen, som evt. er på et andet netværkssegment end afsenderen "
margin,,,margen,,GEN,,WIN,Standard,There are two possible spellings of this word. This the one MS uses.
mark ,,,markere,,GEN,V,WIN,Standard,GUI
mark ,,,mærke,,GEN,N,WIN,Standard,
Maroon,,,Rødbrun,,GEN,,WIN,Standard,
Match Case,c,,Forskel på store og små bogstaver ,b,CHX,,WIN,Standard,GUI
Match Whole Word Only,w,,Kun hele ord ,k,CHX,,WIN,Standard,GUI
matrix,,,martrixer,,GEN,,WIN,Standard,"There er two possible plural forms for ""matrixer"". This the one MS uses."
Maximize,x,,Maksimer  ,m,COM,,WIN,Standard,GUI 
maximize,,,maksimere,,GEN,V,WIN,Standard,To make a window its largest size.  See also minimize.
Maximize button,,,knappen Maksimer,,BUT,,WIN,Standard,GUI
maximize button,,,maksimeringsknap,,BUT,,WIN,Standard,
maximum xxx,,,maksimumxxx (uden s),,GEN,,WIN,Standard,"I sammensætninger bruges with maksimum og minimum uden ""s"" i en sammensætningsfuge. Eksempel: Minimuminstallation"
MB,,,MB,,GEN,,WIN,Standard,(e.g. 1.2 MB)
MDI ,,,MDI,,GEN,,WIN,Standard,See multiple document interface.
Media control interface device,,,Media control interface-enhed (MCI),,GEN,,WIN,Standard,See PACK.DOC
Media Player,,,Medieafspiller,,GEN,,WIN,Standard,GUI - program
medium,,,medium/mellem,,GEN,,WIN,Standard,
MELP,,,MELP,,GEN,,WIN,Standard,Microsoft Enterprise License Pak (må ikke oversættes!)
menu,,,menu,,GEN,,WIN,Standard,GUI  A list of textual or graphical choices from which a user can choose.  See also drop-down menu and pop-up menu.
menu bar,,,menulinje,,GEN,,WIN,Standard,GUI  A horizontal bar at the top of a window (below the title bar) that contains menus.  See also drop-down menu.
menu button,,,menuknap,,GEN,,WIN,Standard,A command button that is used to display a menu.  
menu command,,,menukommando,,GEN,,WIN,Standard,GUI
menu item,,,menupunkt,,GEN,,WIN,Standard,A choice on a menu.
menu name,,,menunavn,,GEN,,WIN,Standard,GUI
menu option,,,menupunkt,,GEN,,WIN,Standard,
menu title,,,menutitel,,GEN,,WIN,Standard,"A textual or graphic label that designates a particular menu.  For drop-down menus, the title is the entry in the menu bar; for cascading menus the menu title is the name of its parent menu item.  "
message,,,meddelelse,,GEN,,WIN,Standard,GUI
message bar,,,meddelelsesfelt,,GEN,,WIN,Standard,
message box,,,meddelelsesboks,,GEN,,WIN,Standard,GUI  A secondary window that is displayed to inform a user about a particular condition.
message line,,,meddelelseslinje,,GEN,,WIN,Standard,GUI
Mexican Spanish,,,spansk (mexicansk),,GEN,,WIN,Standard,
Mexico,,,Mexico,,GEN,,WIN,Standard,
mice,,,mus,,GEN,,WIN,Standard,
Microsoft and MS-DOS are either registered trademarks or trademarks of Microsoft Corporation in USA and/or other countries.,,,Microsoft og MS-DOS er enten registrerede varemærker eller varemærker tilhørende Microsoft Corporation i USA og/eller andre lande.,,GEN,,WIN,Standard,See also LEGAL.DOC
Microsoft customer service,,,Microsoft Salgssupport,,GEN,,WIN,Standard,
Microsoft Draw,,,Microsoft Draw,,GEN,,WIN,Standard,Programnavn
Microsoft Enterprise License Pak,,,Microsoft Enterprise License Pak,,GEN,,WIN,Standard,fork.: MELP
Microsoft Equation,,,Microsoft Equation Editor,,GEN,,WIN,Standard,
Microsoft Equation 1.0,,,Microsoft Equation 1.0,,GEN,,WIN,Standard,
Microsoft Equation 2.0,,,Microsoft Equation 2.0,,GEN,,WIN,Standard,
Microsoft Equation Editor 2.0,,,Microsoft Equation Editor 2.0,,GEN,,WIN,Standard,
Microsoft Excel Worksheet,,,Microsoft Excel-regneark,,GEN,,WIN,Standard,
Microsoft Graph,,,Microsoft Graph,,GEN,,WIN,Standard,Programnavn
Microsoft Help,,,Microsoft Hjælp,,GEN,,MAC,Standard,Macintosh
Microsoft Help Bookmarks,,,Microsoft Hjælp-bogmærker,,GEN,,MAC,Standard,Macintosh
Microsoft Help Preferences,,,Microsoft Hjælp-indstillinger,,GEN,,MAC,Standard,Macintosh
Microsoft License Pak,,,Microsoft License Pak,,GEN,,WIN,Standard,fork.: MLP
Microsoft Magasinet,,,Microsoft Magasinet,,GEN,,WIN,Standard,Danish Subsidiary magazine. No us equivalent.
Microsoft Mouse,,,Microsoft Mouse,,GEN,,WIN,Standard,
Microsoft Mouse or compatible pointing device,,,Microsoft Mouse eller kompatibelt pegeredskab,,GEN,,WIN,Standard,See PACK.DOC
Microsoft Multi-License Pak,,,Microsoft Multi-License Pak,,GEN,,WIN,Standard,fork.: MMLP
Microsoft Organization Chart,,,Microsoft Organisationsdiagram,,,,,,
Microsoft product repair and replacement plan,,,See comment,,GEN,,WIN,Standard,N/A for Danish. Use reference to Microsoft User Group (MUG)
Microsoft Product Support,,,Microsoft Produktsupport,,GEN,,WIN,Standard,
Microsoft Publisher 2.0,,,Microsoft Publisher 2.0,,GEN,,WIN,Standard,
Microsoft Support Network,,,Microsoft Support Network,,GEN,,WIN,Standard,Name of PSS user group for nordic countries. In DK_PSS.DOC and should be in all readme files. Do not loc.
Microsoft User Group (MUG),,,Microsoft User Group (MUG),,GEN,,WIN,Standard,Danish Subsidiary User support. No US equivalent.
Microsoft Variable License Pak,,,Microsoft Variable License Pak,,GEN,,WIN,Standard,fork.: MVLP
Microsoft Windows graphical environment version 3.0 or later (must be acquired separately),,,Microsoft Windows grafisk miljø version 3.0 eller nyere (sælges særskilt),,GEN,,WIN,Standard,See PACK.DOC
Microsoft Word 6.0 Document,,,Microsoft Word 6.0-dokument,,GEN,,WIN,Standard,
Microsoft Word 6.0 Picture,,,Microsoft Word 6.0-billede,,GEN,,WIN,Standard,
Microsoft Word Picture,,,Microsoft Word-billede,,GEN,,WIN,Standard,
Microsoft Word Setup,,,Microsoft Word Installation,,GEN,,WIN,Standard,
Microsoft WordArt,,,Microsoft WordArt,,GEN,,WIN,Standard,
Microsoft WordArt 2.0,,,Microsoft WordArt 2.0,,GEN,,WIN,Standard,
Microsoft Works for MS-DOS,,,Microsoft Works til MS-DOS,,GEN,,WIN,Standard,
Microsoft Works for Windows 2.0,,,Microsoft Works til Windows 2.0,,GEN,,WIN,Standard,
MIDI Sequencer,,,MIDI-sequencer,,GEN,,WIN,Standard,GUI
Minimize,n,,Minimer  ,i,COM,,WIN,Standard,GUI
Minimize button,,,knappen Minimer,,BUT,,WIN,Standard,GUI
minimize button,,,minimeringsknap,,BUT,,WIN,Standard,To minimize the size of a window; in some cases this means to hide the window.  See also maximize.  
minimum installation,,,minimuminstallation,,GEN,,WIN,Standard,
minimum xxx,,,minimumxxx (uden s),,GEN,,WIN,Standard,"I sammensætninger bruges with maksimum og minimum uden ""s"" i en sammensætningsfuge. Eksempel: Minimuminstallation"
Minus sign,,,minustegn,,GEN,,WIN,Standard,-
minute ,,,minut ,,GEN,,WIN,Standard,
Mix with File,,,Mix med fil,m,COM,,WIN,Standard,GUI
mixed-value,,,blandet værdi,,GEN,,WIN,Standard,The state and appearance of a control when it reflects the values of a multiple selection are different.  
MLP,,,MLP,,GEN,,WIN,Standard,Microsoft License Pak (må ikke oversættes!)
MMLP,,,MMLP,,GEN,,WIN,Standard,Microsoft Multi-License Pak (må ikke oversættes!)
modal,,,modal,,GEN,,WIN,Standard,Restrictive or limiting interaction; operating in a mode.  It is often used to describe a secondary window that restricts the user’s interaction with other windows.  A secondary window may be modal with respect to its primary window or to the entire syste
mode,,,tilstand,,GEN,,WIN,Standard,"A particular state of interaction, often exclusive in some way to other forms of interaction."
modeless,,,tilstandsuafhængig,,GEN,,WIN,Standard,Not restrictive or limiting interaction.   It is often used to describe a secondary window that does not restrict the user’s interaction with other windows.  Compare modal.
Modern Spanish,,,spansk (moderne),,GEN,,WIN,Standard,
modifier key,,,ændringstast,,GEN,,WIN,Standard,"A keyboard key that when pressed, changes the actions of normal input."
Monarch (3 7/8 x 7 \xBD in),,,Monarch  (3 7/8 x 7 1/2 in),,GEN,,WIN,Standard,See ENVELOPE.DOC
Monarch Envelope,,,Monarch-konvolut,,GEN,,WIN,Standard,See ENVELOPE.DOC
month,,,måned,,GEN,,WIN,Standard,
More,,,Mere,,BUT,,WIN,Standard,GUI
Mouse,,,Mus ,m,COM,,WIN,Standard,"GUI  A commonly used input device that has one or more buttons that can be used to interact with a computer.  It is also used as a generic term to include other pointing devices that operate similarly (for example, trackballs)."
mouse pointer,,,musmarkør,,GEN,,WIN,Standard,GUI
Move,m,,Flyt  ,f,COM,,WIN,Standard,GUI
move,,,flytte,,GEN,V,WIN,Standard,GUI
"Move, size, or close window",,,"Flytter, tilpasser eller lukker vinduet",,TXT,,WIN,Standard,status bar message
Moves the window to another position,,,Flytter vinduet,,TXT,,WIN,Standard,Status bar description
MS Access Databases,,,MS Access-databaser,,GEN,,WIN,Standard,
MS DOS,,,MS-DOS,,GEN,,WIN,Standard,
MS File Updater,,,MS Filopdatering,,GEN,,MAC,Standard,Macintosh
MS Note-It,,,MS Note-It,,GEN,,WIN,Standard,Programnavn
MS WordArt,,,MS WordArt,,GEN,,WIN,Standard,Programnavn
MS-DOS,,,MS-DOS,,GEN,,WIN,Standard,
MS-DOS operating system ,,,MS-DOS Operativsystem,,GEN,,WIN,Standard,See PACK.DOC
MS-DOS operating system version 3.1 or later (MS-DOS version 5.0 or later recommended),,,MS-DOS Operativsystem 3.1 eller nyere (MS-DOS version 5.0 eller nyere anbefales),,GEN,,WIN,Standard,See PACK.DOC
MS-DOS Prompt,,,MS-DOS-prompt,,GEN,,WIN,Standard,GUI - program
MS-DOS series,,,MS-DOS-serien,,GEN,,WIN,Standard,re: disks. See also DISKETTE.DOC
MS-DOS Text with Layout,,,MS-DOS-tekst med layout,,GEN,,WIN,Standard,
MultiMate 3.3,,,MultiMate 3.3,,GEN,,WIN,Standard,
MultiMate 4.0,,,MultiMate 4.0,,GEN,,WIN,Standard,
MultiMate Adv II,,,MultiMate Adv II,,GEN,,WIN,Standard,
MultiMate Advantage,,,MultiMate Advantage,,GEN,,WIN,Standard,
Multiplan,,,Multiplan,,GEN,,WIN,Standard,
Multiple Document Interface,,,Multiple Document Interface (MDI),,GEN,,WIN,Standard,A technique for managing a set of windows whereby documents are opened into windows (sometimes called child windows) that are constrained to a single primary (parent) window.  
multiple selection list box,,,"liste, der tillader kompleks markering",,GEN,,WIN,Standard,"A list box that is optimized for making multiple, independent selections.  Compare extended selection list box."
Must be purchased separately,,,Sælges særskilt,,GEN,,WIN,Standard,See PACK.DOC
Must be required separately,,,Sælges særskilt,,GEN,,WIN,Standard,See PACK.DOC
MVLP,,,MVLP,,GEN,,WIN,Standard,Microsoft Variable License Pak (må ikke oversættes!)
n/a,,,ikke tilgængelig,,GEN,,WIN,Standard,"abbrev. for ""not available"""
name,,,navn,,GEN,,WIN,Standard,
Name of New Edition,,,Navn på ny udgave,,GEN,,MAC,Standard,Macintosh
Navy,,,Marineblå,,GEN,,WIN,Standard,
Netherlands,,,Holland,,GEN,,WIN,Standard,
network,,,netværk,,GEN,,WIN,Standard,
network adapter,,,netværkskort,,GEN,,WIN,Standard,"det samme som ""network card"""
Network Administrator's Guide,,,Netværkshåndbog,,GEN,,WIN,Standard,Navn på håndbog
network card,,,netværkskort,,GEN,,WIN,Standard,
New,n,,Ny,n,COM,,WIN,Standard,GUI - før: Ny(t)
New window,n,,Nyt vindue  ,n,COM,,WIN,Standard,GUI
New Zealand,,,New Zealand,,GEN,,WIN,Standard,
New Zealand English,,,engelsk (newzealandsk),,GEN,,WIN,Standard,
Next,n,,Næste,n,BUT,,WIN,Standard,Standardknap i guider
Next,t,,Næste  ,n,COM,,WIN,Standard,GUI
Next Window,,,Næste vindue  ,v,COM,,WIN,Standard,GUI
No,,,Nej,,BUT,,WIN,Standard,GUI
none,,,ingen/intet,,GEN,,WIN,Standard,
Norway,,,Norge,,GEN,,WIN,Standard,
Norwegian - Bokmål,,,norsk (bokmål),,GEN,,WIN,Standard,
Norwegian - Nynorsk,,,norsk (nynorsk),,GEN,,WIN,Standard,
NOT,,,IKKE,,FUN,,WIN,Standard,
Not enough disk space.,,,Der er ikke diskplads nok.,,ERR,,WIN,Standard,
Not enough memory available.,,,Der er ikke hukommelse nok.,,ERR,,WIN,Standard,
Not enough memory.,,,Der er ikke hukommelse nok.,,ERR,,WIN,Standard,
Note,,,Bemærk!,,GEN,,WIN,Standard,Alert message
Notepad,,,Notesblok,,GEN,,WIN,Standard,GUI - program
NUM LOCK,,,NUM LOCK,,KEY,,WIN,Standard,GUI
Num Lock on (NUM),,,NUM,,GEN,,WIN,Standard,GUI - forkortelse på statuslinjen
NUM PLUS,,,NUM +,,KEY,,WIN,Standard,
NUM SUB,,,NUM -,,KEY,,WIN,Standard,
Number,n,,Tal,l,COM,,WIN,Standard,GUI
Number sign,,,nummertegn,,GEN,,WIN,Standard,#
numeric keypad,,,numerisk tastatur,,GEN,,WIN,Standard,
NUMMULT,,,NUM *,,KEY,,WIN,Standard,
NUMPAD *,,,NUM *,,KEY,,WIN,Standard,
NUMPAD +,,,NUM +,,KEY,,WIN,Standard,
NUMPAD -,,,NUM -,,KEY,,WIN,Standard,
NUMPAD /,,,NUM /,,KEY,,WIN,Standard,
NUMPAD ENTER,,,NUM ENTER,,KEY,,WIN,Standard,
Object,b,,Objekt,b,COM,,WIN,Standard,GUI
object,,,objekt,,GEN,,WIN,Standard,"GUI  An entity or component identifiable by the user that may be distinguished by its properties, operations, and relationships.  "
object linking & embedding (OLE),,,objektsammenkædning og -integrering (OLE),,GEN,,WIN,Standard,GUI  The name that describes the technology and interface for implementing support for object interaction. 
Object Packager,,,Objektpakning,,GEN,,WIN,Standard,GUI - program
OEM,,,computerproducenten,,GEN,,WIN,Standard,Original Equiment Manufacturer
off,,,(slået) fra,,GEN,,WIN,Standard,
OfficeLinks,,,OfficeLinks,,GEN,,WIN,Standard,Office term - do not localize
OFREADME.HLP,,,OFVIGTIG.HLP,,FIL,,WIN,Standard,Office readme
OK,,,OK,o,BUT,,WIN,Standard,GUI
OLE (Object Linking & Embedding),,,OLE (Object Linking & Embedding),,GEN,,WIN,Standard,GUI
OLE application,,,OLE-program,,GEN,,WIN,Standard,GUI
Ole Automation,,,Ole Automation,,GEN,,WIN,Standard,Do not localize - sub decision
OLE DLL,,,OLE-systemets DLL-biblioteker,,GEN,,WIN,Standard,
Olive/LtBrown,,,Olivengrøn,,GEN,,WIN,Standard,
on ,,,tilsluttet/til,,GEN,,WIN,Standard,
on-line,,,online,,GEN,,WIN,Standard,
One moment please... You are about to see a demonstration. Watch as XXX performs each step for you.,,,"Vent et øjeblik... Der vil nu blive vist en demonstration, hvor XXX gennemgår hvert enkelt trin for dig.",,GEN,,WIN,Standard,CBT opening screen
Open,o,,Åbn  ,b,COM,,WIN,Standard,GUI
open,,,åbne,,GEN,V,WIN,Standard,
Open Publisher,,,Åbn udgiver,,GEN,,MAC,Standard,Macintosh
Opening chevron,,,«-tegn,,GEN,,WIN,Standard,« 
Opens existing document,,,Åbner et eksisterende dokument,,TXT,,WIN,Standard,status bar message
Operating Systems Plus Enhanced Tools,,,Operativsystemer og avancerede værktøjer,,GEN,,WIN,Standard,Descriptor for cover page for OEM manuals. See also OEM.DOC
operation,,,handling,,GEN,,WIN,Standard,A generic term used to refer to the actions that can be done to or with an object.  
operator intervention,,,brugerindblanding,,GEN,,WIN,Standard,
OPTION,,,ALTERNATIV,,KEY,,MAC,Standard,Macintosh key name
option button,,,alternativknap,,GEN,,WIN,Standard,GUI  A standard Windows control that allows the user to select from a fixed set of mutually exclusive choices (also known as a radio button).  Compare check box.
option button group,,,gruppe af alternativknapper,,GEN,,WIN,Standard,GUI
Options,,,Indstillinger,,BUT,,WIN,Standard,GUI
Options,,,Anbefalet ekstraudstyr,,GEN,,WIN,Standard,See PACK.DOC
Options,o,,Indstillinger  ,i,MNU,,WIN,Standard,GUI
OR,,,ELLER,,FUN,,WIN,Standard,
Or later,,,Eller nyere,,GEN,,WIN,Standard,See PACK.DOC
ORACLE RDBMS,,,ORACLE-relationsdatabasesystem,,GEN,,WIN,Standard,
Orientation,,,Papirretning,,DIA,,WIN,Standard,GUI
Out of memory,,,Der er ikke mere hukommelse,,ERR,,WIN,Standard,
output,,,output,,GEN,,WIN,Standard,"et output, outputtet, output, outputtene"
output,,,output,,GEN,,WIN,Standard,
outside bar ,,,yderlinje ,,GEN,,WIN,Standard,
overlapping windows,,,overlappende vinduer,,GEN,,WIN,Standard,
Overtype on (OVR),,,OVR,,GEN,,WIN,Standard,GUI - forkortelse på statuslinjen
package,,,objektpakke,,GEN,,WIN,Standard,GUI
page,,,side,,GEN,,WIN,Standard,
Page (Pg),,,Si,,GEN,,WIN,Standard,GUI - forkortelse på statuslinjen
Page Setup,t,,Sideopsætning ,i,COM,,WIN,Standard,GUI
page setup,,,sideopsætning,,GEN,,WIN,Standard,
Pages,p,,Sider ,s,OPT,,WIN,Standard,GUI
Paintbrush,,,Paintbrush,,GEN,,WIN,Standard,Programnavn
Paintbrush Picture,,,Paintbrush-billede,,GEN,,WIN,Standard,
Pakistan,,,Pakistan,,GEN,,WIN,Standard,
palette,,,palet,,GEN,,WIN,Standard,GUI
palmtop,,,palmtop,,GEN,,WIN,Standard,computertype
pane,,,rude,,GEN,,WIN,Standard,GUI  One of the separate areas in a split window.  
paper jam,,,papirstop,,GEN,n,WIN,Standard,
Paper Size,z,,Størrelse ,ø,DIA,,WIN,Standard,GUI
Paradox Files,,,Paradox-filer,,GEN,,WIN,Standard,
Paragraph,p,,Afsnit,a,COM,,WIN,Standard,GUI
Paragraph mark,,,afsnitstegn,,GEN,,WIN,Standard,
parallel,,,parallel ,,GEN,,WIN,Standard,
Parenthesis,,,parentes,,GEN,,WIN,Standard,( )
Part No.,,,Artikelnr. ,,GEN,,WIN,Standard,Copyright page i doc
password,,,adgangskode,,GEN,,WIN,Standard,
Paste,p,,Sæt ind  ,n,COM,,WIN,Standard,GUI
paste,,,sætte ind,,GEN,,WIN,Standard,GUI
Paste Link,l,,Indsæt kæde,e,COM,,WIN,Standard,GUI
Paste Special,s,,Indsæt speciel,p,COM,,WIN,Standard,GUI
path,,,sti,,GEN,,WIN,Standard,
PAUSE ,,,PAUSE,,KEY,,WIN,Standard,GUI
PC,,,PC,,GEN,,WIN,Standard,
Percent sign,,,procenttegn,,GEN,,WIN,Standard,%
Personal Computer,,,PC,,GEN,,WIN,Standard,
"Personal computer using 80286, 80386 or higher microprocessor",,,"En PC med 80286, 80386 eller kraftigere mikroprocessor",,GEN,,WIN,Standard,See PACK.DOC
Personal Envelope,,,Personlig konvolut,,GEN,,WIN,Standard,See ENVELOPE.DOC
PG DN,,,PGDN,,KEY,,WIN,Standard,GUI
PG UP,,,PGUP,,KEY,,WIN,Standard,GUI
PIF Editor,,,PIF-editor,,GEN,,WIN,Standard,GUI - program
Pipe,,,|-tegn,,GEN,,WIN,Standard,|
placeholder,,,pladsholder,,GEN,,WIN,Standard,"NU: inkonsekvens mellem Word, Excel og Access. Bør være pladsholder i næste version af Excel.??"
platform,,,system,,GEN,,WIN,Standard,#NAME?
Please insert the disk.,,,Indsæt disketten.,,TXT,,WIN,Standard,
Plug and Play,,,Plug and Play,,GEN,,WIN,Standard,Device installation term. Not localized
Plus sign,,,plustegn,,GEN,,WIN,Standard,
Plus-or-minus sign,,,plusminustegn,,GEN,,WIN,Standard,±
Pocket Guide,,,Lommehåndbog,,GEN,,WIN,Standard,Navn på håndbog
point ,,,punkt,,GEN,N,WIN,Standard,"måleenhed. Bemærk! points = punkt i forbindelse med punktstørrelser, f.eks. 12 punkt.  A unit of measurement for type (1 point equals approximately 1/72 inch).  "
point at,,,pege på,,GEN,V,WIN,Standard,GUI
point-and-click ,,,pege og klikke,,GEN,V,WIN,Standard,
pointer,,,markør,,GEN,,WIN,Standard,GUI  A graphic image displayed on the screen that indicates the location of a pointing device (sometimes called a cursor). 
Pointing device,,,Pegeredskab,,GEN,,WIN,Standard,See PACK.DOC
Poland,,,Polen,,GEN,,WIN,Standard,
Polish,,,polsk,,GEN,,WIN,Standard,
pop-up menu,,,pop-up-menu,,GEN,,WIN,Standard,
pop-up window,,,pop-up-vindue,,GEN,,WIN,Standard,
Portrait,r,,Stående ,s,OPT,,WIN,Standard,"GUI  An orientation where the long dimension of a rectangular area (for example, screen or paper) is vertical. "
Portugal,,,Portugal,,GEN,,WIN,Standard,
Portuguese,,,portugisisk,,GEN,,WIN,Standard,
position pointer,,,placeringsmarkør,,GEN,,WIN,Standard,
PPREADME.HLP,,,PPVIGTIG.HLP,,FIL,,WIN,Standard,PowerPoint readme
Preferences,,,Indstillinger,i,COM,,WIN,Standard,GUI
press,,,trykke på,,GEN,V,WIN,Standard,"To depress a mouse button, depress and release a keyboard key, or to place the tip of a pen to the screen. "
press and hold down,,,trykke på og holde nede,,GEN,V,WIN,Standard,GUI
primary window,,,primært vindue,,GEN,,WIN,Standard,"A window in which the main interaction takes place.  Typically, the primary window is a document window.  See also document window."
Print,p,,Udskriv,u,COM,,WIN,Standard,GUI
print job,,,printjob,,GEN,,WIN,Standard,
Print Manager,,,Udskriftsstyring,,GEN,,WIN,Standard,GUI - program
Print Preview,v,,Vis udskrift  ,v,COM,,WIN,Standard,GUI
Print Quality,q,,Kvalitet ,v,DIA,,WIN,Standard,GUI
Print Range,,,Udskriftsområde,,DIA,,WIN,Standard,GUI
PRINT SCREEN,,,PRINTSCRN,,KEY,,WIN,Standard,GUI
Print Setup,r,,Indstil printer,i,COM,,WIN,Standard,GUI
Print to File,l,,Skriv til fil ,l,CHX,,WIN,Standard,GUI
Print Topic,p,,Udskriv emne ,u,COM,,WIN,Standard,GUI - i Hjælp
Print topic,,,Udskriv emne,,COM,,WIN,Standard,help
Printed in Ireland,,,Printed in Ireland,,GEN,,WIN,Standard,See PACK.DOC
Printed in the USA,,,Printed in Ireland,,GEN,,WIN,Standard,See PACK.DOC
Printer,,,Printer,,DIA,,WIN,Standard,GUI
printer installation,,,printerinstallation,,GEN,,WIN,Standard,
Printer Setup,r,,Indstil printer  ,i,COM,,WIN,Standard,GUI
product ,,,produkt,,GEN,,WIN,Standard,
Product ID,,,produkt-ID,,GEN,,WIN,Standard,Setup up/legal (previously Serial Number)
program,,,program,,GEN,,WIN,Standard,
program group,,,programgruppe,,GEN,,WIN,Standard,GUI
program item,,,programobjekt,,GEN,,WIN,Standard,GUI
program item icon,,,programobjektikon,,GEN,,WIN,Standard,
Program Manager,,,Programstyring,,GEN,,WIN,Standard,GUI - program
program-item icon,,,programobjektikon,,GEN,,WIN,Standard,GUI
Programming with Microsoft Word,,,Programmering med Microsoft Word,,TXT,,WIN,Standard,Main Help opening screen. See HELP.HLP
progress indicator,,,statusindikator,,GEN,,WIN,Standard,GUI  A standard Windows control that can be used to display the percentage of completion of a particular process. 
prompt,,,prompt,,GEN,,WIN,Standard,"en prompt, prompten, prompter, prompterne"
Proofing Tools,,,Korrekturredskaber,,GEN,,WIN,Standard,re: setup
Properties,,,Egenskaber,,GEN,,WIN,Standard,"Attributes or characteristics of an object used to define its state, appearance, or value.  "
pt,,,pkt.,,GEN,,WIN,Standard,
Publish,,,Udgiv,,BUT,V,MAC,Standard,Macintosh
publish ,,,udgiv,,GEN,V,MAC,Standard,Macintosh
Publish and Subscribe,,,Udgiver og Abonnent,,GEN,,MAC,Standard,Macintosh
Publishing ,,,Udgivelse,,COM,,MAC,Standard,Macintosh
pull-down,,,rullemenu,,GEN,,WIN,Standard,
Purple/Dk Magenta,,,Mørklilla,,GEN,,WIN,Standard,
push button,,,trykknap,,GEN,,WIN,Standard,GUI  See command button.
QR Card,,,Oversigtskort,,GEN,,WIN,Standard,Manual name
QRG,,,Oversigt,,GEN,,WIN,Standard,Manual name
question mark,,,spørgsmålstegn,,GEN,,WIN,Standard,
queue,,,kø,,GEN,,WIN,Standard,
Quick Start,,,Hurtige tip,,MNU,,MAC,Standard,Macintosh Microsoft Office Manager
Quick Start,,,Kort intro,,GEN,,WIN,Standard,documentation title (logo)
Quick Time,,,Quick Time,,GEN,,MAC,Standard,Macintosh
QuickSwitch,,,Hurtige programskift,,GEN,,MAC,Standard,"Afkrydsning i Mac-programmer, så man kan få samme funktionalitet som under Kontrolpanel, Desktop, Programmer i Windows 3.11"
Quit,,,Afslut,,BUT,,WIN,Standard,GUI
quotation mark,,,anførselstegn,,GEN,,WIN,Standard,
quotation mark ( ' ) ,,,enkelt anførselstegn ( ' ),,GEN,,WIN,Standard,
radio button,,,alternativknap,,GEN,,WIN,Standard,GUI  See option button.
RAM (Random Access Memory),,,RAM (Random Access Memory),,GEN,,WIN,Standard,
Read me before installation,,,Vigtigt inden installering,,GEN,,MAC,Standard,Macintosh - setup program from Apple
Read me before installation,,,Vigtigt inden installation,,GEN,,MAC,Standard,Macintosh - setup program from Microsoft
Read Only,r,,Skrivebeskyttet ,s,CHX,,WIN,Standard,GUI
readable,,,læsevenlig,,GEN,,WIN,Standard,
readable file,,,læsbar fil,,GEN,,WIN,Standard,
README.DOC,,,VIGTIGT.DOC,,FIL,,WIN,Standard,
README.TXT,,,VIGTIGT.TXT,,FIL,,WIN,Standard,
rearrange,,,arrangere ,,GEN,V,WIN,Standard,
recognition,,,genkendelse,,GEN,,WIN,Standard,The interpretation of pen strokes or gestures as characters or operations.  See also gestures.
Recommended,,,Anbefalet ekstraudstyr,,GEN,,WIN,Standard,See PACK.DOC
Record,c,,Indspil,i,COM,,WIN,Standard,GUI
record ,,,indspille,,GEN,V,WIN,Standard,indspille en makro
record ,,,post,,GEN,N,WIN,Standard,
record number,,,postnummer,,GEN,,WIN,Standard,
Recorder,,,Makrooptager,,GEN,,WIN,Standard,GUI - program
Red,,,Rød,,GEN,,WIN,Standard,
Redo,,,Annuller Fortryd,,BUT,,WIN,Standard,GUI
reduce selection,,,formindske markering,,GEN,,WIN,Standard,GUI
Reduce window to an icon,,,Formindsker vinduet til et ikon,,TXT,,WIN,Standard,status bar message
Reference guide,,,Referencehåndbog,,GEN,,WIN,Standard,Navn på håndbog
Reference Information,,,Nyttige råd,,TXT,,WIN,Standard,Main Help opening screen. See HELP.HLP
region selection,,,områdemarkering,,GEN,,WIN,Standard,A selection technique that involves dragging out a bounding outline (sometimes referred to as a marquee) to define the selected objects.  
Register Now,,,<See comment>,,TXT,,WIN,Standard,This is usually the first BillBoard screen in the setup program. The Danish text should mention offers from the Danish sub. See MUG.BMP in vendor kit.
Registered trademark ,,,symbol for registreret varemærke,,GEN,,WIN,Standard,®
registry,,,registreringsdatabase,,GEN,,WIN,Standard,
Relational Database Management System,,,Relationsdatabasesystem,,GEN,,WIN,Standard,
remote,,,fjern / fjern-,,GEN,,WIN,Standard,
Remove Split,s,,Fjern opdeling ,o,COM,,WIN,Standard,GUI
Repeat,r,,Gentag  ,g,COM,,WIN,Standard,GUI
repeat,,,gentage,,GEN,V,WIN,Standard,
Replace,e,,Erstat,e,COM,,WIN,Standard,GUI
replace,,,erstatte,,GEN,V,WIN,Standard,
Replace All,a,,Erstat alle,a,BUT,,WIN,Standard,GUI
Replace With,p,,Erstat med ,e,TXB,,WIN,Standard,GUI
report,,,rapport,,GEN,,WIN,Standard,
Reset,,,Nulstil,,BUT,,WIN,Standard,GUI
reset,,,nulstille,,GEN,V,WIN,Standard,
RESET,,,RESET,,KEY,,WIN,Standard,
resize,,,tilpasse størrelse,,GEN,V,WIN,Standard,GUI
Resource,,,ressource,,GEN,,WIN,Standard,
resource driven,,,ressourcebaseret,,GEN,,WIN,Standard,
Restore,r,,Gendan  ,g,COM,,WIN,Standard,GUI
restore,,,gendanne ,,GEN,V,WIN,Standard,GUI - gendanne til
restore button,,,gendannelsesknap,,BUT,,WIN,Standard,GUI
Restore window to (its) normal size,,,Gendanner vinduet til normal størrelse,,TXT,,WIN,Standard,status bar message
Restore window to (its) previous size,,,Gendanner vinduet til tidligere størrelse,,TXT,,WIN,Standard,status bar message
Restore window to normal size,,,Gendanner vinduet til normal størrelse,,TXT,,WIN,Standard,status bar message
Resume,,,Fortsæt,,BUT,,WIN,Standard,GUI
retail product,,,programpakke,,GEN,,WIN,Standard,
Retry,,,Forsøg igen,,BUT,,WIN,Standard,GUI
RETURN,,,RETUR,,KEY,,MAC,Standard,(Macintosh)
Reverse,r,,Baglæns ,b,COM,,WIN,Standard,GUI
Revert,,,Genindlæs,g,COM,,WIN,Standard,GUI
Rhaeto-Romanic,,,rætoromansk,,GEN,,WIN,Standard,
rich-text box,,,tekstboks til mættet tekst,,GEN,,WIN,Standard,"A standard Windows control that is similar to a standard text box, except that individual character and paragraph properties are supported.  "
right aligned,r,,højrejusteret ,h,GEN,,WIN,Standard,GUI
RIGHT ARROW,,,HØJRE PIL,,KEY,,WIN,Standard,GUI
right scroll arrow,,,højre rullepil,,GEN,,WIN,Standard,GUI
right window border,,,højre vinduesramme,,GEN,,WIN,Standard,GUI
Roadmap,,,Vejviser,,GEN,,WIN,Standard,Navn på håndbog
Romania,,,Rumænien,,GEN,,WIN,Standard,
Romanian,,,rumænsk,,GEN,,WIN,Standard,
Routing Slip,,,Distributionsliste,,TXT,,WIN,Standard,To attach to document sent via electronic mail. File menu
ruler,,,lineal,,GEN,,WIN,Standard,GUI
Run,r,,Kør,K,COM,,WIN,Standard,GUI - menuen Makro
Run,u,,Kør ,k,COM,,WIN,Standard,GUI - Kontrolmenu
run  ,,,køre/afspille,,GEN,V,WIN,Standard,
runtime error,,,kørselsfejl,,GEN,n,WIN,Standard,
Russia,,,Rusland,,GEN,,WIN,Standard,
Russian,,,russisk,,GEN,,WIN,Standard,
SAA (Systems Application Architecture),,,SAA (Systems Application Architecture),,GEN,,WIN,Standard,
Sample,,,Eksempel,,DIA,,WIN,Standard,GUI
Sampler,,,Eksempelsamling,,GEN,,WIN,Standard,Navn på håndbog
Saudi Arabia,,,Saudi-Arabien,,GEN,,WIN,Standard,
Save,s,,Gem  ,g,COM,,WIN,Standard,GUI
save,,,gemme,,GEN,V,WIN,Standard,
Save All,e,,Gem alt  ,e,COM,,WIN,Standard,GUI
Save As,a,,Gem som ,m,COM,,WIN,Standard,GUI
Save changes to X?,,,Skal ændringerne i X gemmes?,,TXT,,WIN,Standard,
Save File as Type,t,,Filtype ,t,DIA,,WIN,Standard,GUI
Scale,s,,Skala ,s,COM,,WIN,Standard,GUI
scale,,,skalere,,GEN,V,WIN,Standard,GUI
Scaling,l,,Skalering ,r,TXB,,WIN,Standard,GUI
script,,,script,,GEN,,WIN,Standard,
scroll,,,rulle,,GEN,V,WIN,Standard,GUI  To move the view of an object or information to make a different portion visible.
scroll a worksheet window,,,rulle et regnearksvindue,,GEN,V,WIN,Standard,
scroll arrow,,,rullepil,,GEN,,WIN,Standard,GUI  A component of a scroll bar that allows the information to be scrolled by defined increments when the scroll arrow button is clicked.  The direction of the arrow indicates the direction in which the information will be scrolled.
scroll bar,,,rullepanel,,GEN,,WIN,Standard,GUI  A standard Windows control that supports scrolling.  
scroll box,,,rulleboks,,GEN,,WIN,Standard,GUI  A component of a scroll bar that indicates the relative position (and optionally proportion) of the visible information relative to the entire amount of information.  Dragging the scroll bar allows the user to scroll the information.
scroll line down,,,rulle linje ned,,GEN,V,WIN,Standard,
scroll line up,,,rulle linje op,,GEN,V,WIN,Standard,
SCROLL LOCK,,,SCROLL LOCK,,KEY,,WIN,Standard,GUI
Scroll Lock on (SCRL),,,SCRL,,GEN,,WIN,Standard,GUI - forkortelse på statuslinjen
scroll screen down,,,rulle et skærmbillede ned,,GEN,V,WIN,Standard,
scroll screen up,,,rulle et skærmbillede op,,GEN,V,WIN,Standard,
scroll through a document,,,rulle gennem et dokument,,GEN,V,WIN,Standard,
scroll up (down),,,rulle op (ned),,GEN,V,WIN,Standard,
SCSI,,,SCSI,,GEN,,WIN,Standard,"SCSI (Small Computer System Interface, udtales ""scuzzy""). Det er et styrekort til ydre og indre enheder, ved hjælp af et SCSI-kort kan tilslutte ekstra harddiske, CD-Rom, printere, vaffeljern m.m. Dog maks. 7 enheder."
Search,s,,Søg  ,s,BUT,,WIN,Standard,GUI - i Hjælp
Search,s,,Søg,s,COM,,WIN,Standard,GUI
Search,,,Søg,,DIA,,WIN,Standard,GUI
Search for Help on,s,,Søg efter hjælp om,s,COM,,WIN,Standard,GUI
second,,,sekund,,GEN,,WIN,Standard,forkortes: sek.
secondary window,,,sekundært vindue,,GEN,,WIN,Standard,help + A window that is used to provide information or supplemental interaction related to objects in a primary window. 
Section,s,,Sektion,s,COM,,WIN,Standard,GUI
section,,,sektion,,GEN,,WIN,Standard,
section,,,afsnit,,GEN,,WIN,Standard,In INI file. Looks like this: [MSWord]
Section (Sec),,,Sek,,GEN,,WIN,Standard,GUI - forkortelse på statuslinjen
Section symbol,,,paragraftegn,,GEN,,WIN,Standard,§
seek,,,søge,,GEN,V,WIN,Standard,
select,,,markere/vælge,,GEN,V,WIN,Standard,GUI - afhængig af kontekst
select,,,markere,,GEN ,,WIN,Standard,To identify one or more objects upon which an operation can be performed.    
SELECT,,,SELECT,,KEY,,WIN,Standard,
"select (check box, option button)",,,"markere (afkrydsningsfelt, alternativknap)",,GEN,V,WIN,Standard,GUI  To identify one or more objects upon which an operation can be performed.    
select (data),,,markere (data),,GEN,V,WIN,Standard,GUI
select (drop-down menu),,,"vælge (menu,kommando)",,GEN,V,WIN,Standard,GUI
select (list box),,,vælge (liste),,GEN,V,WIN,Standard,GUI
select a command,,,vælge en kommando,,GEN,,WIN,Standard,
select a document,,,markere et dokument,,GEN,,WIN,Standard,
select a list box,,,vælge en liste,,GEN,,WIN,Standard,
select a menu,,,vælge en menu,,GEN,,WIN,Standard,
select an option button,,,markere et alternativ,,GEN,,WIN,Standard,
select data,,,markere data,,GEN,,WIN,Standard,
selected command,,,markeret kommando,,GEN,,WIN,Standard,GUI
selection,,,det markerede,,GEN,,WIN,Standard,An object or set of objects that have been selected.  
selection cursor,,,markør,,GEN,,WIN,Standard,GUI
Send,S,,Send,S,COM,,WIN,Standard,"File menu, for sending objects via eletrictronic mail"
Serbia,,,Serbien,,GEN,,WIN,Standard,
Serbian,,,serbisk,,GEN,,WIN,Standard,
Serbo-Croatian (Cyrillic),,,serbokroatisk (kyrillisk),,GEN,,WIN,Standard,
Serbo-Croatian (Latin),,,serbokroatisk (latinsk),,GEN,,WIN,Standard,
server ,,,server,,GEN,,WIN,Standard,
Set,,,Angiv/Vælg/Indstil,,BUT,,WIN,Standard,GUI
set up ,,,installere,,GEN,V,WIN,Standard,
setting,,,indstilling,,GEN,,WIN,Standard,
Setup,,,Installation,,GEN,,WIN,Standard,re: setup
Setup ,,,Indstillinger,,BUT,,WIN,Standard,GUI
Setup (installation),,,Installation,,GEN,,WIN,Standard,
Setup instructions,,,Installationsvejledning,,GEN,,WIN,Standard,re: setup
Setup Program,,,Installation/Installationsprogram,,GEN,,WIN,Standard,re: disks. See also DISKETTE.DOC
SETUP.EXE,,,INSTALL.EXE,,FIL,,WIN,Standard,
SETUP.TXT,,,INSTALL.TXT,,FIL,,WIN,Standard,
Setup/setup,,,Installation/install,,GEN,,WIN,Standard,re: disks. See also DISKETTE.DOC
share,,,share,,GEN,,WIN,Standard,"et share, sharet, shares, sharene"
SHIFT,,,SKIFT,,KEY,,WIN,Standard,GUI
SHIFT++,,,SKIFT++(PLUSTEGN),,KEY,,WIN,Standard,
SHIFT+-,,,SKIFT+-(MINUSTEGN),,KEY,,WIN,Standard,
Shift+F1,,,Skift+F1,,KEY,,WIN,Standard,Context sensitive Help/Kontekstbetinget Hjælp
Shift+F3,,,Skift+F3,,KEY,,WIN,Standard,Change case/Store og små bogstaver
Shift+F4,,,Skift+F4,,KEY,,WIN,Standard,Find next/Find næste
Shift+F7,,,Skift+F7,,KEY,,WIN,Standard,Thesaurus/Synonymordbog/
short cut key,,,genvejstast,,GEN,,WIN,Standard,
Short Menus,,,Korte menuer ,m,COM,,WIN,Standard,GUI
shortcut,,,genvej,,GEN,,WIN,Standard,A generic term used to refer to an action or technique used to invoke a particular command or perform an operation with less interaction than its usual method.  
shortcut key,,,genvejstast,,GEN,,WIN,Standard,GUI  A keyboard key or key combination that can be used invoke a particular command (also referred to as an accelerator key).
shortcut menu,,,pop-up-menu,,GEN,,WIN,Standard,
side by side,,,side om side/ved siden af hinanden,,GEN,,WIN,Standard,
Silver,,,Sølvgrå,,GEN,,WIN,Standard,
Simplified Chinese,,,kinesisk (forenklet),,GEN,,WIN,Standard,
single selection list box,,,"liste, der kun tillader sammenhængende markering",,GEN,,WIN,Standard,A list box that only supports selection of a single item in the list.  
Size,s,,Tilpas størrelse  ,t,COM,,WIN,Standard,GUI
Size,,,Tilpas størrelse  ,,COM,,WIN,Standard,
size,,,tilpasse størrelse,,GEN,V,WIN,Standard,GUI
size,,,størrelse,,GEN,,WIN,Standard,
Size (font size),s,,Størrelse ,ø,TXB,,WIN,Standard,GUI
Size 10 (4 1/8 x 9 \xBD in),,,Str 10  (4 1/8 x 9 1/2 in),,GEN,,WIN,Standard,See ENVELOPE.DOC
Size 10 Envelope,,,Str 10-konvolut,,GEN,,WIN,Standard,See ENVELOPE.DOC
Size 11 (4 1/2 x 10 3/8 in),,,Str 11  (4 1/2 x 10 3/8 in),,GEN,,WIN,Standard,See ENVELOPE.DOC
Size 11 Envelope,,,Str 11-konvolut,,GEN,,WIN,Standard,See ENVELOPE.DOC
Size 12 (4 3/4 x 11 in),,,Str 12  (4 3/4 x 11 in),,GEN,,WIN,Standard,See ENVELOPE.DOC
Size 12 Envelope,,,Str 12-konvolut,,GEN,,WIN,Standard,See ENVELOPE.DOC
Size 14 Envelope,,,Str 14-konvolut,,GEN,,WIN,Standard,See ENVELOPE.DOC
Size 6 3/4 (3 5/8 x 6 1/2 in),,,Str 6 3/4  (3 5/8 x 6 1/2 in),,GEN,,WIN,Standard,See ENVELOPE.DOC
Size 9 (3 7/8 x 8 7/8 in),,,Str 9  (3 7/8 x 8 7/8 in),,GEN,,WIN,Standard,See ENVELOPE.DOC
Size 9 Envelope,,,Str 9-konvolut,,GEN,,WIN,Standard,See ENVELOPE.DOC
sizing handle,,,størrelseshåndtag,,GEN,,WIN,Standard,GUI
Slash,,,skråstreg,,GEN,,WIN,Standard,/
slide show,,,diasshow,,GEN,,WIN,Standard,Note: plural: diasshow
slider,,,skala,,GEN,,WIN,Standard,GUI
slider box,,,skyder,,GEN,,WIN,Standard,
slider indicator,,,skalaindikator,,GEN,,WIN,Standard,GUI
Slovak,,,slovakisk,,GEN,,WIN,Standard,
Slovak Republic,,,Slovakiet,,GEN,,WIN,Standard,
Slovenia,,,Slovenien,,GEN,,WIN,Standard,
Slovenian,,,slovensk,,GEN,,WIN,Standard,
small capitals,m,,kapitæler ,a,GEN,,WIN,Standard,GUI
smart quotes,,,engelske anførselstegn,,GEN,,WIN,Standard,
soft font,,,softfont,,GEN,,WIN,Standard,
software program,,,program,,GEN,,WIN,Standard,
Solitaire,,,7-kabale,,GEN,,WIN ,Standard,Applet name - Win 3.1
sort ,,,sortere ,,GEN,V,WIN,Standard,
Sound,,,Lyd,l,COM,,WIN,Standard,GUI
Sound Recorder,,,Audiosampler,,GEN,,WIN,Standard,GUI - program
Source (paper),s,,Kilde ,k,DIA,,WIN,Standard,GUI
source application,,,kildeprogram,,GEN,,WIN,Standard,GUI
source document,,,kildedokument,,GEN,,WIN,Standard,GUI
SP_DA.LEX,,,SP_DA.LEX,,FIL,,WIN,Standard,
SPACEBAR,,,MELLEMRUM,,KEY,,WIN,Standard,GUI
Spain,,,Spanien,,GEN,,WIN,Standard,
Spell Disk,,,Stavekontrol,,GEN,,WIN,Standard,re: setup
spin box,,,rotationsboks,,GEN,,WIN,Standard,GUI  A standard Windows control that allows the user to adjust a value from a limited range of possible values. 
Split,s,,Opdel  ,o,COM,,WIN,Standard,GUI
split,,,opdele,,GEN,V,WIN,Standard,GUI
split bar,,,delelinje,,GEN,,WIN,Standard,GUI  A division between panes that appears where a window has been split; the split bar visually separates window panes.  
split box,,,deleboks,,GEN,,WIN,Standard,GUI  A special control added to a window (typically above or below a scroll bar) that allows the user to split a window or adjust a window split. 
Split window into two or four panes,,,Opdeler vinduet i to eller fire ruder,,TXT,,WIN,Standard,status bar message
standard,,,standard,,GEN,,WIN,Standard,
standard entries,,,standardelementer,,GEN,,WIN,Standard,
standard setting,,,standardindstilling,,GEN,,WIN,Standard,
start,,,starte/begynde ,,GEN,V,WIN,Standard,
StartUp,,,Start,,GEN,,WIN,Standard,GUI - programgruppe i Windows
status bar,,,statuslinje,,GEN,,WIN,Standard,GUI  A standard Windows control that allows the display of state information of the information being viewed in the window (also an area designed with the same characteristics as the control).
status-bar indicator,,,statuslinjeindikator,,GEN,,WIN,Standard,GUI
Step-by-step instructions ot help you complete your tasks.,,,"Trinvis vejledning, der hjælper dig gennem dine opgaver.",,TXT,,WIN,Standard,Main Help opening screen. See HELP.HLP
style,,,typografi,,GEN,,WIN,Standard,
style box,,,typografiboks,,GEN,,WIN,Standard,GUI
submenu,,,undermenu,,GEN,,WIN,Standard,GUI  See cascading menus.
subscribe,,,abonner,,GEN,V,MAC,Standard,Macintosh
Subscribe to,,,Abonner på,,GEN,,MAC,Standard,Macintosh
Subscribe with,,,Abonner med,,GEN,,MAC,Standard,Macintosh
substitution,,,erstatning,,GEN,,WIN,Standard,
such that ,,,således at,,GEN,,WIN,Standard,
suite,,,familie,,GEN,,Win  ,Standard,"Generic marketing term for Office package. Use ""familie"" where possible."
supplemental disk,,,tillægsdiskette,,GEN,,WIN,Standard,
support,,,support/understøttelse,,GEN,,WIN,Standard,
Sweden,,,Sverige,,GEN,,WIN,Standard,
Swedish,,,svensk,,GEN,,WIN,Standard,
sweep,,,sprede ud,,GEN,V,WIN,Standard,
Swiss German,,,tysk (schweizisk),,GEN,,WIN,Standard,
Swiss Italian,,,italiensk (schweizisk),,GEN,,WIN,Standard,
switch,,,skifte ,,GEN,V,WIN,Standard,GUI
Switch to,,,Skift til,,BUT,,WIN,Standard,GUI
Switch to,w,,Skift til  ,s,COM,,WIN,Standard,GUI
Switches to the next window,,,Skifter til det næste vindue,,TXT,,WIN,Standard,Status bar description
Switzerland,,,Schweiz,,GEN,,WIN,Standard,
SYS RQ,,,SYS RQ,,KEY,,WIN,Standard,GUI
"System 6.0.2 or later, including System 7.0; Finder 6.1 or later",,,"System 6.0.2 eller nyere, inklusive System 7.0; Finder 6.1 eller nyere",,GEN,,WIN,Standard,See PACK.DOC
system administrator,,,systemadministrator,,GEN,,WIN,Standard,
System Info,,,System Info,,GEN,,WIN,Standard,Application name. Do not localize.
System requirements,,,Systemkrav,,GEN,,WIN,Standard,See PACK.DOC
TAB,,,TAB,,KEY,,WIN,Standard,GUI
tab,,,fane,,GEN,,WIN,Standard,"Part of a dialog box - the top part of a ""panel"" (kartotekskort)"
tab,,,tabulator,,GEN,,WIN,Standard,
Taiwan,,,Taiwan,,GEN,,WIN,Standard,
task-oriented help,,,opgavebestemt hjælp,,GEN,,WIN,Standard,Information about the steps involved in carrying out a particular task.
Teal/DkCyan,,,Blågrøn,,GEN,,WIN,Standard,
Technical Support,,,Produktsupport,,TXT,,WIN,Standard,Main Help opening screen. See HELP.HLP
temporary,,,midlertidig,,GEN,,WIN,Standard,
Terminal,,,Terminal,,GEN,,WIN,Standard,GUI - program
text,,,tekst,,GEN,,WIN,Standard,
text box,,,tekstboks,,GEN,,WIN,Standard,GUI  A standard Windows control where text can be entered and edited.
text frame,,,tekstrude,,GEN,,WIN,Standard,GUI
Text with Layout,,,Tekst med layout,,GEN,,WIN,Standard,
TH_DA.LEX,,,TH_DA.LEX,,FIL,,WIN,Standard,
Thai,,,thai,,GEN,,WIN,Standard,
Thailand,,,Thailand,,GEN,,WIN,Standard,
The following section,,,Følgende afsnit,,GEN,,WIN,Standard,
The preceding section,,,Foregående afsnit,,GEN,,WIN,Standard,
There is not enough memory.,,,Der er ikke hukommelse nok.,,GEN,,WIN,Standard,
Thesaurus,,,Synonymordbog,,GEN,,MAC,Standard,Macintosh
third party X,,,andre computerproducenter/softwareproducenter,,GEN,,WIN,Standard,omformuler afhængigt af kontekst
This copy of (program name) is licensed to (licensee),,,Denne kopi af (programnavn) er givet i licens til (licenstager),,TXT,,WIN,Standard,See also LEGAL.DOC
This product is licensed to (licensee),,,Dette produkt er givet i licens til (licenstager),,TXT,,WIN,Standard,See also LEGAL.DOC
Tilde,,,tilde,,GEN,,WIN,Standard,~
Tile,t,,Side om side ,s,COM,,WIN,Standard,GUI
tile,,,side om side,,GEN,,WIN,Standard,
tiled windows,,,vinduer side om side,,GEN,,WIN,Standard,GUI
tilt,,,hælde,,GEN,V,WIN,Standard,
Time,,,Tid,t,DIA,,WIN,Standard,GUI
timeout,,,timeout,,GEN,,WIN,Standard,"et timeout, timeoutet, timeout, timeoutene"
Tip,,,Tip!,,GEN,,WIN,Standard,Alert message
Tips,,,Tip!,,GEN,,WIN,Standard,Alert message
tips,,,tip,,GEN,,WIN,Standard,
title bar,,,titellinje,,GEN,,WIN,Standard,GUI The horizontal area at the top of a window that includes the name of the window and acts as a handle by which the window can be moved by dragging. 
To,t,,Til ,t,TXB,,WIN,Standard,GUI
"To learn how to use Help, press F1.",,,"Tryk på F1 for at lære, hvordan du bruger Hjælp.",,TXT,,WIN,Standard,Main Help opening screen. See HELP.HLP
To run programname you need,,,Systemkrav,,GEN,,WIN,Standard,See PACK.DOC
toggle key,,,til/fra-tast,,GEN,,WIN,Standard,A keyboard key that turns a particular mode on or off.  
tool,,,værktøj,,GEN,,WIN,Standard,GUI
toolbar,,,værktøjslinje,,GEN,,WIN,Standard,GUI  A standard Windows control that provides a frame for containing a set of other controls (or an area designed with the same characteristics as the control).
toolbox,,,værktøjskasse,,GEN,,WIN,Standard,GUI
Tools,o,,Funktioner  ,k,MNU,,WIN,Standard,GUI
Tools Quick Reference,,,Værktøjsoversigt,,GEN,,WIN,Standard,Navn på håndbog
top,,,øverst/top,,GEN,,WIN,Standard,
top window border,,,øvre vinduesramme,,GEN,,WIN,Standard,GUI
total,,,i alt,,GEN,,WIN,Standard,
Tracks,,,Spor,s,COM,,WIN,Standard,GUI
Traditional Chinese,,,kinesisk (traditionelt),,GEN,,WIN,Standard,
Troubleshooting,,,Fejlfinding,,GEN,,WIN,Standard,Afsluttende punkt i kapitler i dokumentationen. Se Word 6.0-håndbogen
Turkey,,,Tyrkiet,,GEN,,WIN,Standard,
Turkish,,,tyrkisk,,GEN,,WIN,Standard,
turn off,,,slå fra/deaktivere/slukke,,GEN,V,WIN,Standard,
turn on,,,slå til/aktivere/tænde,,GEN,V,WIN,Standard,
Tutorial,,,Selvstudium  ,e,COM,,WIN,Standard,GUI
two-headed arrow,,,dobbeltpil,,GEN,,WIN,Standard,
two-headed arrow pointer,,,dobbeltpil,,GEN,,WIN,Standard,
type,,,skrive,,GEN,V,WIN,Standard,GUI  (v.) To enter a character from the keyboard.
Typical Installation,,,Standardinstallation,,GEN,,WIN,Standard,
U.K. English,,,engelsk (britisk),,GEN,,WIN,Standard,
U.S. English,,,engelsk (amerikansk),,GEN,,WIN,Standard,
UK English Dictionary,,,UK English Dictionary,,GEN,,MAC,Standard,Macintosh file name - See NAMES.DOC
UK English Thesaurus,,,UK English Thesaurus,,GEN,,MAC,Standard,Macintosh file name - See NAMES.DOC
unavailable,,,ikke-tilgængelig,,GEN,,WIN,Standard,The state and visual appearance of controls whose normal functionality is not presently available to the user (also known as disabled).   
unavailable command,,,ikke-tilgængelig kommando,,GEN,,WIN,Standard,GUI
underline,u,,understreget ,u,GEN,,WIN,Standard,GUI
Underscore,,,understregningstegn,,GEN,,WIN,Standard,_
Undo,u,,Fortryd  ,r,COM,,WIN,Standard,GUI
unfreeze,,,frigøre,,GEN,V,WIN,Standard,GUI
Unfreeze Panes,f,,Frigør ruder ,f,COM,,WIN,Standard,GUI
Unhide,u,,Vis,v,COM,,WIN,Standard,GUI
unit,,,måleenhed/enhed,,GEN,,WIN,Standard,
United Kingdom,,,Storbritannien,,GEN,,WIN,Standard,
United States,,,USA,,GEN,,WIN,Standard,
unnamed,,,ikke-navngivet ,,GEN,,WIN,Standard,
Untitled,,,ikke-navngivet,,GEN,,WIN,Standard,generelt
Untitled,,,UDENNAVN,,GEN,,WIN,Standard,"Hvis det er et filnavn, der er begrænset til 8 tegn"
Up,u,,Tilbage ,t,OPT,,WIN,Standard,GUI
UP ARROW,,,PIL OP,,KEY,,WIN,Standard,GUI
up scroll arrow,,,rullepil op,,GEN,,WIN,Standard,GUI
Update,,,Opdater  ,o,COM,,WIN,Standard,GUI
update,,,opdatere,,GEN,V,WIN,Standard,GUI
Upper memory,,,Upper memory,,GEN,,WIN,Standard,XMS between 640 KB and 1 MB
Urdu,,,urdu,,GEN,,WIN,Standard,
Usage:,,,Format:,,GEN,,WIN,Standard,re: Syntax
Use as Default,,,Benyt som standard,,BUT,,WIN,Standard,GUI
user,,,bruger,,GEN,,WIN,Standard,
user directory ,,,brugerbibliotek,,GEN,,WIN,Standard,
User's Guide,,,Brugerhåndbog,,GEN,,WIN,Standard,Navn på håndbog
User's Reference Guide,,,Brugerhåndbog,,GEN,,WIN,Standard,Navn på håndbog
Using Word,,,Brug af Word,,TXT,,WIN,Standard,Main Help opening screen. See HELP.HLP
Utilities,,,Tilbehør,,GEN,,WIN,Standard,re: setup
Utilities,,,Funktioner ,,GEN,,MAC,Standard,Macintosh -system 6
Utilities,u,,Funktioner  ,k,MNU,,WIN,Standard,GUI
value set,,,værdisæt,,GEN,,WIN,Standard,GUI
variable,,,variabel,,GEN,,WIN,Standard,"There are two possible plural forms for this word. MS ""en variabel"" ""to variabler""."
verify,,,kontrollere,,GEN,V,WIN,Standard,
Version #,,,Version nr.,,GEN,,WIN,Standard,See PACK.DOC
Version (on own line),,,Version,,GEN,,WIN,Standard,re: disks. See also DISKETTE.DOC
vertical scroll bar,,,lodret rullepanel,,GEN,,WIN,Standard,GUI
vertical split bar,,,lodret delelinje,,GEN,,WIN,Standard,GUI
video adapter,,,skærmkort,,GEN,,WIN,Standard,
video format,,,skærmformat,,GEN,,WIN,Standard,
video graphics adapter,,,grafikkort,,GEN,,WIN,Standard,
Video graphics adapter,,,Grafikkort,,GEN,,WIN,Standard,See PACK.DOC
Video Graphics Array,,,VGA (Video Graphics Array),,GEN,,WIN,Standard,
video memory,,,skærmhukommelse,,GEN,,WIN,Standard,
video mode,,,skærmtilstand,,GEN,,WIN,Standard,
view,,,se/få vist,,GEN,V,WIN,Standard,GUI
View ,v,,Vis  ,v,MNU,,WIN,Standard,GUI
virtual machine,,,virtuel maskine,,GEN,,WIN,Standard,
Visual Basic for Applications,,,Visual Basic for Applications,,GEN,,WIN,Standard,Do not localize - sub decision
visual editing,,,lokal redigering,,GEN,,WIN,Standard,"The ability to edit an embedded object in-place, without opening it into its own window.  "
Visual Editing,,,Visual Editing,,GEN,,WIN,Standard,Office term - do not localize
Visual examples and demonstrations to help you learn Word.,,,Eksempler på forskellige Word-funktioner.,,TXT,,WIN,Standard,"Main Help opening screen. See HELP.HLP. (CBT. not necessarily availble in Danish,.)"
volume,,,disk,,GEN,,WIN,Standard,Windows. Betegnelse for diskettedrev eller andet drev. Flere betydninger (enhed)?
volume label,,,disknavn,,GEN,,WIN,Standard,
wallpaper,,,tapet,,GEN,,WIN,Standard,GUI
Warning,,,Advarsel!,,GEN,,WIN,Standard,Alert message
warning message,,,advarsel,,GEN,,WIN,Standard,GUI
"Warning: This computer program is protected by copyright law and international treaties. Unauthorized reproduction or distribution of this program, or any portion of it, may result in severe civil (See LEGAL.DOC for full text)",,,"Advarsel: Dette computerprogram er ophavsretligt beskyttet. Uautoriseret reproduktion eller distribution af dette program, eller dele heraf, er ulovlig og vil blive retsforfulgt.",,TXT,,WIN,Standard,See also LEGAL.DOC
WDREADME.HLP,,,WDVIGTIG.HLP,,FIL,,WIN,Standard,Word readme
What's New,,,Nye funktioner,,GEN,,WIN,Standard,cbt
White,,,Hvid,,GEN,,WIN,Standard,
wildcard,,,jokertegn,,GEN,,WIN,Standard,GUI
WinChat,,,WinChat,,GEN,,WIN,Standard,Programnavn
window,,,vindue,,GEN,,WIN,Standard,GUI  A standard Windows object that displays information.  
Window ,w,,Vindue  ,u,MNU,,WIN,Standard,GUI
window background,,,vinduesbaggrund,,GEN,,WIN,Standard,GUI
window border,,,vinduesramme,,GEN,,WIN,Standard,GUI
window corner,,,vindueshjørne,,GEN,,WIN,Standard,GUI
window frame,,,vinduesramme,,GEN,,WIN,Standard,GUI
window size,,,vinduesstørrelse,,GEN,,WIN,Standard,GUI
window title,,,vinduestitel,,GEN,,WIN,Standard,GUI
Windows series,,,Windows-serien,,GEN,,WIN,Standard,re: disks. See also DISKETTE.DOC
Windows Setup,,,Windows Installation,,GEN,,WIN,Standard,GUI
WinMeter,,,WinMeter,,GEN,,WIN,Standard,Programnavn
wizard,,,guide,,GEN,,WIN,Standard,
Word Extensions,,,Word-udvidelser,,GEN,,MAC,Standard,Macintosh folder name
Word for Macintosh 4.0,,,Word til Macintosh 4.0,,GEN,,WIN,Standard,
Word for Macintosh 5.0,,,Word til Macintosh 5.0,,GEN,,WIN,Standard,
Word for Macintosh 5.1,,,Word til Macintosh 5.1,,GEN,,WIN,Standard,
Word for Macintosh 6.0,,,Word til Macintosh 6.0,,GEN,,WIN,Standard,
Word for MS-DOS 3.x - 5.x,,,Word til MS-DOS 3.x - 5.x,,GEN,,WIN,Standard,
Word for MS-DOS 6.0,,,Word til MS-DOS 6.0,,GEN,,WIN,Standard,
Word for Windows 1.x,,,Word til Windows 1.x,,GEN,,WIN,Standard,
Word for Windows 2.0,,,Word til Windows 2.0,,GEN,,WIN,Standard,
Word for Windows 6.0,,,Word til Windows 6.0,,GEN,,WIN,Standard,
Word Help Contents,,,Indhold af Word Hjælp,,TXT,,WIN,Standard,Main Help opening screen. See HELP.HLP
Word installer,,,installationsoplysninger,,GEN,,WIN,Standard,
word wrap,,,tekstombrydning,,GEN,,WIN,Standard,"The convention where, as text is entered, existing text is automatically moved from the end of a line to the next line.  "
WordPerfect 5.0 Secondary File,,,Word Perfect 5.0 - sekundær fil,,GEN,,WIN,Standard,
WordPerfect 5.1 for MS-DOS,,,WordPerfect 5.1 til MS-DOS,,GEN,,WIN,Standard,
WordPerfect 5.1 or 5.2 Secondary File,,,Word Perfect 5.1 eller 5.2 - sekundær fil,,GEN,,WIN,Standard,
WordPerfect 5.x for Windows,,,WordPerfect 5.x til Windows,,GEN,,WIN,Standard,
WordStar 7.0,,,WordStar 7.0,,GEN,,WIN,Standard,
workspace,,,arbejdsområde,,GEN,,WIN,Standard,"GUI  A window or task management technique that consists of a container of a set of objects, where the windows of the contained objects are constrained to a parent window.  Similar to the multiple document interface, except that within..."
Workstation Installation,,,Installation på arbejdsstation,,GEN,,WIN,Standard,
Write,,,Write,,GEN,,WIN,Standard,Programnavn
XLREADME.HLP,,,XLVIGTIG.HLP,,FIL,,WIN,Standard,Excel readme
Yellow,,,Gul,,GEN,,WIN,Standard,
Yes,,,Ja,,BUT,,WIN,Standard,GUI
Zoom,z,,Zoom,z,COM,,WIN,Standard,GUI
zoom in,,,zoome ind,,GEN,V,WIN,Standard,GUI
zoom out,,,zoome ud,,GEN,V,WIN,Standard,GUI
