1 1/2 Space,1,"Riviväli 1,5",,COM,,Win,Standard,
1.2 MB,,"1,2 Mt",,DIA,,Win,Standard,
150 dots per inch,1,150 pistettä tuumalla,1,DIA,,Win,Standard,
16 Color bitmap,,16 värin bittikartta,,DIA,,Win,Standard,
24 hour,4,24 tuntia,4,DIA,,Win,Standard,
360 KB,,360 kt,,DIA,,Win,Standard,
386 Enhanced,W,386-tila,3,COM,,Win,Standard,
386 Enhanced Mode,,386-tila,,GEN,,Win,Standard,
50% Gray,,50 % harmaa,,DIA,,Win,Standard,
Abort ,,Keskeytä,,COM,,DOS,Standard,
Abort,,Keskeytä,,BUT,,Win,Standard,general button
About,,Tietoja  ,T,COM,,Win,Standard,
access key,,valintanäppäin,,GEN,,Win,Standard,
accessories,,apuohjelmat,,GEN,,Win,Standard,
Activate,A,Aktivoi,A,BUT,,Win,Standard,
Active,V,Aktiivinen,I,DIA,,Win,Standard,
Active Border,,Aktiivinen reuna,,DIA,,Win,Standard
Active Title Bar,,Aktiivinen otsikkorivi,,DIA,,Win,Standard
Active Title Bar Text,,Aktiivisen otsikkorivin teksti,,DIA,,Win,Standard
active window,,aktiivinen ikkuna,,GEN,,Win,Standard
Add,,Lisää,,COM,,Win,Standard
Add Color,A,Lisää väri,L,BUT,,Win,Standard
Add Echo,A,Lisää kaiku,,COM,,Win,Standard
Add Fonts,A,Lisää fontteja,F,DIA,,Win,Standard
Add Printer,D,Lisää kirjoitin,R,BUT,,Win,Standard
Advanced,A,Lisäasetukset,L,BUT,,Win,Standard
Advanced,A,Lisäasetukset,L,BUT,,Win,Standard
Advanced Options,,Lisäasetukset,,DIA,,Win,Standard
Advanced Settings for ,,Lisäasetukset  -lle,,DIA,,Win,Standard
Alarm,A,Hälytys,H,MNU,,Win,Standard
Alarm Controls,,Hälytinasetukset,,TDB,,Win,Standard
Alert Always,A,Hälytä aina,H,COM,,Win,Standard
Alignment,,Tasaus  ,S,COM,,Win,Standard
All,,Kaikki  ,K,OPT,,Win,Standard
All File Details,A,Kaikki tiedostotiedot,K,COM,,Win,Standard
All files,,Kaikki tiedostot,,DIA,,Win,Standard
Allow Fast Paste,P,Salli nopea liittäminen,A,CHX,,Win,Standard
Already Downloaded,A,Valmiina kirjoittimessa,R,DIA,,Win,Standard
ALT,,ALT,,KEY,,Win,Standard
ALT GR,,ALT GR,,KEY,,Win,Standard
Alt+Space,,Alt+Välinäppäin,,CHX,,Win,Standard
Alt+Tab,,Alt+Sarkain,,CHX,,Win,Standard
Always on Top,,Aina päällimmäisenä  ,A,COM,,Win,Standard
Always Warn,A,Varoita aina,V,DIA,,Win,Standard
AM,A,AM,A,DIA,,Win,Standard
Analog,A,Analoginen,A,COM,,Win,Standard
"anchor, to",,kiinnittää,,GEN,,Win,Standard
Annotate,,Huomautus  ,H,COM,,Win,Standard
Annotation,,Huomautus,,TXB,,Win,Standard,
Append File,A,Liitä tiedoston loppuun,,CHX,,Win,Standard,
Append LF,A,Lisää LF,A,CHX,,Win,Standard,
application,,sovellus(ohjelma),,GEN,,Win,Standard,
application icon,,sovelluskuvake,,GEN,,Win,Standard,
Application Shortcut Key,A,Sovelluksen pikanäppäin,O,DIA,,Win,Standard,
application window,,sovellusikkuna,,GEN,,Win,Standard,
application workspace,,sovelluksen työtila,,GEN,,Win,Standard,
Apply,,Käytä,,BUT,,Win,Standard,
Archive,A,Arkisto,A,CHX,,Win,Standard,
"arrange, to (windows, icons)",,järjestää ,,GEN,,Win,Standard,
Arrange all,,Järjestä kaikki  ,J,COM,,Win,Standard,
Arrange Icons,I,Järjestä kuvakkeet,J,COM,,Win,Standard,
arrow,,nuoli,,GEN,,Win,Standard,
art,,kuvat,,GEN,,Win,Standard,Paintbrush
Assign to key,,Liitä näppäimeen  ,N,COM,,Win,Standard,
Assign to menu,,Liitä valikkoon  ,V,COM,,Win,Standard
Associate,A,Kytke,Y,COM,,Win,Standard
Associate With,A,Kytke mihin,K,DIA,,Win,Standard
"attach, to",,"kiinnittää, liittää",,GEN,,Win,Standard
attribute,,attribuutti,,GEN,,Win,Standard
Auto,A,Automaattinen,A,COM,,Win,Standard
Auto Arrange,A,Järjestä automaattisesti,J,COM,,Win,Standard
Auto select,,Auto select,,DIA,,Win,Standard
Autodial,T,Soita,S,COM,,Win,Standard
automatic,T,automaattinen,,GEN,,Win,Standard
Back,,Takaisin  ,A,BUT,,Win,Standard
background,,tausta,,GEN,,Win,Standard
Background Priority,B,Taustasuorituksen prioriteetti,T,TXB,,Win,Standard
BACKSPACE,,ASKELPALAUTIN,,KEY,,Win,Standard
"backup, to",,tehdä varmistuskopio,,GEN,,Win,Standard
backup copy,,varmistuskopio,,GEN,,Win,Standard
Base I/O Port Address,B,I/O-portin perusosoite,P,DIA,,Win,Standard,
Basic Colors,B,Perusvärit,R,DIA,,Win,Standard,
Basic Skills,B,Perustaidot,P,COM,,Win,Standard,
Baud rate,,Siirtonopeus,,DIA,,Win,Standard,Terminal; speed of transmission
Binary RX/TX,R,Binaarinen RX/TX,,TXB,,Win,Standard,
Binary Transfers,B,Binaarisiirto,T,COM,,Win,Standard,
Bitmap,B,Bittikartta,B,COM,,Win,Standard,
BITMAP file,,Bittikarttatiedosto,,DIA,,Win,Standard,
Black and White,,Mustavalkoinen,,DIA,,Win,Standard,
Blink,K,Vilkunta,P,CHX,,Win,Standard,
"blink, to",,vilkkua,,GEN,,Win,Standard,cursor
Block,B,Neliö,F,DIA,,Win,Standard,
Bold,,Lihavoitu  ,L,COM,,Win,Standard,
Bold Italic,,Lihavoitu kursivoitu,,DIA,,Win,Standard,
Bookmark,,Kirjanmerkki  ,K,MNU,,Win,Standard,
Bookmark Name,,Kirjanmerkin nimi,,TXB,,Win,Standard,
"boot, to",,käynnistää,,GEN,,Win,Standard,
border,,reuna,,GEN,,Win,Standard,
Border Width,B,Reunan leveys,Y,TXB,,Win,Standard,
Bottom (margin),B,Ala,A,TXB,,Win,Standard,
bottom window border,,ikkunan alareuna,,GEN,,Win,Standard,
box,,ruutu,,GEN,,Win,Standard,
branch,,haara,,GEN,,Win,Standard,segment of the directory tree
BREAK,,BREAK,,KEY,,Win,Standard,
Browse,,Selaa,,BUT,,Win,Standard,
"browse, to",,selata,,GEN,,Win,Standard,
buffer,,puskuri,,GEN,,Win,Standard,
Buffer Lines,L,Puskurin koko riveinä,S,TXB,,Win,Standard,
built-in font,,sisäinen fontti,,GEN,,Win,Standard,printer font
"button (push button, eg. ""OK"")",,painike,,GEN,,Win,Standard,
button (option button),,valintanappi,,GEN,,Win,Standard,
Button Face,,Painikkeen pinta,,DIA,,Win,Standard,
Button Shadow,,Painikkeen varjo,,DIA,,Win,Standard
Button Text,,Painikkeen teksti,,DIA,,Win,Standard
By File Type,T,Tiedostotyypin mukaan,I,COM,,Win,Standard
cable,,johto,,GEN,,Win,Standard
Calculator,,Laskin,,GEN,,Win,Standard
Calendar,,Kalenteri,,GEN,,Win,Standard
Calendar File,,Kalenteritiedosto,,DIA,,Win,Standard
Cancel,,Peruuta,,BUT,,Win,Standard
"cancel, to",,peruuttaa,,GEN,,Win,Standard
Cancel button,,Peruuta-painike,,GEN,,Win,Standard
Cancel Link,N,Peruuta linkki,E,BUT,,Win,Standard
Cancel Recording,C,Peruuta nauhoitus,C,DIA,,Win,Standard
Capacity,C,Levykoko,K,DIA,,Win,Standard
CAPS LOCK,,CAPS LOCK,,KEY,,Win,Standard
Caps Lock on (status bar text),,ISOT,,TXT,,Win,Standard
Card,C,Kortti,K,COM,,Win,Standard
Card File,,Korttitiedosto,,DIA,,Win,Standard,
Card View,,Korttinäyttö,,TXT,,Win,Standard,
Cardfile,,Kortisto,,GEN,,Win,Standard,
Cards,,korttia,,TXT,,Win,Standard,
Carriage Return,,CR,,GEN,,Win,Standard,character
carrier (for data signal),,kantoaalto,,GEN,,Win,Standard,
Carrier Detect,R,Kantoaallon tunnistus,U,CHX,,Win,Standard,
cartridge,T,kasetti,A,GEN,,Win,Standard,
Cascade,,Limittäin  ,L,COM,,Win,Standard,
cascading menu,,alivalikko,,GEN,,Win,Standard,
cascading windows,,limittäiset ikkunat,,GEN,,Win,Standard,
Center (alignment),C,Keskitetty,K,DIA,,Win,Standard,
centered ,,keskitetty,K,GEN,,Win,Standard,adjective
Centered (alignment),,Keskitetty  ,E,COM,,Win,Standard,
"change, to",C,muuttaa,,GEN,,Win,Standard,
Change,,Muuta,,BUT,,Win,Standard,
Change Icon,I,Vaihda kuvake,V,BUT,,Win,Standard
Change Link,H,Vaihda linkki,V,BUT,,Win,Standard
Change Password,,Vaihda salasana,,TDB,,Win,Standard
Change Selection,S,Korvaa valinta,F,BUT,,Win,Standard
character,,merkki,,GEN,,Win,Standard
Character,,Merkki  ,M,COM,,Win,Standard
Character at a time,C,Merkki kerrallaan,S,DIA,,Win,Standard
Character Map,,Merkistö,,DIA,,Win,Standard
character set,,merkistö,,GEN,,Win,Standard
"check, to",,valita,,GEN,,Win,Standard
check box,,valintaruutu,,GEN,,Win,Standard
checked command,,valittu komento,,GEN,,Win,Standard
checkmark,,valintamerkki,,GEN,,Win,Standard
chevrons,,kulmasulkeet,,GEN,,Win,Standard
"choose, to",,valita,,GEN,,Win,Standard
Clear,C,Tyhjennä,T,COM,,Win,Standard
Clear,C,Poista,O,BUT,,Win,Standard
"clear, to",,tyhjentää,,GEN,,Win,Standard
Clear,,Tyhjennä  ,Y,COM,,Win,Standard
"clear, to (undo check)",,poistaa valintamerkki,,GEN,,Win,Standard
Clear All,A,Poista kaikki,T,BUT,,Win,Standard
Clear All,,Tyhjennä kaikki  ,Y,COM,,Win,Standard
Clear Buffer,E,Tyhjennä puskuri,K,COM,,Win,Standard
Clear Clipboard,,Tyhjennä Leikepöytä,,TDB,,Win,Standard
Clear Screen,C,Tyhjennä näyttö,T,DIA,,Win,Standard
"click, to (Mouse)",,napsauttaa,,GEN,,Win,Standard
Clicks + Drags,,Napsautukset + vetäminen,K,DIA,,Win,Standard
Clipboard Viewer,,Leikepöydän tarkastelu,,GEN,,Win,Standard
Clock,,Kello,,GEN,,Win,Standard
Close,,Sulje  ,S,COM,,Win,Standard
"close, to",,sulkea,,GEN,,Win,Standard
Close All,,Sulje kaikki  ,S,COM,,Win,Standard
close box,,sulkemisruutu,,GEN,,Win,Standard
Close Window on Exit,C,Sulje ikkuna lopetettaessa,S,CHX,,Win,Standard
"collapse, to",,tiivistää,,GEN,,Win,Standard
Collapse Branch,C,Tiivistä haara,A,COM,,Win,Standard
Collate copies,,Lajittele kopiot  ,L,CHX,,Win,Standard
color,C,väri,,GEN,,Win,Standard
Color Palette,,Värivalikoima,,COM,,Win,Standard
Color Schemes,S,Värimallit,L,DIA,,Win,Standard
Color|Solid,O,Väri | Tasainen,T,TXT,,Win,Standard
Colors to Use,,Käytettäviä värejä,,DIA,,Win,Standard
column (text),,palsta,,GEN,,Win,Standard
column (spreadsheet),,sarake,,GEN,,Win,Standard
Column (status bar text),,SAR,,TXT,,Win,Standard
combo box,,yhdistelmäruutu,,GEN,,Win,Standard
Command,,Komento,K,TXB,,Win,Standard
command button,,komentopainike,,GEN,,Win,Standard
Command Line,D,Komentorivi,R,COM,,Win,Standard
command separator,,komentojen erotinviiva,,GEN,,Win,Standard
Commands,C,Komennot,K,COM,,Win,Standard
communication,,tietoliikenne,,GEN,,Win,Standard
Communications,C,Tietoliikenneasetukset,B,COM,,Win,Standard
"configure, to",,määrittää kokoonpano,,GEN,,Win,Standard
"confirm, to",,vahvistaa,,GEN,,Win,Standard
Confirm,C,Vahvista,2,BUT,,Win,Standard
Confirm Copy Disk,,Vahvista levykkeen kopiointi,,DIA,,Win,Standard
Confirm Directory Delete,,Vahvista hakemiston poisto,,DIA,,Win,Standard
Confirm File Delete,,Vahvista tiedoston poisto,,DIA,,Win,Standard
Confirm File Replace,,Vahvista tiedoston korvaus,,DIA,,Win,Standard
Confirm Format Disk,,Vahvista levykkeen alustus,,DIA,,Win,Standard
Confirm Mouse Operation,,Vahvista hiiritoiminto,,DIA,,Win,Standard
Confirm On,,Vahvista,,DIA,,Win,Standard
Confirm Page Breaks,B,Vahvista sivunvaihdot,S,CHX,,Win,Standard
Confirmation,C,Vahvista,V,COM,,Win,Standard
Connect,C,Yhdistä,Y,BUT,,Win,Standard
Connect,C,Yhdistä,Y,BUT,,Win,Standard
"connect, to (hardware)",,kytkeä,,GEN,,Win,Standard
"connect, to (hardware)",,liittää,,GEN,,Win,Standard
"connect, to (software)",,yhdistää,,GEN,,Win,Standard
Connect Net Drive,N,Yhdistä verkkoasema,Y,GEN,,Win,Standard
connector,,"liitin, portti",,GEN,,Win,Standard
Contents,,Sisällys  ,S,COM,,Win,Standard
Continuous form with page break,,Jatkolomake sivunvaihdoin,,DIA,,Win,Standard
Continuous Loop,,Jatkuva silmukka,N,CHX,,Win,Standard
Continuous printing,,Jatkuva tulostus,,DIA,,Win,Standard
Control menu,,ohjausvalikko,,MNU,,Win,Standard
control menu box,,ohjausvalikkoruutu,,GEN,,Win,Standard
Control Panel,,Ohjauspaneeli,,GEN,,Win,Standard
Control+Break Checking,C,Control+Break-tarkistus,,COM,,Win,Standard
Controls,C,Asetukset,S,COM,,Win,Standard
"convert, to",,muuntaa,,GEN,,Win,Standard
Convert,C,Muunna,Y,BUT,,Win,Standard
Copies,,Kopioita  ,O,DIA,,Win,Standard
Copy,,Kopioi  ,O,COM,,Win,Standard
Copy Bitmap,P,Kopioi bittikartta,O,COM,,Win,Standard
Copy Disk,C,Kopioi levyke,K,COM,,Win,Standard
Copy Disk Error,,Levykkeen kopiointivirhe,,DIA,,Win,Standard
Copy Package,K,Kopioi pakkaus,A,COM,,Win,Standard
Copy Program Item,,Kopioi ohjelma,,DIA,,Win,Standard
Copy Special,,Kopioi määräten  ,M,COM,,Win,Standard
Copy System files to Disk in,C,Kopioi järjestelmätiedostot levylle,K,DIA,,Win,Standard
Copy To,O,Kopioi mihin,M,COM,,Win,Standard
Copy to Clipboard,C,Kopioi Leikepöydälle,,DIA,,Win,Standard
Country,C,Maa,M,DIA,,Win,Standard
CR -> CR/LF,,CR -> CR/LF,J,DIA,,Win,Standard
"create, to",,luoda,,GEN,,Win,Standard
Create,,Luo,,BUT,,Win,Standard
Create Directory,E,Luo hakemisto,H,COM,,Win,Standard
critical message,,ilmoitus vakavasta virheestä,,GEN,,Win,Standard
"crop, to",,rajata,,GEN,,Win,Standard
cross-hair (pointer),,ristiosoitin,,GEN,,Win,Standard
CTRL,,CTRL,,KEY,,Win,Standard
Currency Format,U,Rahayksikön muoto,R,TXT,,Win,Standard
current,,nykyinen,,GEN,,Win,Standard
current,,käytössä oleva,,GEN,,Win,Standard
current,,aktiivinen,,GEN,,Win,Standard
Current directory,,Nykyinen hakemisto,,TXT,,Win,Standard
Current Drive Connections,V,Nykyiset yhteydet,N,DIA,,Win,Standard
Current Icon,C,Nykyinen kuvake,K,DIA,,Win,Standard
Current Printer Connections,R,Nykyiset verkkoyhteydet,N,DIA,,Win,Standard
Cursor Blink Rate,R,Kohdistimen vilkkumisnopeus,O,DIA,,Win,Standard
Cursor Position,C,Kohdistimen sijainti,K,COM,,Win,Standard,
cursored emphasis,,aktivoitu valinta,,GEN,,Win,Standard,
custom,,käyttäjän määrittämä,,GEN,,Win,Standard,
custom,,mukautettu,,GEN,,Win,Standard,
Custom Color Selector,,Muokatun värin valinta,,TDB,,Win,Standard,
Custom Colors,C,Muokatut värit,M,TXT,,Win,Standard,
Custom Field,,Mukautettu kenttä,,DIA,,Win,Standard,
"customize, to",,mukauttaa,,GEN,,Win,Standard,
Customize,,Mukauta  ,M,COM,,Win,Standard,
Cut,,Leikkaa  ,L,COM,,Win,Standard,
"cut, to",,leikata,,GEN,,Win,Standard,
Cut Bitmap,B,Leikkaa bittikartta,E,COM,,Win,Standard,
cutout,,Leikepöydän sisältö,,GEN,,Win,Standard,contents of the Clipboard
data bit,,databitti,,GEN,,Win,Standard,Terminal
data file,,datatiedosto,,GEN,,Win,Standard,
date format,D,päivämäärän muoto,,GEN,,Win,Standard,
Day,D,Päivä,P,COM,,Win,Standard
Day Leading Zero (07 vs. 7),D,Päivän etunolla (07 tai 7),P,CHX,,Win,Standard
Day Settings,D,Ajan asetukset,A,COM,,Win,Standard
Decimal Digits,D,Desimaalit,D,TXB,,Win,Standard
decimal separator,D,desimaalierotin,,GEN,,Win,Standard
Decrease Speed,E,Vähennä nopeutta,T,COM,,Win,Standard
Decrease Volume,D,Vähennä äänenvoimakkuutta,M,COM,,Win,Standard
default,,oletus,,GEN,,Win,Standard
Default Preferences,,Oletusmääritykset,,TDB,,Win,Standard
Default Printer,,Oletuskirjoitin,,DIA,,Win,Standard
Default Screen Saver,,Oletusnäytönsäästäjä,,DIA,,Win,Standard
"define, to",D,määrittää,,GEN,,Win,Standard
Define,,Määritä  ,M,COM,,Win,Standard
Define Custom Colors,D,Määritä muokatut värit,Ä,BUT,,Win,Standard
DEL,,DEL,,KEY,,Win,Standard
Delay,D,Viive,V,TXB,,Win,Standard
Delay Between Characters,D,Merkkien väli,,CHX,,Win,Standard
Delay Between Lines,B,Rivien väli,V,CHX,,Win,Standard
"delete, to",,poistaa,,GEN,,Win,Standard
Delete,,Poista  ,P,COM,,Win,Standard
Delete After Current Position,A,Poista nykyisen kohdan jälkeen,E,COM,,Win,Standard
Delete Before Current Position,B,Poista ennen nykyistä kohtaa,O,COM,,Win,Standard
Delete File,,Poista tiedosto,,TXT,,Win,Standard
Delete Subtree,,Poista hakemisto(t),,TXT,,Win,Standard
Description,D,Kuvaus,K,DIA,,Win,Standard
Deselect,D,Kumoa valinta,,BUT,,Win,Standard
"deselect, to",,kumota valinta,,GEN,,Win,Standard
desk accessory,,apuohjelmat,,GEN,,Win,Standard
desktop,,työpöytä,,GEN,,Win,Standard
Desktop - Edit Pattern,,Työpöytä - Muokkaa taustakuvio,,DIA,,Win,Standard
Destination In,D,Kohde,K,DIA,,Win,Standard
"detach, to",,irrottaa,,GEN,,Win,Standard
Details,,Tiedot,,DIA,,Win,Standard,
Detect Idle Time,D,Käytä odotusaika,K,CHX,,Win,Standard,
Device,D,Laite,L,MNU,,Win,Standard,
Dial,D,Soita,A,COM,,Win,Standard,
Dial Type,T,Signaali,G,DIA,,Win,Standard,
dialog box,,valintaikkuna,,GEN,,Win,Standard,
dialog box title,,valintaikkunan nimi,,GEN,,Win,Standard,
diamond,,vinoneliö,,GEN,,Win,Standard,
Digital,D,Digitaalinen,D,COM,,Win,Standard,
dimmed,,himmennetty,,GEN,,Win,Standard,command grayed
dimmed command,,himmennetty komento,,GEN,,Win,Standard,
dip switch,,DIP-kytkin,,GEN,,Win,Standard,hardware device
Direction,,Suunta,,DIA,,Win,Standard,
direction key (keyboard),,nuolinäppäin,,GEN,,Win,Standard,
Directly Modifies,,Käsittelee suoraan,,TXT,,Win,Standard,
directory,,hakemisto,,GEN,,Win,Standard,
directory icon,,hakemistokuvake,,GEN,,Win,Standard,
Directory Only,O,Vain hakemisto,H,COM,,Win,Standard,
directory tree,,hakemistopuu,,GEN,,Win,Standard,
Disabled (button),,Ei valittavissa,,GEN,,Win,Standard,
Disabled Text,,Himmennetty teksti,,DIA,,Win,Standard,
disconnect (hardware),D,irrottaa,,GEN,,Win,Standard,
disconnect (software),D,katkaista yhteys,,GEN,,Win,Standard,
Disconnect Net Drive,D,Katkaise yhteys verkkoasemaan,K,GEN,,Win,Standard,
disk,D,levy,,GEN,,Win,Standard,
disk cache,,levyn välimuisti,,GEN,,Win,Standard,SMARTDrive
Disk Commands,K,Levykomennot,L,CHX,,Win,Standard,
disk drive,,levyasema,,GEN,,Win,Standard,
disk icon,,levykuvake,,GEN,,Win,Standard,
disk-drive icon,,levyasemakuvake,,GEN,,Win,Standard,
diskette,,levyke,,GEN,,Win,Standard,
Display,D,Näytä,N,MNU,,Win,Standard,
Display Bitmap,Y,Näyttöbittikartta,Ä,GEN,,Win,Standard
Display Options,,Näytä vaihtoehdot,,DIA,,Win,Standard
Display Text,L,Näyttöteksti,N,COM,,Win,Standard
Display Usage,,Käyttö,,TXT,,Win,Standard
Distance from Bottom,D,Etäisyys alareunasta,T,TXB,,Win,Standard
Distance from Top,D,Etäisyys yläreunasta,,TXB,,Win,Standard
DMY (date format),,PKV,,DIA,,Win,Standard
document,,tiedosto,,GEN,,Win,Standard
document,,asiakirja,,GEN,,Win,Standard
document,,asiakirjatiedosto,,GEN,,Win,Standard
Document,,Tiedosto  ,T,COM,,Win,Standard
document icon,,tiedostokuvake,,GEN,,Win,Standard
document window,,tiedostoikkuna,,GEN,,Win,Standard
Domain,D,Alue,A,DIA,,Win,Standard
Domain error,,Aluevirhe,,TXT,,Win,Standard
Done,,Valmis,,BUT,,Win,Standard
dotted,,piste-,,GEN,,Win,Standard,Paintbrush; Write; selection frame
Double Click Speed,D,Kaksoisnapsautuksen nopeus,K,DIA,,Win,Standard,
Double Space,D,Riviväli 2,M,COM,,Win,Standard,
Double underline,,Kaksoisalleviivattu  ,T,COM,,Win,Standard,
"double-click, to",,kaksoisnapsauttaa,,GEN,,Win,Standard,
"double-drag, to",,kaksoisnapsauttaa ja vetää,,GEN,,Win,Standard,
Down,D,Alas,A,DIA,,Win,Standard,
Down,D,Alas,E,BUT,,Win,Standard,
Down,,Alas  ,A,OPT,,Win,Standard,
DOWN ARROW,,ALANUOLI,,KEY,,Win,Standard,
down scroll arrow,,alavieritysnuoli,,GEN,,Win,Standard,
"download, to",,ladata,,GEN,,Win,Standard,e.g. font downloading
Download each job,L,Lähetä joka työn yhteydessä,H,DIA,,Win,Standard,
Draft,D,Vedos,V,DIA,,Win,Standard,
"drag, to (with Mouse)",,vetää,,GEN,,Win,Standard,
"drag-and-drop, to",,vetää ja pudottaa,,GEN,,Win,Standard,
drawing,,piirros,,GEN,,Win,Standard,
drawing area,,piirtoalue,,GEN,,Win,Standard,
drawing tool,,piirtotyökalu,,GEN,,Win,Standard,
drive (eg. disk drive),,asema,,GEN,,Win,Standard,
drive icon,,asemakuvake,,GEN,,Win,Standard,
driver,,ohjain,,GEN,,Win,Standard,e.g. printer driver; mouse driver
"drop, to (with Mouse)",,pudottaa,,GEN,,Win,Standard,
drop-down combo box,,avattava yhdistelmäruutu,,GEN,,Win,Standard,
drop-down list box,,avattava luetteloruutu,,GEN,,Win,Standard,
drop-down menu,,valikko,,GEN,,Win,Standard,
Dual bin feeder,,Kaksi syöttölokeroa,,DIA,,Win,Standard,
Duplex Printing,,Kaksipuolinen tulostus,,DIA,,Win,Standard,
Duplicate,P,Tee kopio,T,COM,,Win,Standard,
Early Ring (0 - 10),E,Ennakkohälytys (0 - 10),E,TXB,,Win,Standard,
"edit, to",,muokata,,GEN,,Win,Standard,
Edit,,Muokkaa  ,M,COM,,Win,Standard,
Edit Colors,E,Muokkaa värejä,M,COM,,Win,Standard,
edit control,,muokkausruutu,,GEN,,Win,Standard,
Edit Pattern,P,Muokkaa taustakuvio,M,BUT,,Win,Standard,
ellipsis,,kolme pistettä,,GEN,,Win,Standard,
"embed, to",,upottaa,,GEN,,Win,Standard,
EMS Memory, ,EMS-muisti,,GEN,,Win,Standard,
EMS Memory Locked,K,EMS-muisti lukittu,M,CHX,,Win,Standard,
"emulate, to",,emuloida,,GEN,,Win,Standard,
Emulate Text Mode,E,Emuloi tekstitilaa,U,CHX,,Win,Standard,
Enable Shortcut Keys,,Pikanäppäimet käytössä,,CHX,,Win,Standard,
Enable TrueType Fonts,E,TrueType-fontit käytössä,T,CHX,,Win,Standard,
Encapsulated PostScript File,N,Encapsulated PostScript -tiedostoon,N,DIA,,Win,Standard,
END,,END,,KEY,,Win,Standard,
end mark,,loppumerkki,,GEN,,Win,Standard,Write
End Task,E,Lopeta tehtävä,L,BUT,,Win,Standard,
enhancement,,parannus,,GEN,,Win,Standard,
enhancement,,laajennus,,GEN,,Win,Standard
Enlarge Font,E,Suurenna fontti,,COM,,Win,Standard
"enter, to",,kirjoittaa,,GEN,,Win,Standard
ENTER,,ENTER,,KEY,,Win,Standard
enter box,,muokkausruutu,,GEN,,Win,Standard
entry field,,muokkausruutu,,GEN,,Win,Standard
Envelope,,Kirjekuori,,DIA,,Win,Standard
"erase, to",,poistaa,,GEN,,Win,Standard
Error,,Virhe,,GEN,,Win,Standard
ESC,,ESC,,KEY,,Win,Standard
Even,,Parillinen,K,DIA,,Win,Standard
Everything,,Kaikki,,DIA,,Win,Standard
Exclusive,X,Yksinomaan,Y,CHX,,Win,Standard
Exclusive in Foreground,E,Yksinomaan edustalla,Y,CHX,,Win,Standard
Execution,,Suoritus,,TXT,,Win,Standard
Exit,,Lopeta  ,L,COM,,Win,Standard
Exit and return to,,Lopeta ja palaa tiedostoon  ,L,COM,,Win,Standard
"expand, to",,laajentaa,,GEN,,Win,Standard
Expand All,A,Laajenna kaikki,K,COM,,Win,Standard
Expand Branch,B,Laajenna haara,L,COM,,Win,Standard
Expand One Level,X,Laajenna yksi taso,Y,COM,,Win,Standard
expandable dialog box,,laajennettava valintaikkuna,,GEN,,Win,Standard
expanded memory,,EMS-muisti,,GEN,,Win,Standard
Export,X,Vie,V,COM,,Win,Standard
"extend selection, to",,laajentaa valintaa,,GEN,,Win,Standard
Extend selection on (status bar text),,LAAJ,,TXT,,Win,Standard
Face Down,,Teksti alaspäin,,DIA,,Win,Standard
Face Up,,Teksti ylöspäin,,DIA,,Win,Standard
Fast,,Nopea,,DIA,,Win,Standard
"Fast ""Alt+Tab"" switching",L,"Nopea ""ALT+SARKAIN"" -vaihto",L,CHX,,Win,Standard
feature,,piirre,,GEN,,Win,Standard
feature,,ominaisuus,,GEN,,Win,Standard
feature,,toiminto,,GEN,,Win,Standard,
file,,tiedosto,,GEN,,Win,Standard,
File,,Tiedosto  ,T,MNU,,Win,Standard,
File Attributes, ,Tiedoston määritteet, ,GEN,,Win,Standard,
File Delete,D,Tiedoston poisto,T,CHX,,Win,Standard,
file list box,,tiedostoluetteloruutu,,GEN,,Win,Standard,
File Manager,,Tiedostonhallinta,,GEN,,Win,Standard,
file name,,tiedostonimi  ,,GEN,,Win,Standard,
File Replace,R,Tiedoston korvaus,K,CHX,,Win,Standard,
File Search Error,,Tiedoston hakuvirhe,,DIA,,Win,Standard,
File Type,,Tiedostotyyppi,,DIA,,Win,Standard,
Files With Extension,F,"Tiedostot, joiden tunniste on",T,TXB,,Win,Standard,
filled (graphical object),,täytetty,,GEN,,Win,Standard,Paintbrush
Find,,Etsi  ,E,COM,,Win,Standard,
Find Next,,Etsi seuraava  ,E,BUT,,Win,Standard,
Find What,,Etsittävä  ,E,DIA,,Win,Standard,
First Line,F,Ensimmäinen rivi,I,TXB,,Win,Standard,
Flags,,Merkit,,GEN,,Win,Standard,File Manager
"flash, to",,vilkkua,,GEN,,Win,Standard,cursor
Flash if Inactive,F,Vilkuta jos passiivinen,I,COM,,Win,Standard,
Flashing vertical bar,,Vilkkuva pystypalkki,,GEN,,Win,Standard,
Flip Horizontal,H,Käännä vaakatasossa,V,COM,,Win,Standard,
Flip Vertical,V,Käännä pystytasossa,P,COM,,Win,Standard,
floppy disk,,levyke,,GEN,,Win,Standard,
Flow Control,F,Vuonohjaus,V,DIA,,Win,Standard,
folder,,kansio,,GEN,,Win,Standard,
Following CR,,CR:n jälkeen,,TXT,,Win,Standard,
font,,fontti,,GEN,,Win,Standard,
Font,,Fontti  ,F,DIA,,Win,Standard,
font box,,fonttiruutu,,GEN,,Win,Standard,
font size box,,fonttikokoruutu,,GEN,,Win,Standard,
Font Style,,Tyyli  ,T,DIA,,Win,Standard,
Footer,F,Alatunniste,J,COM,,Win,Standard,
foreground,,edusta,,GEN,,Win,Standard,
Foreground,F,Edustalla,E,DIA,,Win,Standard,
Foreground Priority,F,Edustasuorituksen prioriteetti,E,TXB,,Win,Standard,
"format, to (disk)",,alustaa ,,GEN,,Win,Standard,
"format, to (text)",,muotoilla,,GEN,,Win,Standard,
Format ,,Muotoile  ,E,MNU,,Win,Standard,
formula box,,kaavaruutu,,GEN,,Win,Standard,
found,,löytyi,,GEN,,Win,Standard,
Four-headed arrow,,Nelipäinen nuoli,,GEN,,Win,Standard,cursor
four-headed arrow pointer,,nelipäinen nuoli,,GEN,,Win,Standard,
free,,vapaana,,GEN,,Win,Standard,
"freeze, to",,kiinnittää,,GEN,,Win,Standard,
From ,,Mistä  ,M,DIA,,Win,Standard,
Full Menus,,Pitkät valikot  ,V,COM,,Win,Standard,
Full Screen,U,Koko näyttö,K,DIA,,Win,Standard,
function keys,,funktionäppäimet,,GEN,,Win,Standard,
Games,,Pelit,,GEN,,Win,Standard,
generic object,,yleinen objekti,V,TXT,,Win,Standard,Write
Get Colors,G,Hae värit,H,COM,,Win,Standard,
Glossary,,Sanasto  ,N,BUT,,Win,Standard,
Go To,,Siirry ,S,COM,,Win,Standard,
Go To Page,G,Siirry sivulle,,COM,,Win,Standard,
goto/gosub button,,valintaikkunan avaava painike,,GEN,,Win,Standard,
Granularity,G,Tiheys,H,TXB,,Win,Standard,
Graphics Resolution,,Grafiikan tarkkuus,G,DIA,,Win,Standard,
Graphics/Multiple Text,,Grafiikka/teksti,,CHX,,Win,Standard,
grayed command,,himmennetty komento,,GEN,,Win,Standard,
group box,,ryhmän kehys,,GEN,,Win,Standard,
Group File,G,Ryhmätiedosto,R,TXB,,Win,Standard,
group icon,,ryhmäkuvake,,GEN,,Win,Standard,
group window,,ryhmäikkuna,,GEN,,Win,Standard,
handle ,,kahva,,GEN,,Win,Standard,
Handshake,,Kättely,,DIA,,Win,Standard,
hanging indent,,riippuva sisennys,,GEN,,Win,Standard,Write
Hangup,H,Katkaise,P,COM,,Win,Standard,
hard disk,,umpilevy,,GEN,,Win,Standard,
Hardware,H,Laitteisto,L,DIA,,Win,Standard,
Header,H,Alustus,A,DIA,,Win,Standard,
Header,H,Ylätunniste,Y,COM,,Win,Standard,
Height,H,Korkeus,K,TXB,,Win,Standard,
Help,,Ohje  ,O,MNU,,Win,Standard,
Help,,Ohje,,BUT,,Win,Standard,
help window,,ohjeikkuna,,GEN,,Win,Standard,
Hidden,I,Piilotettu,P,CHX,,Win,Standard,
Hide,,Piilota  ,P,COM,,Win,Standard,
"hide, to",,piilottaa,,GEN,,Win,Standard,
Hide Function Keys,K,Piilota funktionäppäimet,,COM,,Win,Standard,
High Graphics,,Suuri tarkkuus,,CHX,,Win,Standard,
high memory area,,ylämuistialue,,GEN,,Win,Standard,
High Priority, ,suuri prioriteetti, ,GEN,,Win,Standard,
"highlight, to",,"valita, korostaa",,GEN,,Win,Standard,
Highlighted,,Korostettu,,TXT,,Win,Standard,
highlighted command,,korostettu komento,,GEN,,Win,Standard,
Highlighted Text,,Korostettu teksti,,DIA,,Win,Standard,
History,,Luetut  ,L,BUT,,Win,Standard,
"hold down, to",,pitää alhaalla,,GEN,,Win,Standard,
HOME,,HOME,,KEY,,Win,Standard,
hook,,"yhdistää, liittää",,GEN,,Win,Standard,Terminal
hook up,,"yhdistää, liittää",,GEN,,Win,Standard,Terminal
Horizontal,H,Vaaka,V,DIA,,Win,Standard,
horizontal scroll bar,,vaakasuora vierityspalkki,,GEN,,Win,Standard,
horizontal split bar,,vaakasuora jakopalkki,,GEN,,Win,Standard,
host ,,isäntä,,GEN,,Win,Standard,e.g. host computer
Hour Format,H,Ajan muoto,M,DIA,,Win,Standard,
hourglass,,tiimalasi,,GEN,,Win,Standard,
How to use Help,,Ohjeen käyttö  ,K,COM,,Win,Standard,
Hue,H,Sävy,S,TXB,,Win,Standard,
I-beam (pointer),,I-osoitin,,GEN,,Win,Standard,
icon,,kuvake,,GEN,,Win,Standard,
ID,,tunnus,,GEN,,Win,Standard,
idle,,vapaa,,GEN,,Win,Standard,Print Manager
Idle (in sec.),I,Odotusaika (sekuntia),D,DIA,,Win,Standard,
Ignore,,Jätä huomiotta,,COM,,DOS,Standard,
Ignore if Inactive,I,Jätä huomiotta jos passiivinen,J,COM,,Win,Standard,
Ignore Mouse,,Jätä hiiri huomiotta,,DIA,,Win,Standard,
Image Attributes,I,Kuvan ominaisuudet,K,COM,,Win,Standard,
image scanner (hardware),,kuvanlukija,,GEN,,Win,Standard,hardware device
"import, to",,tuoda,,GEN,,Win,Standard,
Import,I,Tuo,T,COM,,Win,Standard,
in (inch),,tuuma,,DIA,,Win,Standard
inactive,,passiivinen,,GEN,,Win,Standard
Inactive Border,,Passiivinen reuna,,DIA,,Win,Standard
Inactive Title Bar,,Passiivinen otsikkorivi,,DIA,,Win,Standard
Inactive Title Bar Text,,Passiivisen otsikon teksti,,DIA,,Win,Standard
inactive window,,passiivinen ikkuna,,GEN,,Win,Standard
Inbound,I,Vastaanotossa,,CHX,,Win,Standard
Increase Speed (by 100%),N,Lisää nopeutta (100 %),L,COM,,Win,Standard
Increase Volume (by 25%),I,Lisää äänenvoimakkuutta (25 %),S,COM,,Win,Standard
Indents,I,Sisennykset,,COM,,Win,Standard
Index,I,Otsikko,O,COM,,Win,Standard
Index Line,I,Otsikkorivi,S,TXB,,Win,Standard
Indicate Expandable Branches,I,Merkitse laajennettavat haarat,M,COM,,Win,Standard
Info,I,Info,F,MNU,,Win,Standard
Info,I,Tietoja,T,BUT,,Win,Standard
information message,,sanoma,,GEN,,Win,Standard
input,,syöte,,GEN,,Win,Standard
INS,,INS,,KEY,,Win,Standard
"insert, to",,lisätä,,GEN,,Win,Standard
Insert,,Lisää ,L,MNU,,Win,Standard
Insert File,I,Lisää tiedosto,E,COM,,Win,Standard
Insert Icon,I,Lisää kuvake,L,BUT,,Win,Standard
Insert New Object,,Lisää objekti,,DIA,,Win,Standard
Insert Object,N,Lisää objekti,B,COM,,Win,Standard
Insert Page #,I,Lisää sivunumero,V,BUT,,Win,Standard
Insert source and destination disks.,,Laita lähde- ja kohdelevykkeet asemiin.,,TXT,,Win,Standard
insertion point,,lisäyskohta,,GEN,,Win,Standard
"install, to",,asentaa,,GEN,,Win,Standard
Install,I,Asenna,S,BUT,,Win,Standard
Install Driver,,Asenna ohjain,,DIA,,Win,Standard
Installed Fonts,F,Asennetut fontit,A,DIA,,Win,Standard
Installed Printers,P,Asennetut kirjoittimet,E,DIA,,Win,Standard
interface,,(käyttö)liittymä,,GEN,,Win,Standard
International,I,Maa-asetukset,M,COM,,Win,Standard
International - Currency Format,,Maa-asetukset - Rahayksikön muoto,,DIA,,Win,Standard
International - Date Format,,Maa-asetukset - Päivämäärän muoto,,DIA,,Win,Standard
International - Number Format,,Maa-asetukset - Luvun muoto,,DIA,,Win,Standard
International - Time Format,,Maa-asetukset - Ajan muoto,,DIA,,Win,Standard
Interrupt Request Line (IRQ),I,Keskeytys (IRQ),K,DIA,,Win,Standard
Interval,I,Väli,V,DIA,,Win,Standard
invalid,,epäkelpo,,GEN,,Win,Standard
Inverse,I, Käänteinen,N,COM,,Win,Standard
Italic,,Kursivoitu  ,K,COM,,Win,Standard
job,,työ,,GEN,,Win,Standard
Job Timeout,J,Työn aikakatkaisu,Y,DIA,,Win,Standard
Justified,,Molemmat reunat  ,M,COM,,Win,Standard
Keep,K,Säilytä,,BUT,,Win,Standard
Key Level,L,Näppäintaso,,DIA,,Win,Standard
key map,K,kosketinkartta,,GEN,,Win,Standard
Key Map Name,M,Kosketinkartan nimi,,TXB,,Win,Standard
Key Name,,Näppäin,N,TXB,,Win,Standard
keyboard,,näppäimistö  ,,GEN,,Win,Standard
Keyboard Layout,K,Näppäimistön asettelu,N,DIA,,Win,Standard
Keyboard Speed,,Näppäimistön nopeus,,DIA,,Win,Standard
Keys Visible,V,Näytä näppäimet,T,CHX,,Win,Standard
keystrokes,,näppäinpainallukset,,GEN,,Win,Standard
label,,nimi,,GEN,,Win,Standard
label,,otsikko,,GEN,,Win,Standard
Label Disk,L,Nimeä levy,N,COM,,Win,Standard
Landscape,,Vaaka  ,V,OPT,,Win,Standard
Language,L,Kieli,K,DIA,,Win,Standard
Large Capacity,,Suurikapasiteettinen,,DIA,,Win,Standard
Last Change,,Viimeisin muutos,,TXT,,Win,Standard
Last Modification Date,M,Viimeisimmän muutoksen päiväys,P,CHX,,Win,Standard
Last Modification Time,T,Viimeisimmän muutoksen aika,A,CHX,,Win,Standard,
LCD Default Screen Settings,,LCD-näytön oletusvärit,,DIA,,Win,Standard,
LCD Reversed - Dark/Light,,Käänteinen LCD - tumma/vaalea,,DIA,,Win,Standard,
leading zero,L,etunolla,,GEN,,Win,Standard,
Left (margin),L,Vasen,V,TXB,,Win,Standard,
Left (alignment),L,Vasen,,COM,,Win,Standard,
Left aligned,,Vasen  ,V,COM,,Win,Standard,
LEFT ARROW,,VASEN NUOLI,,KEY,,Win,Standard,
Left Indent,L,Vasen,S,TXB,,Win,Standard,
left scroll arrow,,vasen vieritysnuoli,,GEN,,Win,Standard,
left window border,,ikkunan vasen reuna,,GEN,,Win,Standard,
Length,,Pituus,J,TXT,,Win,Standard,
Letter Quality,,Kirjelaatu,,DIA,,Win,Standard,
level,,taso,,GEN,,Win,Standard,Terminal
Libraries,,Kirjastot,,DIA,,Win,Standard,
Line (status bar text),,RI,,TXT,,Win,Standard,
Line at a time,L,Rivi kerrallaan,,DIA,,Win,Standard
Line Wrap,W,Automaattinen rivinvaihto,,CHX,,Win,Standard
Lines,L,Viivoja,V,DIA,,Win,Standard
Link,K,Linkit,N,COM,,Win,Standard
"link, to",,linkittää,,GEN,,Win,Standard
linked edit/list box,,muokkaus- ja luetteloruutujen ryhmä,,GEN,,Win,Standard
Links,K,Linkit,,COM,,Win,Standard
list,,luettelo,,GEN,,Win,Standard
list box,,luetteloruutu,,GEN,,Win,Standard
List Files of Type,,Luettele tiedostot tyypeittäin  ,L,DIA,,Win,Standard
List of Fonts,F,Fonttiluettelo,F,DIA,,Win,Standard
List of Printers,L,Kirjoitinluettelo,K,DIA,,Win,Standard
list separator,S,luetteloerotin,,GEN,,Win,Standard
List View,,Luettelonäyttö,,TXT,,Win,Standard
"load, to",,ladata,,GEN,,Win,Standard
Local Echo,E,Kaiutus,R,CHX,,Win,Standard
Local Port,,Paikallinen portti,,DIA,,Win,Standard,
Lock Application Memory,L,Lukitse sovelluksen muisti.,L,CHX,,Win,Standard,
Log,,Loki,,GEN,,Win,Standard,Terminal; log file
"log on, to",,kirjoittautua sisään,,GEN,,Win,Standard,Terminal
Long,,Pitkä,,TXT,,Win,Standard,
Long Date Format,,Pitkä päivämäärän muoto,,DIA,,Win,Standard,
Long Edge,L,Pitkä sivu,P,DIA,,Win,Standard,
loop,,silmukka,,GEN,,Win,Standard,
Low Graphics,,Pieni tarkkuus,,CHX,,Win,Standard,
Low Priority, ,pieni prioriteetti, ,GEN,,Win,Standard,
Lower Case,L,Pienet kirjaimet,P,CHX,,Win,Standard,
Lower Tray,,Alalokero,,DIA,,Win,Standard,
Macro ,,Makro  ,R,MNU,,Win,Standard,
Macro Name,N,Makron nimi,,TXB,,Win,Standard,
Macro Properties,,Makron ominaisuudet,,TDB,,Win,Standard,
Macro Recorder,,Makronauhuri,,GEN,,Win,Standard,
Macro Recorder on,,NAUH,,TXT,,Win,Standard,
Main,,Varusohjelmat,,GEN,,Win,Standard,
Make System Disk,M,Tee järjestelmälevyke,T,COM,,Win,Standard,
Manual,M,Manuaalinen,M,DIA,,Win,Standard,
Manual Feed,,Käsinsyöttö,,DIA,,Win,Standard,
Margins,,Reunukset,,DIA,,Win,Standard,
Mark,M,Merkitse,M,COM,,Win,Standard,
Mark,,Merkki,,DIA,,Win,Standard,+ Terminal
Mark,K,Merkitse,M,COM,,Win,Standard,
"mark, to",,valita,,GEN,,Win,Standard,
"mark, to",,merkitä,,GEN,,Win,Standard,
Mark Symbol,,Merkki,,TXT,,Win,Standard,
marker,,merkki,,GEN,,Win,Standard,
marquee,,valintakehys,,GEN,,Win,Standard,
Marquee Setup (Screen Saver),,Viestin asetukset,,TDB,,Win,Standard,
Match Case,,Sama kirjainkoko  ,O,CHX,,Win,Standard,
Match Upper/Lowercase,M,Sama kirjainkoko,,CHX,,Win,Standard
Match Whole Word Only,,Koko sana  ,K,CHX,,Win,Standard
Maximize,,Suurenna  ,U,COM,,Win,Standard
"maximize, to",,suurentaa,,GEN,,Win,Standard
maximize button,,suurennuspainike,,GEN,,Win,Standard
MDY (date format),,KPV,,DIA,,Win,Standard
Measurement,M,Mittajärjestelmä,I,DIA,,Win,Standard
Measurements,,Mittayksikkö,,TXT,,Win,Standard
Media Player,,Mediasoitin,,GEN,,Win,Standard
Medium Priority,M,Keskiprioriteetti,E,COM,,Win,Standard
memory,,muisti,,GEN,,Win,Standard
Memory Options,,Muisti,,DIA,,Win,Standard
Memory Requirements,,Muistivaatimukset,,TXT,,Win,Standard
memory-resident,,muistiin jäävä,,GEN,,Win,Standard
memory-resident program,,muistiin jäävä ohjelma,,GEN,,Win,Standard
menu,,valikko,,GEN,,Win,Standard
menu bar,,valikkorivi,,GEN,,Win,Standard,
menu command,,valikon komento,,GEN,,Win,Standard,
menu item,,valikon vaihtoehto,,GEN,,Win,Standard,
menu name,,valikon nimi,,GEN,,Win,Standard,
menu option,,valikon vaihtoehto,,GEN,,Win,Standard,
Menu Text,,Valikkoteksti,,DIA,,Win,Standard,
"merge, to",,yhdistää,,GEN,,Win,Standard,
Merge,M,Yhdistä,Y,COM,,Win,Standard,
message bar,,sanomarivi,,GEN,,Win,Standard,
message box,,sanomaruutu,,GEN,,Win,Standard,
message line,,sanomarivi,,GEN,,Win,Standard,
metric,,metrinen,,GEN,,Win,Standard,ajd.: e.g. metric system
MIDI Mapper,,MIDI-kartoitin,,GEN,,Win,Standard,
Minesweeper,,Miinaharava,,GEN,,Win,Standard,
Minimize,,Pienennä  ,I,COM,,Win,Standard,
"minimize, to",,pienentää,,GEN,,Win,Standard,
minimize button,,pienennyspainike,,GEN,,Win,Standard
Minimize on Use,M,Pienennä käytettäessä,P,COM,,Win,Standard
Minimum Timeslice (in msec),M,Vähimmäisajankäyttö (millisekuntia),H,TXB,,Win,Standard
Mix with File,M,Miksaa tiedoston kanssa,K,COM,,Win,Standard
Mode,M,Tila,I,MNU,,Win,Standard
Modem Commands,D,Modeemin ohjaus,,COM,,Win,Standard
Modem Defaults,M,Modeemi,V,DIA,,Win,Standard
Monitor Ports,T,Näyttöportit,N,TXT,,Win,Standard
Monochrome,,Yksivärinen,,DIA,,Win,Standard
Monochrome bitmap,,Yksivärinen bittikartta,,DIA,,Win,Standard
Month,M,Kuukausi,K,COM,,Win,Standard
Month Leading Zero (02 vs. 2),M,Kuukauden etunolla (02 tai 2),K,CHX,,Win,Standard
More,,Lisää,,BUT,,Win,Standard
More Windows,M,Lisää ikkunoita,I,COM,,Win,Standard
Mouse,,Hiiri  ,H,COM,,Win,Standard
Mouse Action,M,Hiiritoiminnot,H,CHX,,Win,Standard
Mouse Coordinates Relative to,,Hiiren koordinaatit suhteutettu,,TXT,,Win,Standard,
mouse pointer,,hiiriosoitin,,GEN,,Win,Standard,
Mouse Tracking Speed,M,Hiiren seurantanopeus,H,DIA,,Win,Standard,
Move,,Siirrä  ,R,COM,,Win,Standard,
"move, to",,siirtää,,GEN,,Win,Standard,
Move Picture,M,Siirrä kuva,,COM,,Win,Standard,
Move Program Item,,Siirrä ohjelma,,DIA,,Win,Standard,
MS-DOS Prompt,,MS-DOS-kehote,,GEN,,Win,Standard,
MSP file,,MSP-tiedosto,,DIA,,Win,Standard,
Multiple Random Colors,M,Monta satunnaista väriä,M,DIA,,Win,Standard,
Multitasking Options,,Moniajo,,DIA,,Win,Standard,
Negative,N,Negatiivinen,N,DIA,,Win,Standard,
"nest, to",,sisäkkäistää,,GEN,,Win,Standard,Recorder
Net Connections,N,Verkkoyhteydet,V,COM,,Win,Standard,
network,,(tieto)verkko,,GEN,,Win,Standard,
network connections,C,verkkoyhteydet,,GEN,,Win,Standard,
Network Disk Resources,,Verkkolevyn resurssit,,DIA,,Win,Standard
network error,,verkkovirhe,,GEN,,Win,Standard
Network Options,,Verkkoasetukset,,DIA,,Win,Standard
network path,N,verkkopolku,,GEN,,Win,Standard
Network Queue,N,Verkkojono,V,TXB,,Win,Standard
Network Servers,S,Verkkopalvelimet,V,DIA,,Win,Standard
Network Settings,N,Verkkoasetukset,V,COM,,Win,Standard
Never Warn,N,Ei varoitusta,E,DIA,,Win,Standard
New,,Uusi  ,U,COM,,Win,Standard
New Connection,,Uusi yhteys,,DIA,,Win,Standard
New Password,N,Uusi salasana,U,DIA,,Win,Standard
New Program Object,,Uusi ohjelmaobjekti,,DIA,,Win,Standard
New window,,Uusi ikkuna  ,U,COM,,Win,Standard
Next,,Seuraava  ,E,COM,,Win,Standard
Next window,,Seuraava ikkuna  ,S,COM,,Win,Standard
No,,Ei,,BUT,,Win,Standard
No Conversion,N,Ei muuntoa,I,BUT,,Win,Standard,
No Screen Exchange,E,Ei näytön vaihtoa,E,CHX,,Win,Standard,
No Title,N,Ei otsikkoa,E,COM,,Win,Standard,
Non-Windows Applications,,Ei-Windows-sovellukset,,DIA,,Win,Standard,
None,,Ei mitään,,DIA,,Win,Standard,
Normal,N,Normaali,L,COM,,Win,Standard,
Notepad,,Muistio,,GEN,,Win,Standard,
Null Modem (cable),,Nollamodeemi (kaapeli),,GEN,,Win,Standard,Terminal
NUM LOCK,,NUM LOCK,,KEY,,Win,Standard,
Num Lock on (status bar text),,NUM,,TXT,,Win,Standard,
Number,,Luku  ,L,COM,,Win,Standard,
Number,N,Numero,N,TXB,,Win,Standard,
Number Format,N,Luvun muoto,U,TXT,,Win,Standard,
Number of copies,N,Kopioita,P,TXB,,Win,Standard,
NUMPAD *,,NUM *,,KEY,,Win,Standard,
NUMPAD +,,NUM +,,KEY,,Win,Standard,
NUMPAD -,,NUM  -,,KEY,,Win,Standard,
NUMPAD /,,NUM /,,KEY,,Win,Standard,
NUMPAD ENTER,,NUM ENTER,,KEY,,Win,Standard,
Object,,Objekti  ,B,COM,,Win,Standard,
object,,objekti,,GEN,,Win,Standard,
Object Packager,,Objektin pakkaus,,GEN,,Win,Standard,
Object Type,O,Objektin tyyppi,O,DIA,,Win,Standard,
Object Update,,Objektin päivitys,,TDB,,Win,Standard,
Odd,,Pariton,O,DIA,,Win,Standard,
OEM Text,O,OEM-teksti,O,COM,,Win,Standard,
off-line,,erillinen,,GEN,,Win,Standard,
off-line,,off-line,,GEN,,Win,Standard,printer status
OK,,OK,,BUT,,Win,Standard,
on-line,,suora,,GEN,,Win,Standard,
on-line,,suoraan kytketty,,GEN,,Win,Standard,
on-line,,on-line,,GEN,,Win,Standard,printer status
"open, to ",,avata,,GEN,,Win,Standard
Open,,Avaa  ,A,COM,,Win,Standard
option button,,valintanappi,,GEN,,Win,Standard
option button group,,valintanappien ryhmä,,GEN,,Win,Standard
Optional Parameters,O,Valinnaiset parametrit,V,TXB,,Win,Standard
Options,,Asetukset  ,A,MNU,,Win,Standard
Options,,Vaihtoehdot,,BUT,,Win,Standard
Order,R,Järjestys,Ä,DIA,,Win,Standard
Orientation,,Suunta,,DIA,,Win,Standard
Originate,O,Aloita yhteys,N,TXB,,Win,Standard
Other Net Queue,O,Muu verkkojono,M,COM,,Win,Standard
Other Options,,Muut,,DIA,,Win,Standard
Outbound,O,Lähetyksessä,D,CHX,,Win,Standard
Outline,O,Ääriviiva,Ä,COM,,Win,Standard
Outline dragging,L,Vedä vain ääriviiva,E,CHX,,Win,Standard
output,,tuloste,,GEN,,Win,Standard
Output File Name,,Tiedostonimi,,GEN,,Win,Standard
Overflow,,Ylivuoto,,TXT,,Win,Standard
"overlap, to",,mennä päällekkäin,,GEN,,Win,Standard
overlapping windows,,päällekkäiset ikkunat,,GEN,,Win,Standard
Overtype on (status bar text),,KORV,,TXT,,Win,Standard
Owner display,W,Omistajanäyttö,M,COM,,Win,Standard
Package,,Pakkaus,O,DIA,,Win,Standard
page,,sivu,,GEN,,Win,Standard
Page,,SI,,TXT,,Win,Standard
Page Footer,,Sivun alatunniste,,DIA,,Win,Standard
Page Header,,Sivun ylätunniste,,DIA,,Win,Standard
Page Layout,P,Sivun asettelut,,COM,,Win,Standard
Page Number,P,Sivunumero,E,TXB,,Win,Standard
Page Setup,,Sivun asetukset  ,V,COM,,Win,Standard
Paintbrush,,Paintbrush,,GEN,,Win,Standard
Palette (colour),P,Värivalikoima,V,COM,,Win,Standard
pane,,ruutu,,GEN,,Win,Standard
Paper Size,,Koko  ,K,DIA,,Win,Standard
Paper Source,S,Paperilähde,P/L,DIA,,Win,Standard
Paragraph,,Kappale  ,K,COM,,Win,Standard
parallel,,yhdensuuntainen,,GEN,,Win,Standard
parameter ,,parametri,,GEN,,Win,Standard
Parity,P,Pariteetti,S,DIA,,Win,Standard
Parity Check,K,Pariteetin tarkistus,P,CHX,,Win,Standard
Partial,T,Osittainen,O,DIA,,Win,Standard
Partial Details,P,Osittaiset tiedot,O,COM,,Win,Standard
password,,salasana,,GEN,,Win,Standard
Password Options,P,Salasanan asetukset,,DIA,,Win,Standard
Password Protected,,Suojattu salasanalla,L,CHX,,Win,Standard
Paste,,Liitä  ,I,COM,,Win,Standard
"paste, to",,liittää,,GEN,,Win,Standard
Paste From,F,Liitä mistä,S,COM,,Win,Standard
Paste Link,L,Liitä linkki,Ä,COM,,Win,Standard,
Paste Special,,Liitä määräten,,DIA,,Win,Standard,
Paste Special,,Liitä määräten  ,N,COM,,Win,Standard,
Patch Map,P,Sointikartta,,GEN,,Win,Standard,
Patch Map Name,M,Sointikartan nimi,,GEN,,Win,Standard,
path,,(hakemisto)polku,,GEN,,Win,Standard,directory path
Pattern,,Taustakuvio,,DIA,,Win,Standard,
Pause,P,Pysäytä,,BUT,,Win,Standard,
Pause,P,Odota,,COM,,Win,Standard,
PAUSE ,,PAUSE,,KEY,,Win,Standard,
PCX file,,PCX-tiedosto,,DIA,,Win,Standard,
pels,,kuvapiste,,DIA,,Win,Standard,
Permanent,P,Pysyvä,Y,DIA,,Win,Standard,
PG DN,,PAGE DOWN,,KEY,,Win,Standard,
PG UP,,PAGE UP,,KEY,,Win,Standard,
Phone,P,Soita,,MNU,,Win,Standard,
phone jack,,puhelinpistoke,,GEN,,Win,Standard,Terminal
Phone Number,N,Puhelinnumero,,COM,,Win,Standard,
Pick,P,Käsittele,K,MNU,,Win,Standard,
Picture,E,Kuva,V,COM,,Win,Standard,
Picture Information,,Kuvan tiedot,,TDB,,Win,Standard,
PIF Editor,,PIF-editori,,GEN,,Win,Standard,
pixel ,,kuvapiste,,TXB,,Win,Standard,
Planes,,Tasot,,TXT,,Win,Standard,
Plasma Power Saver,,Plasma-virransäästäjä,,DIA,,Win,Standard,
Play,,Toista,,COM,,Win,Standard,
Playback,P,Toista,,DIA,,Win,Standard,
PM, ,PM, ,GEN,,Win,Standard,
"point, to (with mouse)",,osoittaa,,GEN,,Win,Standard,
"point at, to",,osoittaa,,GEN,,Win,Standard,
pointer,,osoitin,,GEN,,Win,Standard,
pointing device,,osoitinlaite,,GEN,,Win,Standard,
polygon,,monikulmio,,GEN,,Win,Standard,Paintbrush
pop-up menu,,ponnahdusvalikko,,GEN,,Win,Standard,
pop-up program,,ponnahdusohjelma,,GEN,,Win,Standard,
port,P,portti,,GEN,,Win,Standard,
Port Name,P,Portin nimi,,GEN,,Win,Standard,
Portrait,,Pysty  ,P,OPT,,Win,Standard,
position,,sijainti,N,GEN,,Win,Standard,
Positions,P,Sijainti,E,TXB,,Win,Standard,
Preferences,,Oletukset  ,O,COM,,Win,Standard,
Prefix,F,Suuntanumero,S,TXB,,Win,Standard,
Prefix,,Etuliite,,GEN,,Win,Standard,
"press, to",,painaa (näppäintä),,GEN,,Win,Standard,
Prevent Program Switch,W,Estä ohjelman vaihto,H,CHX,,Win,Standard,
Previous,P,Edellinen,E,BUT,,Win,Standard,
Previous Network Connections,,Edelliset verkkoyhteydet,,DIA,,Win,Standard,
"print, to",,tulostaa,,GEN,,Win,Standard,
Print,,Tulosta  ,O,COM,,Win,Standard,
Print All,L,Tulosta kaikki,I,COM,,Win,Standard,
Print Appointments,,Tulosta tapaamiset,,TXT,,Win,Standard,
Print File Size,P,Tulostettavan tiedoston koko,T,COM,,Win,Standard,
Print Manager,,Tulostuksenhallinta,,GEN,,Win,Standard,
Print Net Jobs Direct,P,Tulosta verkkotyöt suoraan,T,CHX,,Win,Standard,
Print on First Page,P,Tulosta ensimmäiselle sivulle,"K, O",CHX,,Win,Standard,
Print Preview,,Esikatsele  ,E,COM,,Win,Standard,
Print Quality,,Tulostustarkkuus  ,T,DIA,,Win,Standard,
print queue,,tulostusjono,,GEN,,Win,Standard,printer
Print Range,,Tulostusalue,,DIA,,Win,Standard,
PRINT SCREEN,,PRINT SCREEN,,KEY,,Win,Standard,
Print Setup,,Kirjoittimen asetukset  ,K,COM,,Win,Standard,
Print To,,Tulosta,,DIA,,Win,Standard,
Print to File,,Tulosta tiedostoon  ,I,CHX,,Win,Standard,
Print Topic,,Tulosta aihe  ,T,COM,,Win,Standard,
printer,,kirjoitin,,GEN,,Win,Standard,
Printer Echo,E,Kaiutus kirjoittimelle,V,COM,,Win,Standard,
Printer Font Installer,,Kirjoitinfonttien asennus,,DIA,,Win,Standard,
Printer Setup,,Kirjoittimen asetukset  ,K,COM,,Win,Standard,
printer-driver file,,kirjoitinohjaintiedosto,,GEN,,Win,Standard,Print Manager
Printers - Network Connections,,Kirjoittimet - Verkkoyhteydet,,DIA,,Win,Standard,
Priority,,Prioriteetti,,DIA,,Win,Standard,
procedure,,toimintosarja,,GEN,,Win,Standard,
procedure,,menettely(tapa),,GEN,,Win,Standard,
Procedures,P,Toiminnot,T,COM,,Win,Standard,
Program Filename,P,Ohjelman nimi,O,TXB,,Win,Standard,
program group,,ohjelmaryhmä,,GEN,,Win,Standard,
Program Group Properties,,Ohjelmaryhmän ominaisuudet,,DIA,,Win,Standard,
program item,,ohjelma,,GEN,,Win,Standard,
program item icon,,ohjelmakuvake,,GEN,,Win,Standard,
Program Item Properties,,Ohjelman ominaisuudet,,DIA,,Win,Standard,
Program Manager,,Järjestelmänhallinta,,GEN,,Win,Standard,
program,P,ohjelma,,GEN,,Win,Standard,
progress indicator,,tilanneilmaisin,,GEN,,Win,Standard,
prompt,,kehote,,GEN,,DOS,Standard, 
Proof,P,Lopullinen,L,DIA,,Win,Standard,
Properties,P,Ominaisuudet,,COM,,Win,Standard,
proportional font,,suhteutettu fontti,,GEN,,Win,Standard,Printer Font
pull-down (menu),,valikko,,GEN,,Win,Standard,
Pulse,,Pulssi,,DIA,,Win,Standard,
push button,,komentopainike,,GEN,,Win,Standard,
Quality,,Laatu,,DIA,,Win,Standard,
queue,,jono,,GEN,,Win,Standard,Print Manager
Quick Format,Q,Pika-alustus,P,CHX,,Win,Standard,
Quit,,Lopeta,,BUT,,Win,Standard,
radio button,,valintanappi,,GEN,,Win,Standard,
Random,,Satunnainen,S,DIA,,Win,Standard,
raster font,,rasterifontti,,GEN,,Win,Standard,bitmap font
Read Only,,Vain luku  ,V,CHX,,Win,Standard,
real mode,,reaalitila,,GEN,,Win,Standard,80386 processing mode
real mode (Large Frame EMS),,reaalitila (laajakehyksinen EMS),,GEN,,Win,Standard,Look Win 3.1 UG
real mode (Small Frame EMS),,reaalitila (pienikehyksinen EMS),,GEN,,Win,Standard,
"rearrange, to",,järjestää uudelleen,,GEN,,Win,Standard,
"reboot, to ",,käynnistää uudelleen,,GEN,,Win,Standard,"See ""restart"""
Receive Binary File,F,Vastaanota binaaritiedosto,,COM,,Win,Standard,
Receive Text File,R,Vastaanota tekstitiedosto,,COM,,Win,Standard,
Record,,Nauhoita  ,A,COM,,Win,Standard,
Record Macro,,Nauhoita makro,,TDB,,Win,Standard,
Record Macro Name,N,Makron nimi,,TXB,,Win,Standard,
Record Mouse,M,Nauhoita hiiritoiminnot,K,DIA,,Win,Standard,
Recorded Speed,,Nauhoitusnopeus,T,DIA,,Win,Standard,
Recorder,,Nauhuri,,GEN,,Win,Standard,
Recorder Error,,Nauhurivirhe,,TDB,,Win,Standard,
Recorder files,,Nauhuritiedostot,,DIA,,Win,Standard,
Recorder Macro,,Nauhurimakro,,DIA,,Win,Standard,
Redial After Timing Out,R,Soita uudelleen aikakatkaisun jälkeen,R,CHX,,Win,Standard,
Redo,,Tee uudelleen,,BUT,,Win,Standard,
"reduce, to",,pienentää,,GEN,,Win,Standard,
Reduce Font,R,Pienennä fontti,V,COM,,Win,Standard,
Refresh,R,Päivitä,P,COM,,Win,Standard,
Registration Entries,,Rekisteröintitekstit,,DIA,,Win,Standard,
Regular,R,Normaali,N,COM,,Win,Standard,
Relative to,R,Suhteessa,H,DIA,,Win,Standard,
remote,,etä-,,GEN,,Win,Standard,Terminal
Remove,R,Poista,P,BUT,,Win,Standard,
Remove Appointments,,Poista tapaamiset,,TXT,,Win,Standard,
Remove Scheme,M,Poista malli,P,BUT,,Win,Standard,
Rename,N,Nimeä uudelleen,N,COM,,Win,Standard,
Repaginate,E,Sivuta uudelleen,,COM,,Win,Standard,
Repaginate Document,,Sivuta tiedosto,,DIA,,Win,Standard,
Repeat,,Toista  ,T,COM,,Win,Standard,
Repeat Last Find,R,Etsi seuraava,,COM,,Win,Standard,
Repeat Rate,R,Toistonopeus,T,TXT,,Win,Standard,
Replace,,Korvaa  ,R,COM,,Win,Standard,
Replace All,,Korvaa kaikki,,BUT,,Win,Standard,
Replace File,,Korvaa tiedosto,,TXT,,Win,Standard,
Replace With,,Korvaava  ,R,DIA,,Win,Standard,
Reserve Shortcut Keys,"U, S",Varaa pikanäppäimet,"A, V",DIA,,Win,Standard,
"reset, to (restart, reboot) ",,käynnistää uudelleen,,GEN,,Win,Standard,reset a machine
Reset,,Palauta,,BUT,,Win,Standard,
"resize, to",,muuttaa kokoa,,GEN,,Win,Standard,
resizing handle,,koonmuuttokahva,,GEN,,Win,Standard,
resource,,resurssi,,GEN,,Win,Standard,
Resources at <server>,R,Resurssit palvelimessa <palvelin>,R,DIA,,Win,Standard,
Restore,,Palauta  ,P,COM,,Win,Standard,
"restore, to",,palauttaa,,GEN,,Win,Standard
restore button,,palautuspainike,,GEN,,Win,Standard
Resume,,Jatka,,BUT,,Win,Standard
Resume Recording,R,Jatka nauhoitusta,,DIA,,Win,Standard
Retain Video Memory,M,Säilytä näyttömuisti,S,CHX,,Win,Standard
Retry,,Yritä uudelleen,,COM,,DOS,Standard
Retry,R,Yritä uudelleen,Y,BUT,,Win,Standard
"retry, to",,yritä uudelleen,,GEN,,Win,Standard
Retry,,Yritä uudelleen,,BUT,,Win,Standard
Return to Document,R,Palaa tiedostoon,,BUT,,Win,Standard
Retype New Password,R,Toista uusi salasana,T,DIA,,Win,Standard
Reverse,R,Käännä suunta,O,COM,,Win,Standard
Revert,R,Muunna takaisin,L,COM,,Win,Standard
Right (margin),R,Oikea,O,TXB,,Win,Standard
Right (alignment),R,Oikea,,COM,,Win,Standard
Right aligned,,Oikea  ,O,COM,,Win,Standard
RIGHT ARROW,,OIKEA NUOLI,,KEY,,Win,Standard
Right Indent,R,Oikea,,TXB,,Win,Standard
right scroll arrow,,oikea vieritysnuoli,,GEN,,Win,Standard
right window border,,ikkunan oikea reuna,,GEN,,Win,Standard
root directory,,päähakemisto,,GEN,,Win,Standard
rounded box,,pyöristetty ruutu,,GEN,,Win,Standard
ruler,,viivain,,GEN,,Win,Standard
Ruler Off,R,Piilota viivain,,COM,,Win,Standard
Ruler On,R,Näytä viivain,,COM,,Win,Standard
Rules,R,Säännöt,Ä,COM,,Win,Standard
Run,,Suorita  ,T,COM,,Win,Standard
Run Minimized,R,Suorita kuvakkeena,R,CHX,,Win,Standard
Sample,,Malli,,DIA,,Win,Standard
Save,,Tallenna  ,T,COM,,Win,Standard
Save All,,Tallenna kaikki  ,I,COM,,Win,Standard
Save As,,Tallenna nimellä ,N,COM,,Win,Standard
Save Colors As,,Tallenna värit nimellä,,TDB,,Win,Standard
Save Controls,C,Tallenna muotoilut,,CHX,,Win,Standard
Save current changes?,,Tallennetaanko muutokset?,,TXT,,Win,Standard
Save File as Type,,Tallenna tiedosto muodossa  ,M,DIA,,Win,Standard
Save Macro,S,Tallenna makro,,DIA,,Win,Standard
Save Scheme,A,Tallenna malli,T,BUT,,Win,Standard
Save Settings on Exit,S,Tallenna asetukset lopetettaessa,T,COM,,Win,Standard
Scale,S,Skaala,S,MNU,,Win,Standard
"scale, to",,skaalata,,GEN,,Win,Standard
Scale: Frames,,Asteikko: Kuvat,,TXT,,Win,Standard
Scale: Time ,,Asteikko: Aika ,,TXT,,Win,Standard
Scale: Tracks,,Asteikko: Raidat,,TXT,,Win,Standard
Scale: Unavailable,,Asteikko: Ei saatavilla,,TXT,,Win,Standard
Scaling,,Skaalaus  ,S,DIA,,Win,Standard
Scheduling,,Ajankäyttö,,DIA,,Win,Standard
Scientific,S,Funktiolaskin,F,COM,,Win,Standard
Scratch pad,,luonnoslehtiö,,GEN,,Win,Standard,Paintbrush
screen,,näyttö,,GEN,,Win,Standard,
Screen Element,E,Näytön osa,N,DIA,,Win,Standard,
screen saver,,näytönsäästäjä,,GEN,,Win,Standard,
Scroll,L,Vieritä,V,COM,,Win,Standard,
"scroll, to",,vierittää,,GEN,,Win,Standard,
scroll arrow,,vieritysnuoli,,GEN,,Win,Standard,
scroll bar,,vierityspalkki,,GEN,,Win,Standard,
scroll box,,vieritysruutu,,GEN,,Win,Standard,
SCROLL LOCK,,SCROLL LOCK,,KEY,,Win,Standard,
Scroll Lock on (status bar text),,VIER,,TXT,,Win,Standard,
Search,,Etsi  ,E,COM,,Win,Standard,
Search All Subdirectories,E,Etsi kaikki alihakemistot,K,CHX,,Win,Standard,
Search For,S,Etsi,E,DIA,,Win,Standard,
Search for Help on,,Etsi ohje aiheesta  ,E,COM,,Win,Standard,
Search Results ,,Haun tulokset,,TXT,,Win,Standard,
Section,,Osa  ,O,COM,,Win,Standard
Section (status bar text),,OSA,,TXT,,Win,Standard
Select,S,Valitse,V,BUT,,Win,Standard
"select, to",,valita,,GEN,,Win,Standard
Select All,S,Valitse kaikki,V,BUT,,Win,Standard
Select Drive,S,Valitse asema,L,COM,,Win,Standard
Select Files,S,Valitse tiedostot,V,COM,,Win,Standard
Select Window,,Valitse ikkuna,,DIA,,Win,Standard
Selected Net Queue,S,Valittu verkkojono,V,COM,,Win,Standard
Selection,,Valinta  ,V,DIA,,Win,Standard
selection bar,,Valintapalkki,,GEN,,Win,Standard
selection cursor,,valintakohdistin,,GEN,,Win,Standard
Send Binary File,B,Lähetä binaaritiedosto,,COM,,Win,Standard
Send Header to,,Lähetä alustus,,DIA,,Win,Standard
Send Text File,S,Lähetä tekstitiedosto,,COM,,Win,Standard
separator,S,erotin,,GEN,,Win,Standard
serial port,,sarjaportti,,GEN,,Win,Standard,
serif,,pääteviiva,,GEN,,Win,Standard,typography
server,,(verkko)palvelin,,GEN,,Win,Standard,
Set,,Aseta,,BUT,,Win,Standard,
Set As Default Printer,E,Aseta oletuskirjoittimeksi,U,BUT,,Win,Standard,
Set Font,F,Aseta fontti,F,COM,,Win,Standard,
Settings,S,Asetukset,A,MNU,,Win,Standard,
Settings File,,Asetustiedosto,,GEN,,Win,Standard,
setup program,S,asennusohjelma,,GEN,,Win,Standard,
"setup, to (install)",S,asentaa,,GEN,,Win,Standard,
Setup ,,Asetukset,,GEN,,Win,Standard,"eg. printer setup, page setup, generic ""settings"""
Setup,,Aseta,,COM,,Win,Standard,
Shadow,S,Varjostettu,V,COM,,Win,Standard,
shadow,,varjo,,GEN,,Win,Standard,Paintbrush
Shape,,Muoto,,GEN,,Win,Standard,Paintbrush
share (server),,osa,,GEN,,Win,Standard,Networks
"share, to",,jakaa,,GEN,,Win,Standard,Terminal; Networks
Sheet Feeder,,Arkinsyöttölaite,,DIA,,Win,Standard,
SHIFT,,VAIHTONÄPPÄIN,,KEY,,Win,Standard,
Short,,Lyhyt,,TXT,,Win,Standard,
Short Date Format,,Lyhyt päivämäärän muoto,,DIA,,Win,Standard,
Short Edge,S,Lyhyt sivu,L,DIA,,Win,Standard,
Short Menus,,Lyhyet valikot  ,V,COM,,Win,Standard,
shortcut,,pikanäppäin,,GEN,,Win,Standard,
Shortcut Key,K,Pikanäppäin,T,DIA,,Win,Standard,
Show,S,Näytä,Ä,MNU,,Win,Standard,
Show,,Näytä,,TXB,,Win,Standard,
Show Date,S,Näytä päivä,N,TXB,,Win,Standard,
Show Function Keys,K,Näytä funktionäppäimet,T,COM,,Win,Standard,
Show Hidden/System Files,S,Näytä piilotetut/järjestelmätiedostot,N,CHX,,Win,Standard,
Show Scroll Bars,S,Näytä vierityspalkit,R,CHX,,Win,Standard,
Shrink + Grow,S,Kutista + kasvata,K,COM,,Win,Standard,
"shrink selection, to",,pienentää valintaa,,GEN,,Win,Standard
Signal When Connected,S,Äänimerkki yhteyden syntyessä,A,CHX,,Win,Standard
Single bin feeder,,Yksi syöttölokero,,DIA,,Win,Standard
Single Space,S,Riviväli 1,,COM,,Win,Standard
Size,S,Koko,K,CHX,,Win,Standard
size (noun),,koko,,GEN,,Win,Standard
Size,,Muuta kokoa  ,M,COM,,Win,Standard
"size, to",,muuttaa kokoa,,GEN,,Win,Standard
Size (font size),,Koko  ,K,DIA,,Win,Standard
size box,,kokoruutu,,GEN,,Win,Standard
Size Picture,S,Muuta kuvan kokoa,E,COM,,Win,Standard
Sizing Grid,,Paikkaruudukko,,DIA,,Win,Standard
sizing handle,,koonmuuttokahva,,GEN,,Win,Standard
slider,,liukusäädin,,GEN,,Win,Standard
slider box,,liukuruutu,,GEN,,Win,Standard
slider indicator,,liukuruutu,,GEN,,Win,Standard
Slow,,Hidas,,DIA,,Win,Standard,
Small caps,,Kapiteelit  ,I,COM,,Win,Standard,
soft font,,tiedostofontti,,GEN,,Win,Standard,printer font
Software,S,Ohjelma,O,DIA,,Win,Standard,
Solitaire,,Pasianssi,,GEN,,Win,Standard,
"sort, to",,lajitella,,GEN,,Win,Standard,
Sort By Date,D,Lajittele päiväyksen mukaan,E,COM,,Win,Standard,
Sort By Name,S,Lajittele nimen mukaan,Ä,COM,,Win,Standard,
Sort By Size,Z,Lajittele koon mukaan,R,COM,,Win,Standard,
Sort By Type,B,Lajittele tyypin mukaan,T,COM,,Win,Standard,
Sound,S,Äänimerkki,Ä,CHX,,Win,Standard,
Sound,S,Ääni,Ä,COM,,Win,Standard,
Sound,S,Ääni,M,CHX,,Win,Standard,
Sound Recorder,,Ääninauhuri,,GEN,,Win,Standard,
source,,lähde,,GEN,,Win,Standard,e.g. source file
Source,,Lähde,L,TXT,,Win,Standard,
Source (paper),,Lähde  ,H,DIA,,Win,Standard,
Space,,Väli,,DIA,,Win,Standard,
SPACEBAR,,VÄLINÄPPÄIN,,KEY,,Win,Standard,
Spacing,S,Väli,Ä,DIA,,Win,Standard,
Special Time,S,Erityisaika,E,COM,,Win,Standard,
Speed,D,Nopeus,N,DIA,,Win,Standard,
spin box,,askellusruutu,,GEN,,Win,Standard,
Split,,Jaa  ,J,COM,,Win,Standard,
"split, to",,jakaa,,GEN,,Win,Standard,
split bar,,jakopalkki,,GEN,,Win,Standard,
split box,,jakoruutu,,GEN,,Win,Standard,
split pointer,,jako-osoitin,,GEN,,Win,Standard,
"spool, to",,tulostaa taustalla,,GEN,,Win,Standard,simultaneous peripheral operation online
spooler,,taustatulostin,,GEN,,Win,Standard,
spreadsheet,,laskentataulukko,,GEN,,Win,Standard,
stalled,,pysähtynyt,,TXT,,Win,Standard,
Standard,T,Nelilaskin,N,COM,,Win,Standard
Standard,A,Normaali,,DIA,,Win,Standard
Standard Flow Control,S,Standardi vuonohjaus,,DIA,,Win,Standard
standard mode,,vakiotila,,GEN,,Win,Standard
Standard MS-DOS Applications,,MS-DOS-sovellukset,,DIA,,Win,Standard
"start, to",,aloittaa,,GEN,,Win,Standard
"start, to",,käynnistää,,GEN,,Win,Standard
Start From,F,Aloita mistä,A,TXB,,Win,Standard
Start Page Numbers At,S,Aloita numerointi sivulta,P,TXB,,Win,Standard
Start-up Directory,S,Käynnistyshakemisto,K,TXB,,Win,Standard
Starting Time,S,Aloitusaika,A,TXB,,Win,Standard
StartUp,,Käynnistys,,GEN,,Win,Standard
startup directory,,käynnistyshakemisto,,GEN,,Win,Standard
Statistics Box,,Tilastoruutu,,TDB,,Win,Standard
status,,tila,,GEN,,Win,Standard
status bar,,tilarivi,,GEN,,Win,Standard
status bar indicator,,tilarivi-ilmaisin,,GEN,,Win,Standard,
Stop,O,Keskeytä,,COM,,Win,Standard,
stop bit,,stopbitti,,GEN,,Win,Standard,
Strikeout,K,Yliviivattu,Y,CHX,,Win,Standard,
Strip LF,S,Poista LF,N,CHX,,Win,Standard,
style box,,tyyliruutu,,GEN,,Win,Standard,
subfolder,,alikansio,,GEN,,Win,Standard,
submenu,,alivalikko,,GEN,,Win,Standard,
Subscript,C,Alaindeksi,A,COM,,Win,Standard,
Suffix,,Jälkiliite,M,GEN,,Win,Standard,
Superscript,P,Yläindeksi,,COM,,Win,Standard,
"swap, to",,vaihtaa,,GEN,,Win,Standard,
Swap Left/Right Buttons,S,Vaihda ykkös- ja kakkospainike,V,CHX,,Win,Standard,
"switch (DOS, software)",,valitsin,,GEN,,Win,Standard,parameter (software)
switch (hardware),,kytkin,,GEN,,Win,Standard,hardware device
"switch, to",,vaihtaa,,GEN,,Win,Standard,
Switch to,,Vaihda  ,V,COM,,Win,Standard
Switch to,,Vaihda,,BUT,,Win,Standard
Symbol,S,Tunnus,T,TXB,,Win,Standard
Symbol Placement,P,Tunnuksen paikka,P,DIA,,Win,Standard
SYS RQ,,SYS RQ,,KEY,,Win,Standard
system (noun),,järjestelmä,,GEN,,Win,Standard
System Disk Error,,Järjestelmälevykevirhe,,DIA,,Win,Standard
system error,,järjestelmävirhe,,GEN,,Win,Standard
system menu box,,ohjausvalikkoruutu,,GEN,,Win,Standard
system resources,,järjestelmäresurssit,,GEN,,Win,Standard
TAB,,SARKAIN,,KEY,,Win,Standard
Table Format,T,Taulukkomuoto,,CHX,,Win,Standard
Tabs,T,Sarkaimet,E,COM,,Win,Standard
Task List,,Tehtäväluettelo,,DIA,,Win,Standard
Task Options,,Tehtävän suoritus,,DIA,,Win,Standard
Temporary,T,Väliaikainen,V,DIA,,Win,Standard
Terminal,,Pääte,,GEN,,Win,Standard,
Terminal Emulation,T,Pääte-emulointi,,COM,,Win,Standard,
Terminal Files,,Päätetiedostot,P,DIA,,Win,Standard,
Terminal Font,F,Päätefontti,,DIA,,Win,Standard,
Terminal Modes,,Päätteen tilat,,DIA,,Win,Standard,
Terminal Preferences,P,Pääteasetukset,,COM,,Win,Standard,
Terminal Settings,,Pääteasetukset,,DIA,,Win,Standard,
Terminate,T,Lopeta,L,BUT,,Win,Standard,
Test,E,Testi,S,BUT,,Win,Standard,
text,,teksti,,GEN,,Win,Standard,
text box,,tekstiruutu,,GEN,,Win,Standard,
Text Example,,Tekstimalli,,DIA,,Win,Standard,
Text File,,Tekstitiedosto,,DIA,,Win,Standard,
Text Transfers,X,Tekstin siirto,L,COM,,Win,Standard,
thousand separator,S,tuhaterotin,,GEN,,Win,Standard,
tilde,,tilde,,GEN,,Win,Standard,character ~
Tile,,Vierekkäin  ,V,COM,,Win,Standard
tiled windows,,vierekkäiset ikkunat,,GEN,,Win,Standard
Tilt,T,Kallista,A,COM,,Win,Standard
Time,T,Aika,A,TXB,,Win,Standard
Time,T,Aika,A,COM,,Win,Standard
Time Format,T,Ajan muoto,A,TXT,,Win,Standard
Time-Log File,,aikalokitiedosto,,GEN,,Win,Standard
Timed game,I,Ajanotto,,CHX,,Win,Standard
timeout,,aikakatkaisu,,GEN,,Win,Standard
Timeouts (seconds),,Aikakatkaisu (sekuntia),,DIA,,Win,Standard
Timer Mode,I,Ajastin,,COM,,Win,Standard
title bar,,otsikkorivi,,GEN,,Win,Standard
To,,Mihin  ,H,DIA,,Win,Standard
Tone,,Ääni,G,DIA,,Win,Standard
tool,,työkalu,,GEN,,Win,Standard
tool bar,,työkalurivi,,GEN,,Win,Standard
Toolbox,,työkaluruutu,,GEN,,Win,Standard,Paintbrush
Tools,,Työkalut  ,Y,MNU,,Win,Standard,
Tools and Linesize,T,Työkalut ja viivakoot,T,COM,,Win,Standard,
Top (margin),T,Ylä,Ä,TXB,,Win,Standard,
top window border,,ikkunan yläreuna,,GEN,,Win,Standard,
Topics Found,T,Löydetyt aiheet,L,DIA,,Win,Standard,
Tracks,R,Raitoja,R,COM,,Win,Standard,
Transfer a Character at a Time,,Siirto merkki kerrallaan,,DIA,,Win,Standard,
Transfer a Line at a Time,,Siirto rivi kerrallaan,N,DIA,,Win,Standard,
Transfers,T,Tiedonsiirto,M,MNU,,Win,Standard,
Translation,T,Maa-asetukset,,DIA,,Win,Standard,
Transmission,,lähetys,,GEN,,Win,Standard,Terminal
Transmission Retry,T,Lähetyksen uudelleenyritys,L,TXB,,Win,Standard,
Tree,T,Hakemistopuu,H,MNU,,Win,Standard,
Tree and Directory,R,Puu ja hakemisto,P,COM,,Win,Standard,
Tree Only,E,Vain puu,V,COM,,Win,Standard,
TrueType,,TrueType,,DIA,,Win,Standard,
TrueType Options,,TrueType-valinnat,,DIA,,Win,Standard,
TTY (Generic),T,TTY (Yleinen),A,DIA,,Win,Standard,
Turn off,,poistaa käytöstä,,GEN,,Win,Standard,i.e. disactivate an option
Turn on,,ottaa käyttöön,,GEN,,Win,Standard,i.e. activate an option
tutorial,,opetusohjelma  ,,GEN,,Win,Standard,
two-headed arrow,,kaksipäinen nuoli,,GEN,,Win,Standard,cursor
two-headed arrow pointer,,kaksipäinen nuoli,,GEN,,Win,Standard,
"type, to",,kirjoittaa,,GEN,,Win,Standard,
unavailable command,,"komento, joka ei ole käytettävissä",,GEN,,Win,Standard,
Underline,,Alleviivattu  ,A,COM,,Win,Standard,
Underlined,U,Alleviivattu,A,CHX,,Win,Standard,
Undo,,Kumoa  ,K,COM,,Win,Standard,
"unfreeze, to",,vapauttaa,,GEN,,Win,Standard,
Unhide,,Tuo esiin  ,E,COM,,Win,Standard,
"unhide, to",,tuoda esiin,,GEN,,Win,Standard,
Units,U,Yksikkö,Y,DIA,,Win,Standard
unknown user                  ,,tuntematon käyttäjä,,GEN,,Win,Standard
untitled,,nimetön,,GEN,,Win,Standard
Up,U,Ylös,Y,DIA,,Win,Standard
Up,U,Ylös,K,BUT,,Win,Standard
UP ARROW,,YLÄNUOLI,,KEY,,Win,Standard
up scroll arrow,,ylävieritysnuoli,,GEN,,Win,Standard
"update, to",,päivittää,,GEN,,Win,Standard
Update,,Päivitä  ,P,COM,,Win,Standard
Update,,Päivitys,,DIA,,Win,Standard
Update Network Display,U,Päivitä verkkonäyttö,P,CHX,,Win,Standard
Update Now,U,Päivitä nyt,P,BUT,,Win,Standard
Upper Memory Area,,ylämuistialue,,GEN,,Win,Standard
Upper Memory Blocks,,ylämuistilohkot,,GEN,,Win,Standard
Upper Tray,,Ylälokero,,DIA,,Win,Standard
Use as Default,,Käytä oletuksena,,BUT,,Win,Standard
Use Prefix,U,Käytä suuntanumeroa,K,CHX,,Win,Standard,
Use Print Manager,U,Käytä Tulostuksenhallintaa,T,CHX,,Win,Standard,
Use Printer Resolution,,Käytä kirjoittimen tarkkuutta,Ä,CHX,,Win,Standard,
Uses High Memory Area,H,Käyttää ylämuistialuetta,Y,CHX,,Win,Standard,
Utilities,,Muut  ,U,MNU,,Win,Standard,
Validate,,Varmista,V,CHX,,Win,Standard,
value set,,valintajoukko,,GEN,,Win,Standard,
vector fonts,,vektorifontit,,GEN,,Win,Standard,font defines with points and lines
Vertical,V,Pysty,P,DIA,,Win,Standard,
vertical scroll bar,,pystysuora vierityspalkki,,GEN,,Win,Standard,
vertical split bar,,pystysuora jakopalkki,,GEN,,Win,Standard,
Video Memory,V,Näyttömuisti,Ö,TXT,,Win,Standard,
Video Mode,V,Näyttötila,Ä,TXT,,Win,Standard,
"view, to",,näyttää,,GEN,,Win,Standard,
View ,,Näytä  ,N,MNU,,Win,Standard,
View Picture,V,Näytä kuva,N,COM,,Win,Standard,
View Text File,V,Näytä tekstitiedosto,L,COM,,Win,Standard,
virtual machines,,näennäiskoneet,,GEN,,Win,Standard,
virtual memory,,näennäismuisti,,GEN,,Win,Standard,
volume (sound),V,voimakkuus,,GEN,,Win,Standard,Midi term
volume label,,levykkeen nimi,,GEN,,Win,Standard,on hard disk/floppy disk
Wait for Character Echo,E,Odota merkkien kaiutusta,,CHX,,Win,Standard,
Wait for Prompt String,P,Odota kehotetta,,CHX,,Win,Standard,
wallpaper,,taustakuva,,GEN,,Win,Standard,
Warning Beep,W,Äänimerkki,V,CHX,,Win,Standard,
warning message,,varoitus,,GEN,,Win,Standard,
Whole,W,Kokonainen,K,DIA,,Win,Standard,
Whole Word,W,Koko sana,V,CHX,,Win,Standard,
Width,W,Leveys,L,TXB,,Win,Standard,
wildcard,,yleismerkki,,GEN,,Win,Standard,
window,,ikkuna,,GEN,,Win,Standard,
Window ,,Ikkuna  ,I,MNU,,Win,Standard,
window background,,ikkunan tausta,,GEN,,Win,Standard,
window border,,ikkunan reuna,,GEN,,Win,Standard,
window corner,,ikkunan kulma,,GEN,,Win,Standard,
window frame,,ikkunan kehys,,GEN,,Win,Standard,
window size,,ikkunan koko,,GEN,,Win,Standard,
Window Text,,Ikkunan teksti,,DIA,,Win,Standard,
window title,,ikkunan otsikko,,GEN,,Win,Standard,
Windowed,W,Ikkunassa,I,DIA,,Win,Standard,
Windows Applications,,Windows-sovellukset,,DIA,,Win,Standard,
Windows Default,,Windows-oletus,,DIA,,Win,Standard,
Windows in Background,B,Ikkunat taustalla,T,TXB,,Win,Standard,
Windows in Foreground,F,Ikkunat edustalla,U,TXB,,Win,Standard,
Windows Setup,,Windows Asennus,,GEN,,Win,Standard,
Word underline,,Sanat alleviivattu  ,S,COM,,Win,Standard,
Word Wrap,W,Automaattinen rivitys,R,COM,,Win,Standard,
work area,,työalue,,GEN,,Win,Standard,area inside an application
Working Directory,W,Työhakemisto,T,TXB,,Win,Standard
workspace,,työtila,,GEN,,Win,Standard
Wrap Title,W,Rivitä nimi,R,CHX,,Win,Standard
Write,,Write,Y,GEN,,Win,Standard
XModem/CRC,X,XModem/CRC,,DIA,,Win,Standard
XMS Memory,,XMS-muisti,,TXT,,Win,Standard
XMS Memory Locked,O,XMS-muisti lukittu,X,CHX,,Win,Standard
Xon / Xoff,,Xon / Xoff,,DIA,,Win,Standard
Yes,,Kyllä,,BUT,,Win,Standard
Yes to All,A,Kyllä kaikkiin,A,BUT,,Win,Standard
YMD (date format),,VKP,,DIA,,Win,Standard
Zoom In,I,Lähennä,L,COM,,Win,Standard
"zoom in, to",,pienentää,,GEN,,Win,Standard
Zoom Out,O,Loitonna,O,COM,,Win,Standard
"zoom out, to",,suurentaa,,GEN,,Win,Standard
conventional memory,,perusmuisti,,GEN,,Win,Standard
high memory area,,HMA-alue,,GEN,,Win,Standard
extended memory,,jatkomuisti,,GEN,,Win,Standard
