abbreviation,,abréviation,,GEN,N,WIN,Standard,Style Guide,
About,,A propos de,,COM,,WIN,Standard,,
accelerator key,,touche d'accès rapide,,GEN,N,WIN,Standard,"Should not be used in US.  Use ""access key"" instead.",
access key,,touche d'accès rapide,,GEN,N,WIN,Standard,GUI Guide,"The key that corresponds to an underlined or highlighted letter on a menu, command or dialog box option."
accessories,,accessoires,,GEN,N,WIN,Standard,GUI Guide,
acronym,,acronyme,,GEN,N,WIN,Standard,Style Guide,
action bar,,barre de menus,,GEN,N,WIN,Standard,"Should not be used in US.  Use ""menu bar"" instead.",
active window,,fenêtre active,,GEN,,WIN,Standard,GUI Guide,
add,,ajouter,,GEN,V,WIN,Standard,GUI Guide,
add-in,,macro complémentaire,,GEN,N,WIN,Standard,,
add-on,,module complémentaire,,GEN,N,WIN,Standard,,
administer,,administrer,,GEN,V,WIN,Standard,,
administrator,,administrateur,,GEN,N,WIN,Standard,,
Administrator’s Guide,,Guide de l'administrateur,,GEN,,WIN,Standard,As a book/manual title.,
Administrator’s Reference,,Manuel de référence de l'administrateur,,GEN,,WIN,Standard,As a book/manual title.,
alias,,alias ,,GEN,N,WIN,Standard,Check product specific glossary and context,A name or label used as an alternative means of referring to someone or something.
alias ,,pseudonyme,,GEN,N,WIN,Standard,Check product specific glossary and context,A name or label used as an alternative means of referring to someone or something.
Alignment,,alignement ,,DIA,N,WIN,Standard,GUI Guide,
All,,Tout,,DIA,,WIN,Standard,GUI Guide,
alphabetizing,,par ordre alphabétique,,GEN,,WIN,Standard,Style Guide,
ALT,,ALT,,KEY,,WIN,Standard,,
ALT GR,,ALT GR,,KEY,,WIN,Standard,,
Always on Top,,Toujours visible,,COM,,WIN,Standard,GUI Guide,
ampersand,,le signe &,,COM,,WIN,Standard,GUI Guide,
ampersand,,le « et » commercial,,GEN,,WIN,Standard,Style Guide,
Annotate,,Annotation,,COM,V,WIN,Standard,GUI Guide,
apostrophe,,apostrophe,,GEN,N,WIN,Standard,Style Guide,
Apple menu,,menu Pomme,,GEN,,WIN,Standard,,
application,,application,,GEN,N,WIN,Standard,GUI Guide,
application control menu,,menu Système de l'application,,GEN,,WIN,Standard,,"The menu that appears on the top left corner of the window, symbolized by the long hyphen."
application icon,,icône d'application,,GEN,,WIN,Standard,GUI Guide,
application window,,fenêtre d'application,,GEN,,WIN,Standard,GUI Guide,
apply,,appliquer,,GEN,V,WIN,Standard,GUI Guide,
argument,,argument,,GEN,N,WIN,Standard,,
arrange,,réorganiser,,GEN,V,WIN,Standard,GUI Guide,
Arrange All,,Réorganiser,,COM,,WIN,Standard,GUI Guide,
arrow,,flèche,,GEN,N,WIN,Standard,GUI Guide,
arrow key,,touche de direction,,GEN,,WIN,Standard,,"Set of four movement keys, with an up, a down, a left and a right arrow. "
arrow pointer,,pointeur en flèche,,GEN,N,WIN,Standard,"Sould not be used in US.  Use ""pointer"" instead.",
art,,illustration ,,GEN,N,WIN,Standard,Style Guide (check on different usages),
art,, figure,,GEN,N,WIN,Standard,Style Guide (check on different usages),
article,,article,,GEN,N,WIN,Standard,Style Guide,
assign,,affecter,,GEN,V,WIN,Standard,GUI Guide,
automatic link,,liaison automatique,,GEN,N,WIN,Standard,OLE term,"The link between a client document containing a linked object and that object's server applications, while the server is editing the object."
autoscroll,,sélection par défilement,,GEN,N,WIN,Standard,,
Back,,Précédent,,COM,,WIN,Standard,GUI Guide,
back up,,faire une copie de sauvegarde,,GEN,V,WIN,Standard,"To replace ""copie de secours"" from now on",
back-up copy,,copie de sauvegarde,,GEN,N,WIN,Standard,"To replace ""copie de secours"" from now on",
backslash,,barre oblique inverse,,GEN,N,WIN,Standard,,
BACKSPACE ,,RETOUR ARRIERE,,KEY,,WIN,Standard,,
BACKSPACE ,,RET.ARR,,KEY,,WIN,Standard,,
backup,,copie de sauvegarde,,GEN,N,WIN,Standard,"To replace ""copie de secours"" from now on",
backward compatible,,à compatibilité amont,,GEN,,WIN,Standard,Ginguay,
bar code,,code barres / code à barres,,GEN,N,WIN,Standard,,
bit,,bit,,GEN,N,WIN,Standard,,"Short for ""binary digit""; either 1 or 0 in the binary number system."
bitmap,,bitmap / image en mode point,,GEN,N,WIN,Standard,Check w/product & context,
black-and-white,,noir et blanc,,GEN,ADJ,WIN,Standard,,
blank line,,ligne vierge / interligne ,,GEN,N,WIN,Standard,"""interligne"" is masculine",
blank space,,espace / blanc,,GEN,N,WIN,Standard,"""espace"" in this sense is feminine",
block,,bloc,,GEN,N,WIN,Standard,,
blocking,,blocage / groupage,,GEN,N,WIN,Standard,,
bold,,gras,,GEN,ADJ,WIN,Standard,Style Guide,
Bold,,Gras,,OPT,,WIN,Standard,GUI Guide,
book title,,titre de manuel,,GEN,N,WIN,Standard,Style Guide,
Bookmark,,Signet,,COM,,WIN,Standard,,
bookmark,,signet,,GEN,N,WIN,Standard,GUI Guide,
Boolean,,booléen,,GEN,ADJ,WIN,Standard,,
boot,,amorcer,,GEN,V,WIN,Standard,"Avoid this term in English; use ""switch on"", ""start"", ""restart""",
border,,bordure,,GEN,N,WIN,Standard,,
bottom window border,,bordure inférieure de la fenêtre,,GEN,N,WIN,Standard,GUI Guide,
branching ,,branchement,,GEN,,WIN,Standard,,
BREAK,,ATTN,,KEY,,WIN,Standard,,
browse,,parcourir,,GEN,V,WIN,Standard,,To scan a database or list of files 
buffer,,tampon,,GEN,N,WIN,Standard,,
built-in,,incorporé,,GEN,ADJ,WIN,Standard,re. features,
built-in,,intégré,,GEN,ADJ,WIN,Standard,re. hardware,
bullet,,puce,,GEN,N,WIN,Standard,new since Word6,
busy,,occupé,,GEN,ADJ,WIN,Standard,re. phone lines etc.,
button,,bouton,,GEN,N,WIN,Standard,GUI Guide,
byte,,octet,,GEN,N,WIN,Standard,,"A unit of information, consisting of 8 bits."
cache ,,disque antémémoire,,GEN,N,WIN,Standard,"In English, use ""disk cache"" instead.",A special memory subsystem in which frequently used data values are duplicated for quick access.
CAD (Computer-aided/assisted design),,CAO (Conception assistée par ordinateur),,GEN,N,WIN,Standard,,
CAE (Computer-aided/assisted engineering),,IAO (Ingénierie assistée par ordinateur,,GEN,N,WIN,Standard,,
CAI (Computer-aided/assisted instruction),,EAO (Enseignement assisté  par ordinateur),,GEN,N,WIN,Standard,,
CAL (Computer-aided/assisted learning),,EAO (Enseignement assisté  par ordinateur),,GEN,N,WIN,Standard,,
Calculator,,Calculatrice,,GEN,N,WIN,Standard,,
Calendar,,Calendrier / agenda,,GEN,N,WIN,Standard,Check product & context,
callback ,,rappel,,GEN,N,WIN,Standard,,
callout,,légende / libellé,,GEN,N,WIN,Standard,Style Guide,
CAM (Computer-aided/assisted Manufacturing),,FAO (Fabrication assistée par ordinateur),,GEN,,WIN,Standard,,
Cancel,,Annuler,,COM,,WIN,Standard,GUI Guide,
cancel,,annuler,,GEN,V,WIN,Standard,GUI Guide,
capitalize,,mettre en majuscules,,GEN,V,WIN,Standard,,
CAPS LOCK,,VERROUILLAGE MAJUSCULE (VERR.MAJ),,KEY,,WIN,Standard,GUI Guide,
caption,,légende,,GEN,N,WIN,Standard,,
Cardfile,,Répertoire,,COM,,WIN,Standard,GUI Guide,
caret,,signe ^ / signe insertion,,GEN,N,WIN,Standard,
carriage return,,retour chariot,,GEN,,WIN,Standard,
Cascade,,Cascade,,COM,,WIN,Standard,GUI Guide
cascading menu,,menu en cascade,,GEN,,WIN,Standard,GUI Guide
cascading windows,,fenêtres en cascade,,GEN,,WIN,Standard,GUI Guide
CASE (Computer-aided/assisted software engineering),,GLAO (Génie logiciel assisté par ordinateur),,GEN,,WIN,Standard,
Case sensitive,,respect de la casse,,GEN,,WIN,Standard,
CBT (Computer-based tutorial),,didacticiel,,GEN,,WIN,Standard,
CD-ROM (Compact disc read-only memory),,CD-ROM,,GEN,,WIN,Standard,
CD-ROM drive,,lecteur de CD-ROM,,GEN,,WIN,Standard,
cell,,cellule,,GEN,,WIN,Standard,
Centered,,Centré,,OPT,ADJ,WIN,Standard,GUI Guide
CGA (color graphics adapter),,CGA,,GEN,,WIN,Standard,GUI Guide
change,,modifier,,GEN,V,WIN,Standard,GUI Guide
chapter title,,titre de chapitre,,GEN,N,WIN,Standard,Style Guide
character,,caractère,,GEN,N,WIN,Standard,Style Guide
Character,,Caractère,,COM,,WIN,Standard,GUI Guide
character map,,table des caractères,,GEN,N,WIN,Standard,GUI Guide
character set,,jeu de caractères,,GEN,N,WIN,Standard,
chart,,graphique,,GEN,N,WIN,Standard,
check,,cocher,,GEN,V,WIN,Standard,"GUI Guide; watch for other meanings in Eng.: arrêter, enrayer, vérifier, contrôler"
check box,,case à cocher,,GEN,N,WIN,Standard,Style Guide
check mark,,coche,,GEN,N,WIN,Standard,GUI Guide
checked command,,commande cochée,,GEN,,WIN,Standard,
chevrons,,guillemets,,GEN,N,WIN,Standard,"At MS, the US term for French quotation marks.  N.B. ""chevrons"" in Frn mean the < and > characters."
child,,enfant,,GEN,,WIN,Standard,
choose,,choisir,,GEN,V,WIN,Standard,Use for commands and command buttons.  See Style Guide
choosing an icon,,cliquer sur une icône,,GEN,,WIN,Standard,Style Guide
class,,classe,,GEN,N,WIN,Standard,
CLEAR,,EFFACER,,KEY,,WIN,Standard,
Clear,,Effacer,,COM,,WIN,Standard,
clear,,effacer,,GEN,V,WIN,Standard,GUI Guide
Clear All,,Effacer tout,,COM,,WIN,Standard,GUI Guide,
click,,cliquer,,GEN,V,WIN,Standard,"N.B. ""cliquer le bouton droit de la souris"" and ""cliquer sur l'icône...""",
client,,client,,GEN,N,WIN,Standard,"See also ""container"" for OLE.",
Clipboard,,Presse-papiers,,GEN,N,WIN,Standard,GUI Guide,
Clipboard Viewer,,Presse-papiers,,GEN,N,WIN,Standard,GUI Guide,
clock,,horloge,,GEN,N,WIN,Standard,GUI Guide,
Close,,Fermeture,,COM,,WIN,Standard,GUI Guide,
Close,,Fermer,,COM,V,WIN,Standard,GUI Guide,
close,,fermer,,GEN,V,WIN,Standard,GUI Guide,
Close All,,Fermer tout,,COM,,WIN,Standard,GUI Guide,
close box,,case de fermeture,,GEN,N,WIN,Standard,,
code,,code,,GEN,N,WIN,Standard,,
cold boot,,relance à froid,,GEN,N,WIN,Standard,,A startup process that begins with turning on the computer's power.
collapse,,réduire,,GEN,V,WIN,Standard,GUI Guide,
Collate copies,,Copies assemblées,,COM,,WIN,Standard,"Change from ""Copies triées"" in GUI Guide's 2nd edit.",
colon,,les deux points,,GEN,N,WIN,Standard,Style Guide.  In printing terms : le deux-points,
color monitor,,moniteur couleur,,GEN,N,WIN,Standard,,
column,,colonne,,GEN,N,WIN,Standard,,
COM,,COM,,GEN,,WIN,Standard,,
combo box,,zone de liste déroulante modifiable,,GEN,N,WIN,Standard,GUI Guide,
comma,,virgule,,GEN,N,WIN,Standard,Style Guide,
command,,commande,,GEN,N,WIN,Standard,,
COMMAND,,COMMAND,,KEY,,WIN,Standard,Style Guide,On the Mac
command button,,bouton de commande,,GEN,N,WIN,Standard,GUI Guide,
command line,,ligne de commande,,GEN,N,WIN,Standard,,
command prompt,,invite,,GEN,N,WIN,Standard,,
command separator,,séparateur de commande,,GEN,N,WIN,Standard,,
command-line syntax,,syntaxe de la commande,,GEN,N,WIN,Standard,,
compact disk,,disque audionumérique optique / CD / ,,GEN,,WIN,Standard,,
compatibility,,compatibilité,,GEN,N,WIN,Standard,,
compatible,,compatible,,GEN,ADJ,WIN,Standard,,
compile,,compiler,,GEN,V,WIN,Standard,,
compile time,,compilation,,GEN,N,WIN,Standard,,
compiler,,compilateur,,GEN,N,WIN,Standard,,
complete installation,,installation complète,,GEN,N,WIN,Standard,,
comprehensive index,,index général,,GEN,N,WIN,Standard,,
compress,,compresser,,GEN,V,WIN,Standard,This is an MS preference, 
computer output,,sortie d'ordinateur,,GEN,N,WIN,Standard,,
configuration,,configuration,,GEN,N,WIN,Standard,,
connect ,,connecter / se connecter ,,GEN,V,WIN,Standard,,
container,,conteneur,,GEN,N,WIN,Standard,"Change from ""incorporant"" in GUI Guide 2nd edit.  An OLE term, possibly to be modified.",
container document,,document conteneur,,GEN,N,WIN,Standard,"Change from ""incorporant"" in GUI Guide 2nd edit.  An OLE term, possibly to be modified.",
content,,contenu,,GEN,N,WIN,Standard,,
Contents,,Sommaire,,COM,,WIN,Standard,"Change from ""Index"" in GUI Guide 2nd edit.",
context-sensitive help,,aide contextuelle,,GEN,,WIN,Standard,,
contiguous,,contigu,,GEN,ADJ,WIN,Standard,,Having a shared boundary
Control menu,,menu Système,,GEN,N,WIN,Standard,,
Control Panel,,Panneau de configuration,,GEN,N,WIN,Standard,GUI Guide,
control-menu box,,case du menu Système,,GEN,N,WIN,Standard,GUI Guide
convention,,convention,,GEN,N,WIN,Standard,
conventional memory,,mémoire conventionelle,,GEN,N,WIN,Standard,
conversion,,conversion,,GEN,N,WIN,Standard,
Conversion Guide,,Guide de conversion,,GEN,,WIN,Standard,As a book/manual title.
converter,,convertisseur,,GEN,,WIN,Standard,
Copies,,Copies,,OPT,,WIN,Standard,GUI Guide
coprocessor,,coprocesseur,,GEN,N,WIN,Standard,No hyphen in US or FRN
Copy,,Copier,,COM,,WIN,Standard,GUI Guide
copy,,copier,,GEN,V,WIN,Standard,GUI Guide
Copy Special,,Copie spéciale,,COM,,WIN,Standard,GUI Guide
copyright,,copyright,,GEN,,WIN,Standard,
CPU (Central Processing Unit),,processeur / unité central(e),,GEN,,WIN,Standard,
CR (carriage return),,retour chariot,,GEN,N,WIN,Standard,
create,,créer,,GEN,V,WIN,Standard,GUI Guide
critical error,,erreur critique,,GEN,N,WIN,Standard,
crop,,rogner,,GEN,V,WIN,Standard,"Change from ""découper"" in GUI Guide 2nd edit.","to crop a drawing, a picture"
crop,,rognage,,GEN,N,WIN,Standard,Change from GUI Guide 2nd edit.,
crop mark,,repère de rogne,,GEN,N,WIN,Standard,,
cross-hair pointer,,pointeur en croix,,GEN,N,WIN,Standard,GUI Guide,
cross-reference,,références croisées,,GEN,N,WIN,Standard,,
CTRL,,CTRL,,KEY,,WIN,Standard,,
CTRL+B (Bold),,CTRL+G (Gras),,KEY,,WIN,Standard,GUI Guide,
CTRL+C (Copy),,CTRL+C (Copier),,KEY,,WIN,Standard,GUI Guide,
CTRL+E (Center),,ALT+C (Centré),,KEY,,WIN,Standard,GUI Guide. Note shift from CTRL to ALT,
CTRL+I (Italics),,CTRL+I (Italique),,KEY,,WIN,Standard,GUI Guide,
CTRL+J (Justify),,CTRL+J (Justifié),,KEY,,WIN,Standard,GUI Guide,
CTRL+L (Left align),,CTRL+MAJ+G (Aligné à gauche),,KEY,,WIN,Standard,GUI Guide,
CTRL+N (New),,CTRL+N (Nouveau),,KEY,,WIN,Standard,,
CTRL+O (Open),,CTRL+O (Ouvrir),,KEY,,WIN,Standard,,
CTRL+P (Print),,CTRL+P (Imprimer),,KEY,,WIN,Standard,,
CTRL+R (Right align),,CTRL+MAJ+D (Aligné à droite),,KEY,,WIN,Standard,GUI Guide,
CTRL+U (Underline),,CTRL+S (Souligné),,KEY,,WIN,Standard,GUI Guide
CTRL+V (Paste),,CTRL+V (Coller),,KEY,,WIN,Standard,GUI Guide
CTRL+X (Cut),,CTRL+X (Couper),,KEY,,WIN,Standard,GUI Guide
CTRL+Y (Repeat),,CTRL+Y (Répéter),,KEY,,WIN,Standard,
CTRL+Z (Undo),,CTRL+Z (Annuler),,KEY,,WIN,Standard,GUI Guide
current drive,,lecteur actif,,GEN,N,WIN,Standard,
custom installation,,installation personnalisée,,GEN,N,WIN,Standard,
Customize,,Personnaliser,,COM,,WIN,Standard,GUI Guide
customized,,personnalisé,,GEN,,WIN,Standard,
Cut,,Couper,,COM,,WIN,Standard,GUI Guide
cut,,couper,,GEN,V,WIN,Standard,GUI Guide
daisy-wheel printers,,imprimante à marguerite,,GEN,N,WIN,Standard,
DAT (digital audio tape),,bande audio numérique (DAT),,GEN,,WIN,Standard,
data,,données,,GEN,N,WIN,Standard,
data processing,,traitement de données,,GEN,N,WIN,Standard,
database,,base de données,,GEN,N,WIN,Standard,
database management system (DBMS),,système de gestion de base de données(SGBD),,GEN,,WIN,Standard,,
DCA (Document Content Architecture),,DCA,,GEN,,WIN,Standard,,A formatting guideline enabling exchange of documents between computers of different sizes and models.
DDE (dynamic data exchange),,échange dynamique de données (DDE),,GEN,,WIN,Standard,,
deallocate,,désaffecter / libérer,,GEN,,WIN,Standard,,To reclaim or free previously allocated memory.
debug,,déboguer,,GEN,V,WIN,Standard,,"To detect, locate and correct logical or syntactical errors in a computer program."
decibel (dB),,décibel (dB),,GEN,N,WIN,Standard,One tenth of a bel,A unit of measurement used in electronics.
decompress,,décompresser,,GEN,V,WIN,Standard,,
default,,par défaut,,GEN,N,WIN,Standard,GUI Guide,
define,,définir,,GEN,V,WIN,Standard,GUI Guide,
Define,,Définir,,COM,,WIN,Standard,GUI Guide,
deinstall,,désinstaller ,,GEN,,WIN,Standard,"used for Office command: ""install and deinstall""",
DEL,,SUPPR,,KEY,,WIN,Standard,Style Guide,
DELETE,,SUPPR,,KEY,,WIN,Standard,Style Guide,
Delete,,Supprimer,,COM,,WIN,Standard,GUI Guide,
delete,,supprimer,,GEN,V,WIN,Standard,GUI Guide,
demi-bold,,demi-gras,,GEN,ADJ,WIN,Standard,,
demo,,démonstration,,GEN,N,WIN,Standard,,
descender,,hampe inférieure / (lettre) descendante,,GEN,N,WIN,Standard,Printer term,That portion of a lowercase letter that falls below the baseline.
desktop,,bureau,,GEN,N,WIN,Standard,,
destination,,destination,,GEN,N,WIN,Standard,,
destination application,,application destination,,GEN,N,WIN,Standard,Note change from GUI Guide 2nd edit.,
destination document,,document destination,,GEN,N,WIN,Standard,Note change from GUI Guide 2nd edit.,
device,,périphérique,,GEN,N,WIN,Standard,GUI Guide,
device driver,,pilote de périphérique,,GEN,N,WIN,Standard,GUI Guide,
diacricitical mark,,signe diacritique,,GEN,N,WIN,Standard,GUI Guide,"A mark above, below or through a written character, such as an acute or grave accent."
dialog box,,boîte de dialogue,,GEN,N,WIN,Standard,GUI Guide,
dialog box option ,,option de boîte de dialogue,,GEN,N,WIN,Standard,GUI Guide,
dialog box title,,titre de boîte de dialogue,,GEN,N,WIN,Standard,GUI Guide,
DIF (data interchange format),,format d'échange de données (format DIF,,GEN,,WIN,Standard,,
direct access,,accès direct,,GEN,,WIN,Standard,"Same as ""random access"".",
Direction,,Direction,,DIA,N,WIN,Standard,GUI Guide,
direction,,direction,,GEN,N,WIN,Standard,,
direction key,,touche de direction,,GEN,,WIN,Standard,"Do not use in US.  Use ""arrow key"" instead.",
Directories,,Répertoires,,DIA,,WIN,Standard,GUI Guide,
directory,,répertoire,,GEN,N,WIN,Standard,,
directory icon,,icône de répertoire,,GEN,N,WIN,Standard,GUI Guide,
directory name,,nom de répertoire,,GEN,N,WIN,Standard,,
disable,,désactiver,,GEN,V,WIN,Standard,,
disc,,disque,,GEN,N,WIN,Standard,"Use ""disc"" for compact disc.","A flat, nonmagnetic metal disk to be read from and written to by optical (laser) technology."
disjunction,,disjonction,,GEN,,WIN,Standard,,
disk,,"disque, disquette",,GEN,N,WIN,Standard,,
disk cache,,disque antémémoire,,GEN,N,WIN,Standard,"Check other translations such as ""cache disque"" and ""mémoire cache de disque.""",
disk drive,,lecteur de disque,,GEN,N,WIN,Standard,,
disk icon,,icône de disque,,GEN,N,WIN,Standard,GUI Guide,
display,,afficher,,GEN,V,WIN,Standard,,
dithering,,faux dégradé,,GEN,,WIN,Standard,"See MS Computer Dict. , US and FRN versions",A technique used in computer graphics to create the illusion of varying shades of gray or additional colors.
DLL (dynamic-link library),,Bibliothèque de liaison dynamique (DLL),,GEN,,WIN,Standard,,
document,,document,,GEN,N,WIN,Standard,,
document control menu box,,case de fermeture du document,,GEN,N,WIN,Standard,,
document icon,,icône de document,,GEN,N,WIN,Standard,GUI Guide,
document window,,fenêtre de document,,GEN,N,WIN,Standard,GUI Guide,
domain,,domaine,,GEN,N,WIN,Standard,,
DOS (disk operating system),,système d'exploitation MS-DOS,,GEN,N,WIN,Standard,"Always use ""MS"" before the abbreviation DOS.  If other operating systems are implied also, use the phrase: ""MS-DOS and other DOS systems"".",
dot-matrix printer,,imprimante matricielle,,GEN,N,WIN,Standard,,
double quotation marks,,guillemets doubles,,GEN,N,WIN,Standard,,
Double Underline,,Double souligné / Soulignement double,,DIA,,WIN,Standard,GUI Guide,
double-click,,cliquer deux fois,,GEN,V,WIN,Standard,GUI Guide,
double-density disk,,disquette à double densité,,GEN,,WIN,Standard,,A disk created to hold data at twice the density (bits per inch) of previous disks.
double-sided disk,,disquette à double face,,GEN,,WIN,Standard,,A floppy disk that can hold data on both its top and bottom surfaces.
Down,,Bas,,DIA,,WIN,Standard,GUI Guide,
DOWN ,,BAS,,KEY,,WIN,Standard,Style Guide,
down scroll arrow,,flèche de défilement vers le bas,,GEN,N,WIN,Standard,GUI Guide,
draft output,,brouillon,,GEN,N,WIN,Standard,,
drag,,faire glisser,,GEN,V,WIN,Standard,,
drag-and-drop,,glisser-déplacer,,GEN,N,WIN,Standard,,
drive,,lecteur ,,GEN,N,WIN,Standard,,
drive door,,volet de lecteur,,GEN,N,WIN,Standard,,
drive icon,,icône de lecteur,,GEN,N,WIN,Standard,GUI Guide,
driver,,pilote,,GEN,N,WIN,Standard,,
Drives,,Lecteurs,,DIA,,WIN,Standard,GUI Guide,
drop,,déposer,,GEN,V,WIN,Standard,,
drop cap,,lettrine,,GEN,N,WIN,Standard,A feature in Word,A large capital letter at the beginning of a block of text.
drop-down combo box,,zone de liste déroulante modifiable,,GEN,N,WIN,Standard,GUI Guide correction,
drop-down list box,,zone de liste déroulante,,GEN,N,WIN,Standard,GUI Guide correction,
drop-down menu,,menu déroulant,,GEN,N,WIN,Standard,GUI Guide,A type of menu that drops from the menu bar and remains open.
Dynamic Data Exchange (DDE),,Echange dynamique de données (DDE),,GEN,N,WIN,Standard,,
Edit,,Edition,,MNU,,WIN,Standard,GUI Guide,
EGA (Enhanced Graphics Adapter),,carte EGA,,GEN,N,WIN,Standard,,
EIS (executive information system),,système EIS,,GEN,,WIN,Standard,,
electronic mail,,messagerie électronique,,GEN,N,WIN,Standard,,
ellipsis,,points de suspension,,GEN,N,WIN,Standard,GUI Guide,
em dash,,tiret cadratin,,GEN,N,WIN,Standard,ANSI  0151,"A punctuation mark, about the length of an ""m""."
em space,,espace cadratin,,GEN,N,WIN,Standard,,
embed,,incorporer,,GEN,V,WIN,Standard,GUI Guide,
embedded object,,objet incorporé,,GEN,,WIN,Standard,GUI Guide,
EMS (Electronic Message System),,Système de messagerie élctronique,,GEN,,WIN,Standard,,
en dash,,signe moins (–),,GEN,N,WIN,Standard,Note that the en dash is longer than the hyphen or US minus sign on the keyboard  ANSI  0150.,
END,,FIN,,KEY,,WIN,Standard,Style Guide,
end mark,,marque de fin,,GEN,,WIN,Standard,,
end user,,utilisateur final,,GEN,,WIN,Standard,"Avoid in US.  Use ""user"" instead.",
engine,,moteur,,GEN,N,WIN,Standard,,
enter,,entrer,,GEN,V,WIN,Standard,Style Guide,
ENTER (Mac),,touche Entrée,,KEY,,WIN,Standard,,
ENTER (PC keypad),,ENTREE,,KEY,,WIN,Standard,GUI Guide,
ENTER (PC),,ENTREE,,KEY,,WIN,Standard,Style Guide,
entry,,entrée,,GEN,N,WIN,Standard,,
error,,erreur,,GEN,N,WIN,Standard,
error message,,message d'erreur,,GEN,N,WIN,Standard,
ESC,,ECHAP,,KEY,,WIN,Standard,Style Guide
Exit,,Quitter,,COM,,WIN,Standard,GUI Guide
Exit and Return to,,Quitter et retourner dans,,COM,,WIN,Standard,GUI Guide
expand,,développer,,GEN,V,WIN,Standard,GUI Guide
expanded memory,,mémoire paginée,,GEN,N,WIN,Standard,
EXT (extended selection),,EXT,,GEN,,WIN,Standard,Status bar abbreviation
extend selection,,étendre la sélection,,GEN,N,WIN,Standard,GUI Guide
Extended Industry Standard Architecture,,norme EISA,,GEN,,WIN,Standard,Dict. de l'Informatique (MSPress France)
extended memory,,mémoire étendue,,GEN,N,WIN,Standard,
extension,,extension,,GEN,N,WIN,Standard,
FAT( File Allocation Table),,Table d'allocation des fichiers,,GEN,,WIN,Standard,
fatal error,,erreur fatale,,GEN,N,WIN,Standard,
fax (facsimile),,télécopie,,GEN,N,WIN,Standard,
feature,,fonctionnalité / caractéristique,,GEN,N,WIN,Standard,
Feature Guide,,Guide des fonctionnalités,,GEN,,WIN,Standard,For manual titles,
field,,champ,,GEN,N,WIN,Standard,Do not use to refer to a box or option in a dialog box.,A location in a record.
file,,fichier,,GEN,N,WIN,Standard,,
File,,Fichier,,MNU,,WIN,Standard,GUI Guide,
file extension,,extension / suffixe,,GEN,N,WIN,Standard,,
file format,,format de fichier,,GEN,N,WIN,Standard,,
file handle,,descripteur de fichier,,GEN,N,WIN,Standard,Used in MS-DOS,"In MS-DOS and OS/2 a ""token"" that the system uses to refer to an open file."
file handle,,handle de fichier,,GEN,N,WIN,Standard,Used in WinNT,"In MS-DOS and OS/2 a ""token"" that the system uses to refer to an open file."
File Manager,,Gestionnaire de fichiers,,TDB,N,WIN,Standard,GUI Guide,
File Name,,Nom de fichier,,DIA,,WIN,Standard,GUI Guide,
file type,,type de fichier,,GEN,,WIN,Standard,,
filename,,nom de fichier,,GEN,N,WIN,Standard,,
filename extension,,extension de nom de fichier,,GEN,,WIN,Standard,,
filter,,filtre,,GEN,N,WIN,Standard,,
Find,,Rechercher,,COM,,WIN,Standard,GUI Guide,
Find Next,,Suivant,,BUT,,WIN,Standard,GUI Guide,
Find What,,Rechercher,,BUT,,WIN,Standard,,
Finder,,Finder,,GEN,,WIN,Standard,An interface to the Mac operating system.,
floppy disk,,disquette,,GEN,,WIN,Standard,,
folder,,dossier,,GEN,,WIN,Standard,,
following,,suivant,,GEN,,WIN,Standard,,
font,,police,,GEN,N,WIN,Standard,GUI Guide,A set of characters of the same typeface.
Font Size,,Taille de police,,DIA,N,WIN,Standard,,
font size,,taille de police,,GEN,N,WIN,Standard,,
font style,,style de police,,GEN,N,WIN,Standard,GUI Guide,
"For media info, see top flap.",,Le type de support inclus dans ce coffret est indiqué sur le rabat supérieur,,TXT,,WIN,Standard,Standard packaging sentence; approved by sub.,
form letter,,lettre type,,GEN,N,WIN,Standard,,
format,,format,,GEN,V,WIN,Standard,,
Format,,Format,,MNU,,WIN,Standard,,
formula,,formule,,GEN,N,WIN,Standard,,
formula bar,,barre de formule,,GEN,N,WIN,Standard,,The bar below the tool bar that displays the content of a cell or line. Used mainly in spreadsheets.
fraction,,fraction,,GEN,N,WIN,Standard,,
frame,,cadre,,GEN,N,WIN,Standard,
freeze,,figer,,GEN,V,WIN,Standard,GUI Guide
Freeze Panes,,Figer les volets,,COM,,WIN,Standard,GUI Guide
From ,,De/Du,,DIA,,WIN,Standard,GUI Guide
Full Menus,,Menus longs,,COM,,WIN,Standard,"toggles with ""Short Menus"" "
function,,fonction,,GEN,N,WIN,Standard,
function key,,touche de fonction,,GEN,N,WIN,Standard,
gallery,,présentation,,GEN,N,WIN,Standard,GUI Guide
game,,jeu,,GEN,N,WIN,Standard,GUI Guide
gateway,,passerelle,,GEN,N,WIN,Standard,
GB (gigabyte),,gigaoctet,,GEN,N,WIN,Standard,also Gb in US
genitive ending,,flexion du génitif,,GEN,N,WIN,Standard,
Getting Started,,Mise en route,,GEN,,WIN,Standard,For manual titles
Gigabyte,,gigaoctet,,GEN,N,WIN,Standard,
global,,global,,GEN ,ADJ,WIN,Standard,
glossary,,glossaire,,GEN,N,WIN,Standard,GUI Guide
Go To,,Atteindre,,COM,,WIN,Standard,GUI Guide,
Goto/Gosub,,Atteindre,,BUT,,WIN,Standard,GUI Guide,
graph,,graphique,,GEN,N,WIN,Standard,,
graphic,,graphisme,,GEN,N,WIN,Standard,"contrast to ""image; picture, art, bitmap, clipart"" etc.",
grayed,,estompé,,GEN,,WIN,Standard,"Use ""unavailable"" to refer to command in English.",
grid,,grille,,GEN,N,WIN,Standard,"Draw, Publisher",A set of lines that crisscross at right angles.
group,,groupe,,GEN,V,WIN,Standard,GUI Guide,
group box,,zone de groupe,,GEN,N,WIN,Standard,,
group icon,,icône de groupe,,GEN,N,WIN,Standard,,
group window,,fenêtre de groupe,,GEN,N,WIN,Standard,,
GUI (Graphical User Interface),,Interface graphique utilisateur ,,GEN,,WIN,Standard,"Also: ""Interface GUI""",
handle,,poignée,,GEN,N,WIN,Standard,,Re. computer graphics: a small square that is used for reshaping or moving a image.
handle,,pointeur,,GEN,N,WIN,Standard,,A pointer in programming; used this way in WinNT
hanging indent,,retrait négatif de première ligne,,GEN,N,WIN,Standard,,
hard copy,,sortie papier,,GEN,N,WIN,Standard,,
hard disk,,disque dur,,GEN,N,WIN,Standard,"Don't use ""hard drive"" in English",
hard return,,retour à la ligne obligatoire,,GEN,N,WIN,Standard,,
hardware,,matériel,,GEN,N,WIN,Standard,,
header,,en-tête,,GEN,N,WIN,Standard,Note that it is masculine,
heading,,titre,,GEN,N,WIN,Standard,,
heap,,tas (de mémoire),,GEN,N,WIN,Standard,,
help,,aide,,GEN,N,WIN,Standard,Re. the Help function.,
Help,,?,,MNU,,WIN,Standard,"The question mark has become standard, since there is usually not enough room on the menu bar.",
help window,,fenêtre d'aide,,GEN,N,WIN,Standard,GUI Guide,
HFS (Hierarchical File System),,Système de fichiers structuré en arborescence,,GEN,,WIN,Standard,"Especially helpful for the Mac, to replace the MFS",
Hide,,Masquer,,COM,,WIN,Standard,GUI Guide,
hide,,masquer,,GEN,V,WIN,Standard,GUI Guide,
high-density disk,,disque haute densité,,GEN,N,WIN,Standard,,
highlight,,mettre en surbrillance,,GEN,V,WIN,Standard,,"Changing the appearance of characters or graphics on the screen with the mouse. Same as ""selecting text""."
highlight,,surbrillance,,GEN,N,WIN,Standard,,
hint,,conseil,,GEN,N,WIN,Standard,For hints in manuals,
HOME,,ORIGINE (ORIG),,KEY,,WIN,Standard,Style Guide,
horizontal scroll bar,,barre de défilement horizontale,,GEN,N,WIN,Standard,GUI Guide,
horizontal split bar,,barre de fractionnement horizontale,,GEN,N,WIN,Standard,GUI Guide,
host computer,,ordinateur central,,GEN,N,WIN,Standard,,
hot key,,touche d'accès rapide,,GEN,N,WIN,Standard,,A one- or two-keystroke command that switches the use to a different program. 
hot link,,liaison interactive,,GEN,N,WIN,Standard,"Should be ""automatic link"" in English. The term Hot Link is trademarked.",
hot spot,,point d'impact,,GEN,N,WIN,Standard,,
hourglass pointer,,sablier,,GEN,N,WIN,Standard,GUI Guide,
How to use Help,,Utilisation de l'Aide,,COM,,WIN,Standard,GUI Guide,
hyphen,,trait d'union,,GEN,N,WIN,Standard,Style Guide,
Hyphenation,,Coupure de mots,,COM,,WIN,Standard,Style Guide,
I/O (input/output),,entrée(s)-sortie(s) (E/S),,GEN,,WIN,Standard,,
icon,,icône,,GEN,N,WIN,Standard,Note that it is feminine,
image,,image,,GEN,N,WIN,Standard,"As in ""disk images"". In contrast to ""picture; graphic etc.""",
impact printer,,imprimante à impact,,GEN,N,WIN,Standard,,
Important,,Important,,GEN,,WIN,Standard,For the title of a note in documentation,
In order to,,Pour,,GEN,N,WIN,Standard,For table heading,
inactive window,,fenêtre inactive,,GEN,N,WIN,Standard,GUI Guide
inch,,pouce,,GEN,N,WIN,Standard,Don't use the quotation mark as abbreviation in German.
index,,index,,GEN,N,WIN,Standard,
indexing,,indexation,,GEN,N,WIN,Standard,
Industry Standard Architecture (ISA),,norme ISA (Industry Standard Architecture),,GEN,,WIN,Standard,
informative message,,message,,GEN,,WIN,Standard,
inkjet printer,,imprimante à jet d'encre,,GEN,N,WIN,Standard,
input,,entrée,,GEN,N,WIN,Standard,
INS,,INS,,KEY,,WIN,Standard,Style Guide
Insert,,Insertion,,MNU,,WIN,Standard,GUI Guide
Insert File,,Insertion Fichier,,COM,,WIN,Standard,GUI Guide
Insert Object,,Insertion Objet,,COM,,WIN,Standard,GUI Guide
insertion point,,point d'insertion,,GEN,N,WIN,Standard,
installation,,installation,,GEN,N,WIN,Standard,
Installation Guide,,Guide d'installation,,GEN,,WIN,Standard,As a book/manual title.
Installer,,Installation,,GEN,,WIN,Standard,An Apple/Sys7 term.
instance,,instance,,GEN,,WIN,Standard,in object-oriented programming; used in NT
instance,,instance / occurrence ,,GEN,,WIN,Standard,according to context
integer,,entier/ nombre entier,,GEN,,WIN,Standard,
interactive message,,message interactif,,GEN,,WIN,Standard,
interface,,interface,,GEN,N,WIN,Standard,the visual representation to the user
interoperability,,interfonctionnement,,GEN,N,WIN,Standard,Relatively new term; watch for changes
interoperation,,interopération,,GEN,N,WIN,Standard,NT; advanced Server
intervening text,,texte intermédiaire,,GEN,N,WIN,Standard,
invalid,,non valide,,GEN,,WIN,Standard,As in error messages
ISA (Industry Standard Architecture),,norme ISA,,GEN,,WIN,Standard,
ISAM (indexed sequential access method),,Méthode d'accès séquentiel indexé,,GEN,,WIN,Standard,
ISDN (Integrated Services Digital Network),,Réseau numérique à intégration de services (RNIS),,GEN,,WIN,Standard,
ISO (International Organization for Standardization),,Association internationale de normalisation (ISO),,GEN,,WIN,Standard,
ISV (Independent Software Vendor),,Développeur indépendant (ISV),,GEN,,WIN,Standard,
italic,,en italique,,GEN,,WIN,Standard,
Italic,,Italique,,DIA,,WIN,Standard,GUI Guide
join,,jointure,,GEN,N,WIN,Standard,
join,,joindre,,GEN,V,WIN,Standard,
jump,,renvoi à un complément d'informations,,GEN,N,WIN,Standard,re. jump terms in Help
jump term,,appel à un complément d'informations,,GEN,N,WIN,Standard,re. jump terms in Help
Justified,,Justifié,,DIA,N,WIN,Standard,GUI Guide
justified,,justifié,,GEN,,WIN,Standard,
K (kilobyte),,Ko,,GEN,,WIN,Standard,Use a space between the number and the abbreviation: 640 KB.
KB (kilobyte),,Ko,,GEN,,WIN,Standard,Use a space between the number and the abbreviation: 640 KB.
key,,touche,,GEN,N,WIN,Standard,
key combination,,combinaison de touches,,GEN,N,WIN,Standard,
key name,,nom de touche,,GEN,N,WIN,Standard,
key sequence,,combinaison de touches,,GEN,N,WIN,Standard,
keyboard,,clavier,,GEN,N,WIN,Standard,
keypad,,pavé numérique,,GEN,N,WIN,Standard,"Should be ""numeric keypad"" in English."
keyword,,mot clé,,GEN,N,WIN,Standard,MS prfers no hyphen in Frn
kilobyte,,kilo-octet,,GEN,N,WIN,Standard,Style Guide
label,,étiquette,,GEN,N,WIN,Standard,GUI Guide,
LAN (Local Area Network),,Réseau local (LAN),,GEN,N,WIN,Standard,,
Landscape,,Paysage,,DIA,N,WIN,Standard,GUI Guide,
Language Reference,,Manuel de référence du langage,,GEN,N,WIN,Standard,As a book/manual title.,
laptop,,(ordinateur) portatif,,GEN,N,WIN,Standard,,
laser printer,,imprimante laser,,GEN,N,WIN,Standard,Style Guide,
later,,ultérieur(e),,GEN,,WIN,Standard,Re.  product version numbers,
layout,,disposition,,GEN,N,WIN,Standard,,
lazy writing,,écriture différée,,GEN,N,WIN,Standard,,
leader,,points de suite,,GEN,N,WIN,Standard,,"A row of dots, hyphens or other charcters used to lead the eye across a printed page."
leading zero,,zéro non significatif,,GEN,N,WIN,Standard,,A zero that precedes the most significant (leftmost) digit of a number.
left window border,,bordure gauche de la fenêtre,,GEN,N,WIN,Standard,GuiGuide,
less-than sign,,signe inférieur à (<),,GEN,N,WIN,Standard,,
less-than-or-equal-to sign,,signe inférieur ou égal à ,,GEN,N,WIN,Standard,The sign is ANSI 0163 in Symbol font,
letter quality,,qualité courrier,,GEN,,WIN,Standard,,"A level of print quality on dot-matrix printers that is better than draft quality. Compared to draft quality, near-letter quality and print quality."
LF (linefeed),,saut de ligne ,,GEN,,WIN,Standard,,
limited character space,,espace caractère limité,,GEN,N,WIN,Standard,
line,,ligne,,GEN,,WIN,Standard,GuiGuide
line break,,saut de ligne,,GEN,N,WIN,Standard,
linefeed,,saut de ligne,,GEN,N,WIN,Standard,
link,,lier,,GEN,V,WIN,Standard,GuiGuide
link,,liaison,,GEN,N,WIN,Standard,
linked object,,objet lié,,GEN,,WIN,Standard,GuiGuide
linked text and list box,,zones de liste et de texte liées,,GEN,,WIN,Standard,GuiGuide
list,,liste,,GEN,N,WIN,Standard,
list box,,liste / zone de liste,,GEN,N,WIN,Standard,
List Files of Type,,Types de fichiers,,DIA,,WIN,Standard,"Type du fichier, in new Mail version"
Ln (Line),,Li,,GEN,,WIN,Standard,Status bar abbreviation
Local Area Network (LAN),,réseau local (LAN),,GEN,,WIN,Standard,
locking,,verrouiller,,GEN,V,WIN,Standard,
log,,journal,,GEN,N,WIN,Standard,
log,,enregistrer / L(15)Cplacer (un message),,GEN,V,WIN,Standard,
log off from the network,,Se déconnecter du réseau,,GEN,V,WIN,Standard,,
log on to the network,,Se connecter au réseau,,GEN,V,WIN,Standard,,
logon domain,,domaine d'accès,,GEN,N,WIN,Standard,,
low memory,,mémoire insuffisante,,GEN,,WIN,Standard,,
low-density disk,,disque faible densité,,GEN,,WIN,Standard,,
lowercase,,minuscule,,GEN,,WIN,Standard,,
LPT,,LPT,,GEN,,WIN,Standard,,Logical device name for line printer
Macro,,Macro,,COM,,WIN,Standard,GuiGuide,
macro,,macro,,GEN,N,WIN,Standard,,A set of keystrokes and instructions recorded and saved under a short key code.
Mail Merge,,Fusion et publipostage,,COM,,WIN,Standard,see Word 6.0,
main application,,application principale,,GEN,N,WIN,Standard,GuiGuide,
main document,,document principal,,GEN,N,WIN,Standard,GuiGuide,
main memory,,mémoire principale,,GEN,N,WIN,Standard,,
manual link,,liaison manuelle,,GEN,N,WIN,Standard,GuiGuide,
map,,mapper,,GEN,V,WIN,Standard,,To translate one value into another.
Match Case,,Respecter la casse,,DIA,,WIN,Standard,New since W6.0 & Xl5,
Match Whole Word Only,,Mot entier,,DIA,,WIN,Standard,,
matrix,,matrice,,GEN,,WIN,Standard,,In math. an arrangement of rows and columns used for organizing related items.
Maximize,,Agrandissement,,COM,,WIN,Standard,Windows control menu,
maximize,,agrandir,,GEN,V,WIN,Standard,,
Mb (megabyte),,Mo (mégaoctet),,GEN,N,WIN,Standard,Use a space between the number and MB: 20 MB.,
measurement,,mesure,,GEN,N,WIN,Standard,,
media,,support,,GEN,N,WIN,Standard,,
Media Player,,lecteur multimédia,,GEN,,WIN,Standard,,
megabyte,,mégaoctet (Mo),,GEN,N,WIN,Standard,,
memory,,mémoire,,GEN,N,WIN,Standard,,
menu,,menu,,GEN,N,WIN,Standard,,
menu bar,,barre de menus,,GEN,N,WIN,Standard,,
menu command,,commande de menu,,GEN,N,WIN,Standard,GuiGuide,
menu name,,nom de menu,,GEN,N,WIN,Standard,GuiGuide,
menu option,,option de menu,,GEN,N,WIN,Standard,Used for some options in menus in WinNT Help,
merge,,fusionner,,GEN,V,WIN,Standard,,
message,,message,,GEN,N,WIN,Standard,a message the computer gives to the user,
message bar,,barre des messages,,GEN,N,WIN,Standard,,
message box,,message,,GEN,N,WIN,Standard,GuiGuide,
message line,,ligne de message,,GEN,N,WIN,Standard,GuiGuide,
method,,méthode,,GEN,N,WIN,Standard,,
Microsoft Product Support,,Support technique Microsoft,,GEN,,WIN,Standard,,
Microsoft User Hotline,,ligne directe / téléassistance ,,GEN,,WIN,Standard,,
MIDI (Musical Instrument Digital Interface),,MIDI (Musical Instrument Digital Interface),,GEN,,WIN,Standard,,
MIDI Sequencer,,séquenceur MIDI,,GEN,,WIN,Standard,GuiGuide,
Minimize,,Réduction,,COM,,WIN,Standard,In the Windows control menu.,
minimize,,réduire,,GEN,V,WIN,Standard,,
MIPS (millions of instructions per second),,million(s) d'instructions par seconde (MIPS),,GEN,,WIN,Standard,,
MIS (management information systems),,sytsème intégré de gestion (SIG),,GEN,,WIN,Standard,,"Whole definition is : ""système de traitement intégré de l'information appliqué à la gestion de l'entreprise"""
modal,,modal,,GEN,,WIN,Standard,used in VB,
modify,,modifier,,GEN,,WIN,Standard,,
monitor,,moniteur,,GEN,N,WIN,Standard,,
monochrome,,monochrome,,GEN,,WIN,Standard,,
monospace font,,police à espacement fixe,,GEN,,WIN,Standard,Used in Word,
More,,Suite,,BUT,,WIN,Standard,GuiGuide,
mouse,,souris,,GEN,N,WIN,Standard,,
mouse pointer,,pointeur de la souris,,GEN,N,WIN,Standard,GuiGuide,
Move,,Déplacer,,COM,,WIN,Standard,GuiGuide,
move,,déplacer,,GEN,V,WIN,Standard,GuiGuide,
movement keys,,touches de navigation,,GEN,,WIN,Standard,"Those keys on the keyboard that let the user move the cursor; including ""Home"", ""PgUp"" etc.",
MS-DOS (disk operating system),,système d'exploitation MS-DOS,,GEN,,WIN,Standard,,
MS-DOS prompt,,invite / message d'attente de MS-DOS,,GEN,,WIN,Standard,GuiGuide,
MultiFinder icon,,icône MultiFinder,,GEN,,WIN,Standard,Style Guide; an Apple term,
multiple-column,,à colonnes multiples,,GEN,,WIN,Standard,,
multitasking,,fonctionnement multitâche,,GEN,N,WIN,Standard,,A mode of operation offered by an operating system in which a computer works on more than one task at a time.
multiuser environment,,environnement multi-utilisateur,,GEN,,WIN,Standard,,
multiuser system,,multi-utilisateur,,GEN,N,WIN,Standard,,
navigate,,naviguer,,GEN,,WIN,Standard,"""parcourir"" has been reserved for ""browse""",
navigation button,,bouton de navigation,,GEN,,WIN,Standard,,
nested list,,liste imbriquée,,GEN,N,WIN,Standard,,
network,,réseau,,GEN,N,WIN,Standard,,
Network Administrator's Guide,,Guide de l'administrateur de réseau,,GEN,,WIN,Standard,As a book/manual title.,
network drive,,lecteur réseau,,GEN,N,WIN,Standard,,
New,,Nouveau,,COM,,WIN,Standard,GuiGuide,
New Window,,Nouvelle fenêtre,,COM,,WIN,Standard,GuiGuide,
newline character,,caractère de nouvelle ligne,,GEN,,WIN,Standard,Abbreviation: NL. Used in Word. ,A character  that causes teh cursor to move to the beginning of the new line.
Next,,Suivant,,COM,N,WIN,Standard,GuiGuide,
NL (newline character),,caractère de nouvelle ligne,,GEN,N,WIN,Standard,"see also ""newline character""",
non-proportional font,,police à espacement non proportionnel,,GEN,,WIN,Standard,,
non-Windows applications,,application non exploitée sous Windows,,GEN,,WIN,Standard,Should not be used in US,
nonbreaking hyphen,,trait d'union insécable,,GEN,N,WIN,Standard,,
nonbreaking space,,espace insécable,,GEN,N,WIN,Standard,,
nonimpact printer,,imprimante sans impact,,GEN,N,WIN,Standard,,
nonprinting character,,caractère non imprimable,,GEN,V,WIN,Standard,,
nonscrolling region,,texte qui ne disparaît pas au haut de l'écran pendant le défilement,,GEN,,WIN,Standard,Help compiler,
note,,remarque,,GEN,N,WIN,Standard,Style Guide,A note to a user in a manual.
Notepad,,Bloc-notes,,FIL,N,WIN,Standard,Windows,
NUM LOCK,,VERROUILLAGE NUMERIQUE (VERR.NUM)),,KEY,,WIN,Standard,Style Guide,
Number,,NOMBRE,,COM,,WIN,Standard,,
number,,nombre / numéro / chiffre,,GEN,N,WIN,Standard,According to context,
numbered list,,liste numérotée,,GEN,N,WIN,Standard,Style Guide,
numeric keypad,,pavé numérique,,GEN,N,WIN,Standard,,
numerics,,numériques,,GEN,N,WIN,Standard,,
object,,objet,,GEN,N,WIN,Standard,GuiGuide,
Object,,Objet,,COM,,WIN,Standard,GuiGuide,
object handle,,handle d'objet,,GEN,,WIN,Standard,Win NT,
object link,,liaison d'objet,,GEN,,WIN,Standard,,
Object Linking & Embedding (OLE),,L+L(13)Ciaison et incorporation d'objets (OLE),,GEN,,WIN,Standard,GuiGuide,
Object Packager,,Gestionnaire de liaisons,,GEN,,WIN,Standard,Windows,
object-oriented,,orienté objet,,GEN,,WIN,Standard,,
oblique,,oblique,,GEN,,WIN,Standard,"for fonts; similar to, but not the same as ""italic""",
OEM (original equipment manufacturer),,constructeur OEM,,GEN,,WIN,Standard,,
offline,,autonome / hors-ligne,,GEN,,WIN,Standard,,
OK,,OK,,DIA,,WIN,Standard,GuiGuide,
OLE (Object Linking & Embedding),,OLE (Liaison et incorporation d'objets),,GEN,,WIN,Standard,GuiGuide,
OLE application,,application OLE,,GEN,N,WIN,Standard,GuiGuide,
Online Help,,Aide en ligne,,GEN,,WIN,Standard,,
OOP (Object-Oriented Programming),,programmation orientée L(16)Cobjet,,GEN,,WIN,Standard,,
Open,,Ouvrir,,COM,,WIN,Standard,,
operating system,,système d'exploitation,,GEN,N,WIN,Standard,Style Guide,
operator,,opérateur,,GEN,,WIN,Standard,in Winword 2.0 in Summary info box,
OPTION,,OPTION,,KEY,,WIN,Standard,Style Guide,
option,,option,,GEN,N,WIN,Standard,GuiGuide,
option button,,option,,GEN,N,WIN,Standard,,A round button that the user can select in a group of mutually exclusive options.
optional hyphen,,trait d'union conditionnel,,GEN,N,WIN,Standard,,
Options,,Options,,COM,,WIN,Standard,GuiGuide,
ordinal number,,nombre ordinal,,GEN,,WIN,Standard,Style Guide
orientation,,orientation,,GEN,,WIN,Standard,
Orientation,,Orientation,,DIA,,WIN,Standard,re. paper for printing
orphan,,ligne orpheline,,GEN,,WIN,Standard,
OSI (Open Systems Interconnect),,modèle ISO/OSI (Interconnexion de systèmes ouverts),,GEN,,WIN,Standard,
outline,,plan / contour,,GEN,N,WIN,Standard,according to context
output,,sortie,,GEN,N,WIN,Standard,
override,,ne pas tenir compte de / remplacer / écraser,,GEN,V,WIN,Standard,according to context
overtype,,refrapper / remplacer,,GEN,V,WIN,Standard,
overview,,vue d'ensemble,,GEN,,WIN,Standard,
OVR (Overtype on),,RFP,,GEN,,WIN,Standard,Status bar abbreviation in Word6.
OVR (Overtype on),,FRAP,,GEN,,WIN,Standard,Status bar abbreviation inExcel5
package,,coffret,,GEN,,WIN,Standard,
packaging,,présentation / conditionnement,,GEN,N,WIN,Standard,"US term also used for ""package"""
page,,page,,GEN,N,WIN,Standard,
page break,,saut de page,,GEN,N,WIN,Standard,
PAGE DOWN,,PG. SUIV,,KEY,,WIN,Standard,Style Guide,
page layout,,mode Page,,GEN,,WIN,Standard,,The process of arranging text and graphics on the pages of a document.
page reference,,renvoi,,GEN,,WIN,Standard,,
Page Setup,,Mise en page,,COM,,WIN,Standard,GuiGuide,
PAGE UP,,PG. PREC,,KEY,,WIN,Standard,Style Guide,
pagination,,pagination,,GEN,,WIN,Standard,,
palette,,palette,,GEN,N,WIN,Standard,,
pane,,volet,,GEN,N,WIN,Standard,GuiGuide,
paper bin,,bac,,GEN,N,WIN,Standard,"to supersede ""magasin""",
paper feed,,alimentation papier,,GEN,N,WIN,Standard,,
paper format,,format,,GEN,N,WIN,Standard,,
paper size,,dimensions du papier,,GEN,,WIN,Standard,,
paper source,,alimentation papier,,GEN,N,WIN,Standard,,
Paragraph,,Paragraphe,,COM,N,WIN,Standard,GuiGuide,
paragraph mark,,marque de paragraphe,,GEN,N,WIN,Standard,,
parallel printer,,imprimante parallèle,,GEN,N,WIN,Standard,,
parent,,parent,,GEN,,WIN,Standard,,
parenthesis,,parenthèse,,GEN,N,WIN,Standard,Style Guide,
parse,,analyser / interpréter,,GEN,,WIN,Standard,,To break input into smaller chunks so that a program can act upon the information.
password,,mot de passe,,GEN,N,WIN,Standard,,
Paste,,Coller,,COM,,WIN,Standard,GuiGuide,
paste,,coller,,GEN,V,WIN,Standard,GuiGuide,
Paste Link,,Coller avec liaison,,COM,,WIN,Standard,GuiGuide,
Paste Special,,Collage spécial,,COM,,WIN,Standard,GuiGuide,
patent,,brevet,,GEN,N,WIN,Standard,,
path,,chemin d'accès,,GEN,N,WIN,Standard,,
pathname,,nom de chemin,,GEN,N,WIN,Standard,,
pause,,suspendre,,GEN,V,WIN,Standard,,
PAUSE ,,PAUSE,,KEY,,WIN,Standard,,
PC (personal computer),,PC (ordinateur personnel),,GEN,N,WIN,Standard,"Sometimes ""OP""",
PC compatible,,compatible,,GEN,,WIN,Standard,"That US expression should not be used.  Use ""IBM PC/AT and compatible""",
pen based computer,,ordinateur sans clavier,,GEN,N,WIN,Standard,"found also : ""à stylo optique""",
period,,point,,GEN,N,WIN,Standard,Style Guide,
permission,,autorisation,,GEN,N,WIN,Standard,,
Personal Computer,,ordinateur personnel,,GEN,,WIN,Standard,,
PG DN,,PG. SUIV,,KEY,,WIN,Standard,,
PG UP,,PG. PREC,,KEY,,WIN,Standard,,
pica,,pica,,GEN,,WIN,Standard,,"A measure used with printed type. It measures appr. 1/6 inch (0,42 cm)."
picture,,image,,GEN,,WIN,Standard,,
pie chart,,graphique à secteurs,,GEN,,WIN,Standard,,A type of graph that presents values as percentages (slices) of a whole.
pipe,,canal / redirection,,GEN,,WIN,Standard,,
pipe character,,le signe ¦,,GEN,,WIN,Standard,ANSI code: 0166,
pitch,,espacement,,GEN,,WIN,Standard,,"A measure, gen. used with monospace fonts, that describes the number of characters that fit in a horizontal inch; e.g. 10-pitch = 10 characters per inch."
pixel,,pixel,,GEN,,WIN,Standard,,Short for picture element. 
platform,,plate-forme,,GEN,,WIN,Standard,,
plot,,tracer / représenter,,GEN,V,WIN,Standard,correct usage depends on the context,To create a graphic or diagram by connecting points.
plural,,pluriel / au pluriel,,GEN,,WIN,Standard,,
point,,pointer,,GEN,V,WIN,Standard,GuiGuide,
pointer,,pointeur,,GEN,N,WIN,Standard,GuiGuide,
pointing device,,périphérique de pointage / pointeur,,GEN,N,WIN,Standard,,
poke,,écrire en mémoire vive,,GEN,V,WIN,Standard,,To store a byte into an absolute memory location.
pop-up menu,,menu contextuel,,GEN,N,WIN,Standard,"Should be called ""context-sensitive menu"" or ""shortcut menu""",
Portrait,,Portrait,,OPT,,WIN,Standard,GuiGuide,
POS (point of sale),,Point de vente,,GEN,,WIN,Standard,,
powerful,,puissant,,GEN,ADJ,WIN,Standard,re. a product or feature.,
preceding,,précédent,,GEN,,WIN,Standard,,
preemptive multitasking,,multitâche préemptif,,GEN,,WIN,Standard,NT,
preposition,,préposition,,GEN,N,WIN,Standard,,
prerelease,,première version,,GEN,N,WIN,Standard,,
presentation data,,données de présentation,,GEN,N,WIN,Standard,,
presentation format ,,format de présentation,,GEN,N,WIN,Standard,,
preset,,prédéfinir,,GEN,V,WIN,Standard,,
press,,appuyer,,GEN,V,WIN,Standard,,
press and hold down,,maintenir (la touche) enfoncé(e),,GEN,V,WIN,Standard,GuiGuide,
print,,imprimer,,GEN,V,WIN,Standard,
print area,,zone d'impression,,GEN,N,WIN,Standard,
print job,,impression / travail,,GEN,N,WIN,Standard,
Print Manager,,Gestionnaire d'impression,,GEN,N,WIN,Standard,GuiGuide
Print Preview,,Aperçu avant impression,,COM,,WIN,Standard,GuiGuide
print quality,,qualité d'impression,,GEN,N,WIN,Standard,GuiGuide
print queue,,file d'attente à l'impression,,GEN,N,WIN,Standard,
Print range,,Etendue,,DIA,,WIN,Standard,GuiGuide
PRINT SCREEN,,IMP.ECRAN,,KEY,,WIN,Standard,Style Guide
Print Setup,,Configuration de l'impression,,COM,,WIN,Standard,GuiGuide
print spooling,,impression en attente,,GEN,,WIN,Standard,
Print to File,,Imprimer dans un fichier,,DIA,,WIN,Standard,
Print Topic,,Imprimer la rubrique,,DIA,,WIN,Standard,GuiGuide
printer,,imprimante,,GEN,N,WIN,Standard,GuiGuide
Printer Guide,,Guide d'impression,,GEN,,WIN,Standard,As a book/manual title.
printer queue,,file d'impression,,GEN,N,WIN,Standard,Style Guide
Printer Setup,,Configuration de l'imprimante,,COM,,WIN,Standard,GuiGuide
printer-driver file,,fichier pilote d'imprimante,,GEN,N,WIN,Standard,
printing order,,ordre d'impression,,GEN,N,WIN,Standard,
priority,,priorité,,GEN,N,WIN,Standard,
privilege level,,niveau de privilège,,GEN,N,WIN,Standard,
procedure,,procédure,,GEN,N,WIN,Standard,re. procedures in documentation and in computer programs
Product Support,,Support technique,,COM,,WIN,Standard,
product support,,assistance technique,,GEN,,WIN,Standard,service après vente
program group,,groupe de programmes,,GEN,,WIN,Standard,GuiGuide
program item,,programme,,GEN,N,WIN,Standard,GuiGuide
Program Manager,,Gestionnaire de programmes,,GEN,,WIN,Standard,GuiGuide
Programmer's Guide,,Guide du programmeur,,GEN,,WIN,Standard,As a book/manual title.
Programmer's Reference,,Manuel de référence du programmeur,,GEN,,WIN,Standard,As a book/manual title.
progress indicator,,indicateur d'état / indicateur de déplacement,,GEN,N,WIN,Standard,
promotional sample,,échantillon,,GEN,N,WIN,Standard,
prompt,,invite / message d'attente,,GEN,N,WIN,Standard,
prompt,,demander / poser une question,,GEN,V,WIN,Standard,,
proof of purchase,,preuve d'achat,,GEN,N,WIN,Standard,MS customer has to prove that s/he has indeed bought the product and not acquired it some other way.,
PSS (Product Support Services),,assistance / support technique,,GEN,N,WIN,Standard,,
punctuation,,ponctuation,,GEN,N,WIN,Standard,Style Guide,
QBE (Query-by-Example),,interrogation par l'exemple,,GEN,N,WIN,Standard,,
query,,interroger / lancer une requête,,GEN,V,WIN,Standard,,
query,,requête,,GEN,N,WIN,Standard,,The process of extracting data from a database and presenting it for use.
query by example (QBE),,interrogation par l'exemple,,GEN,N,WIN,Standard,used this way in Access,
question mark pointer,,pointeur en forme de point d'interrogation,,GEN,,WIN,Standard,,
queue,,file d'attente,,GEN,N,WIN,Standard,,
Quick Reference,,Aide-mémoire,,GEN,,WIN,Standard,As a book/manual title.,
Quit,,quitter,,COM,,WIN,Standard,GuiGuide,
quotation mark,,guillemet,,GEN,N,WIN,Standard,,
R/W (Read/Write),,L/E (Lecture/Ecriture),,GEN,,WIN,Standard,,
radio button,,case d'option,,GEN,N,WIN,Standard,"US should not use.  Should be ""option button"" instead",
RAM (Random Access Memory),,mémoire vive,,GEN,,WIN,Standard,,
range,,plage / sélection,,GEN,,WIN,Standard,,
RDBMS (relational database management system),,Système de gestion de base de données relationnelle (SGBDR),,GEN,,WIN,Standard,re. a block of cells,In spreadsheets: a block of selected cells; in general: spread between specified low and high values.
read-only,,en lecture seule,,GEN,,WIN,Standard,,
read-write permission,,accès en lecture-écriture,,GEN,N,WIN,Standard,,
README,,LISEZ-MOI,,FIL,,WIN,Standard,re. the name of the file,
reboot,,relancer,,GEN,,WIN,Standard,"US should not use. Use instead ""restart"".",
REC (Macro Recorder on),,ENR,,GEN,,WIN,Standard,"Status bar abbreviation for ""Enregistrement""",
record,,enregistrement,,GEN,N,WIN,Standard,,A data structure that is a collection of fields.
Record,,enregistrer,,COM,,WIN,Standard,GuiGuide,
recorder,,enregistreur,,GEN,N,WIN,Standard,GuiGuide,
recover,,récupérer,,GEN,V,WIN,Standard,,
redirect,,rediriger,,GEN,,WIN,Standard,,
redirector,,redirecteur,,GEN,,WIN,Standard,,
Redo,,Refaire,,BUT,,WIN,Standard,,
redo,,rétablir,,GEN,,WIN,Standard,,
reduce selection,,réduire la sélection,,GEN,,WIN,Standard,GuiGuide,
refresh,,actualiser / rafraîchir (l'écran),,GEN,V,WIN,Standard,,To reenergize. To retrace the screen at frequent intervals.  Also to update (check context)
registered trademark,,marque déposée,,GEN,,WIN,Standard,,
registration,,inscription,,GEN,N,WIN,Standard,,
registration API,,inscription API,,GEN,,WIN,Standard,,
registration card,,carte d'inscription,,GEN,,WIN,Standard,,
reinstall,,installer à nouveau,,GEN,,WIN,Standard,,
related topics,,rubriques connexes / voir aussi,,GEN,N,WIN,Standard,,
relational database,,base de données relationnelle,,GEN,,WIN,Standard,,
release,,publier,,GEN,V,WIN,Standard,re. software,
release,,lancement / diffusion,,GEN,N,WIN,Standard,,A particular version of a software.
remote,,à distance  /  distant  /  éloigné,,GEN,,WIN,Standard,,
remote access,,accès à distance ,,GEN,,WIN,Standard,,
rename,,renommer,,GEN,V,WIN,Standard,,
Repeat,,Répéter,,COM,,WIN,Standard,GuiGuide,
repetition,,répétition,,GEN,,WIN,Standard,,
Replace,,Remplacer,,COM,,WIN,Standard,GuiGuide,
Replace All,,Remplacer tout,,DIA,,WIN,Standard,GuiGuide,
Replace With,,Remplacer par,,DIA,,WIN,Standard,GuiGuide,
report,,Etat / rapport,,GEN,N,WIN,Standard,,The presentation of information about a given topic.
reset,,restaurer,,GEN,,WIN,Standard,GuiGuide,
Reset,,Rétablir ,,BUT,,WIN,Standard,,
resident,,résident,,GEN,,WIN,Standard,,
resize,,redimensionner,,GEN,V,WIN,Standard,GuiGuide,
resolution,,résolution,,GEN,N,WIN,Standard,,
resource,,ressource,,GEN,,WIN,Standard,,
restore,,restaurer,,GEN,V,WIN,Standard,GuiGuide,
Restore ,,Restauration,,COM,,WIN,Standard,In System menu,
resume,,reprendre,,GEN,V,WIN,Standard,GuiGuide,
retrieve,,extraire,,GEN,,WIN,Standard,,To obtain requested data.
retry,,essayer à nouveau,,GEN,,WIN,Standard,GuiGuide,
RETURN,,RETOUR,,KEY,,WIN,Standard,Style Guide,on key pad
reverse,,Inverser,,GEN,V,WIN,Standard,GuiGuide,
reverse,,Inverse,,GEN,ADJ,WIN,Standard,,
revoke,,révoquer,,GEN,V,WIN,Standard,,
Ribbon,,Ruban,,COM,,WIN,Standard,,
right aligned,,aligné à droite,,GEN,ADJ,WIN,Standard,GuiGuide,
RIGHT ARROW,,DROITE,,KEY,,WIN,Standard,GuiGuide,
right scroll arrow,,Flèche de défilement vers la droite,,GEN,,WIN,Standard,GuiGuide,
right window border,,Bordure droite de la fenêtre,,GEN,N,WIN,Standard,GuiGuide,
right-justified,,Aligné à droite,,GEN,,WIN,Standard,"US should not use.  Use ""right-aligned"" instead.",
Roadmap,,Introduction à la documentation de [nom du produit],,GEN,N,WIN,Standard,info sheet in many product packages,
ROM (Read-only Memory),,mémoire morte (MEM),,GEN,N,WIN,Standard,,
root directory,,répertoire racine,,GEN,N,WIN,Standard,,
rotate,,pivoter,,GEN,V,WIN,Standard,,
row,,ligne,,GEN,N,WIN,Standard,,A series of items arranged horizontally within a framework.
RTF (rich-text format),,RTF (rich-text format),,GEN,,WIN,Standard,,
Ruler,,Règle,,COM,,WIN,Standard,GuiGuide,
run,,Exécuter,,GEN,V,WIN,Standard,,To execute a program.
Run,,Exécuter,,COM,,WIN,Standard,GuiGuide,
run-time ,,à l'exécution / version exécutable,,GEN,,WIN,Standard,,Either the time period during which a program is running or the amount of time needed to execute the program.
running head,,Titre courant,,GEN,,WIN,Standard,,
SAA (Systems Application Architecture),,AUA (Architecture unifiée d'applications),,GEN,,WIN,Standard,Trademark of IBM,
SAF (SQL Server Administration Facility),,SAF,,GEN,,WIN,Standard,,
sample,,exemple,,GEN,,WIN,Standard,GuiGuide,
Sampler,,Livret d'exemples,,GEN,,WIN,Standard,As a book/manual title.,
sans serif font,,police sans sérif,,GEN,,WIN,Standard,"Preferably: ""sans empattement""",
save,,enregistrer,,GEN,V,WIN,Standard,,
Save,,Enregistrer,,COM,,WIN,Standard,GuiGuide,
Save All,,Enregistrer tout,,COM,,WIN,Standard,GuiGuide,
Save As,,Enregistrer sous,,COM,,WIN,Standard,GuiGuide,
Save File as Type,,Type du fichier,,DIA,,WIN,Standard,This should replace all other French terms ,
scalable font,,police dimensionnable,,GEN,N,WIN,Standard,,Any font that can be scaled to produce characters in varying sizes.
scale,,mettre à l'échelle,,GEN,V,WIN,Standard,GuiGuide,
scale,,échelle,,GEN,N,WIN,Standard,,
scaling,,mise à l'échelle,,GEN,N,WIN,Standard,GuiGuide,In graphics the process of enlarging or reducing a graphical image.
scan,,balayer / analyser / scruter,,GEN,V,WIN,Standard,"""scannériser"" is also used in France",
scanner,,"dispositif à balayage, scanneur",,GEN,,WIN,Standard,,
screen,,écran,,GEN,N,WIN,Standard,,
SCRL (Scroll Lock on),,DEF,,GEN,,WIN,Standard,Status bar abbreviation,
scroll,,faire défiler,,GEN,V,WIN,Standard,,
scroll arrow,,flèche de défilement,,GEN,N,WIN,Standard,,
scroll bar,,barre de défilement,,GEN,N,WIN,Standard,,
scroll box,,curseur de défilement,,GEN,N,WIN,Standard,,
SCROLL LOCK,,DEFILEMENT / DEFIL,,KEY,,WIN,Standard,Style Guide,
SDK (software development kit),,kit de réalisation de logiciel,,GEN,,WIN,Standard,,
Search,,Rechercher,,COM,,WIN,Standard,GuiGuide,
Search for Help on,,Aide sur,,COM,,WIN,Standard,GuiGuide,
Sec (Section),,Sec,,GEN,,WIN,Standard,Status bar abbreviation,
section,,section,,GEN,N,WIN,Standard,GuiGuide,
See also,,Voir aussi,,GEN,,WIN,Standard,re. Help,
select,,activer,,GEN,V,WIN,Standard,for a check box
select,,Sélectionner ,,GEN,V,WIN,Standard,"for selecting data, text, object, option without executing a process"
select,,choisir,,GEN,V,WIN,Standard,for a command or a button that make something happen
selected cell,,cellule sélectionnée,,GEN,,WIN,Standard,
selection,,sélection,,GEN,N,WIN,Standard,
selection cursor,,curseur de sélection,,GEN,N,WIN,Standard,
semicolon,,point-virgule,,GEN,N,WIN,Standard,
separator,,séparateur,,GEN,N,WIN,Standard,
serial communications port,,port de communication série,,GEN,N,WIN,Standard,
serial mouse,,souris série,,GEN,N,WIN,Standard,
serial printer,,imprimante série,,GEN,N,WIN,Standard,
serif,,sérif / empattement,,GEN,N,WIN,Standard,
server,,serveur,,GEN,N,WIN,Standard,
server application,,application serveur,,GEN,N,WIN,Standard,Style Guide
session,,session,,GEN,N,WIN,Standard,
set,,définir /L(19)C établir,,GEN,V,WIN,Standard,GuiGuide
Set,,Définir,,BUT,,WIN,Standard,
set up,,installer,,GEN,V,WIN,Standard,GuiGuide
Setup,,Install ,,GEN,N,WIN,Standard,Programme d'installation
Setup disk,,disque d'installation,,GEN,N,WIN,Standard,Style Guide
share name,,nom de partage,,GEN,N,WIN,Standard,
shared resource,,ressource partagée,,GEN,,WIN,Standard,
SHIFT,,MAJUSCULE (MAJ),,KEY,,WIN,Standard,GuiGuide
Short Menus,,Menus courts,,COM,,WIN,Standard,GuiGuide
shortcut,,raccourci,,GEN,,WIN,Standard,
shortcut icon,,icône de raccourci ,,GEN,,WIN,Standard,
shortcut key,,touche de raccourci,,GEN,N,WIN,Standard,
side effect,,effet secondaire,,GEN,N,WIN,Standard,
sidehead,,titre en retrait dans la marge,,GEN,N,WIN,Standard,Style Guide
sign off,,clore une session,,GEN,V,WIN,Standard,Style Guide
sign on,,ouvrir une session,,GEN,V,WIN,Standard,Style Guide
single quotation mark,,guillemet,,GEN,N,WIN,Standard,"contrast to ""double quote"""
single user,,utilisateur unique,,GEN,ADJ,WIN,Standard,
Single-Step Procedure,,procédure à étape unique,,GEN,N,WIN,Standard,
single-user,,à utilisateur unique,,GEN,N,WIN,Standard,
singular,,singulier,,GEN,N,WIN,Standard,
size,,modifier la taille / dimensionner,,GEN,V,WIN,Standard,GuiGuide
size,,taille,,GEN,N,WIN,Standard,GuiGuide
size box,,boîte de dimensionnement,,GEN,N,WIN,Standard,
sizing handle,,poignée de redimensionnement,,GEN,N,WIN,Standard,GuiGuide
slash,,barre oblique,,GEN,N,WIN,Standard,
slider,,curseur,,GEN,N,WIN,Standard,GuiGuide
slider indicator,,indicateur de défilement,,GEN,N,WIN,Standard,GuiGuide
small cap,,petite majuscule,,GEN,N,WIN,Standard,
small capital,,petite majuscule,,GEN,N,WIN,Standard,GuiGuide
smart quotes,,guillemets anglais,,GEN,N,WIN,Standard,
SNA (systems network architecture),,Architecture de réseau des systèmes IBM,,GEN,N,WIN,Standard,
soft font,,police logicielle / téléchargeable,,GEN,,WIN,Standard,
soft return,,retour à la ligne facultatif,,GEN,,WIN,Standard,
software,,logiciel,,GEN,N,WIN,Standard,
sort ,,trier,,GEN,V,WIN,Standard,
sort key,,clé de tri,,GEN,N,WIN,Standard,
sorting,,tri,,GEN,V,WIN,Standard,
sorting order,,ordre de tri,,GEN,N,WIN,Standard,
sound,,son,,GEN,N,WIN,Standard,
sound recorder,,enregistreur de sons,,GEN,N,WIN,Standard,GuiGuide
source,,source,,GEN,N,WIN,Standard,
source application,,application source,,GEN,N,WIN,Standard,GuiGuide
source document,,document source,,GEN,N,WIN,Standard,GuiGuide
space,,espace,,GEN,N,WIN,Standard,
SPACEBAR,,ESPACE,,KEY,,WIN,Standard,
special character,,caractère spécial,,KEY,,WIN,Standard,
speed key,,touche de raccourci,,GEN,N,WIN,Standard,"US should not use.  Use ""access key"" or ""shortcut key"" according to meaning."
spelling checker ,,vérificateur d'orthogaphe,,GEN,N,WIN,Standard,
spike,,pique-notes,,GEN,N,WIN,Standard,,
spin box,,zone de sélection numérique,,GEN,N,WIN,Standard,,
Split,,Fractionner,,COM,,WIN,Standard,GuiGuide,
split,,fractionner,,GEN,V,WIN,Standard,GuiGuide,
split bar,,barre de fractionnement,,GEN,N,WIN,Standard,,
split box,,barre de fractionnement,,GEN,N,WIN,Standard,,
spooling,,mise en file d'attente,,GEN,N,WIN,Standard,,
spreadsheet,,feuille de calcul,,GEN,N,WIN,Standard,,
spreadsheet program,,tableur,,GEN,N,WIN,Standard,,
SQL (Structured Query Language),,SQL,,GEN,,WIN,Standard,,"A database sublanguage for querying, updating and managing relational dbs."
stack,,pile,,GEN,,WIN,Standard,,
stack,,empiler,,GEN,V,WIN,Standard,,
stand-alone mode,,autonome,,GEN,ADJ,WIN,Standard,,
start up,,démarrer,,GEN,V,WIN,Standard,,
start-up,,de démarrage ,,GEN,ADJ,WIN,Standard,,
statement,,instruction,,GEN,N,WIN,Standard,,
static,,statique / fixe,,GEN,,WIN,Standard,check context,
status bar,,barre d'état,,GEN,ADJ,WIN,Standard,,
status-bar indicator,,indicateur de la barre d'état,,GEN,,WIN,Standard,GuiGuide,
strike,,taper,,GEN,V,WIN,Standard,"US should not use. Use ""press"" or ""type""  instead",
strikethrough,,barré,,GEN,ADJ,WIN,Standard,,
string,,chaîne (de caractères),,GEN,N,WIN,Standard,,
style sheet,,feuille de style,,GEN,N,WIN,Standard,,
subdirectory,,sous-répertoire,,GEN,N,WIN,Standard,,
subentry,,entrée secondaire,,GEN,N,WIN,Standard,,
subheading,,sous-titre,,GEN,,WIN,Standard,,
submenu,,sous-menu,,GEN,,WIN,Standard,,
subroutine,,sous-routine,,GEN,,WIN,Standard,,"A common term for ""routine"". Often used for shorter, general routines that are likely to be called often."
subscript,,indice,,GEN,,WIN,Standard,,One or more characters printed slightly below the baseline of surrounding text.
subsidiary,,filiale,,GEN,N,WIN,Standard,,
superscript,,exposant,,GEN,,WIN,Standard,,A character printed slightly above the surrounding text.
supplier,,fournisseur,,GEN,N,WIN,Standard,Style Guide,
switch,,basculer,,GEN,V,WIN,Standard,GuiGuide,
switch,,commutateur,,GEN,N,WIN,Standard,,"A circuit element that has two states, on and off. In MS-DOS, an argument used to control the execution of a command or application."
switch,,basculer vers,,GEN,V,WIN,Standard,GuiGuide,
Switch to,,Basculer vers,,COM,,WIN,Standard,,
Switching to Microsoft product,,Passage de ... à ...,,GEN,,WIN,Standard,As a book/manual title.,
SYLK (Symbolic Link File format),,SYLK,,GEN,,WIN,Standard,,
syntax,,syntaxe,,GEN,N,WIN,Standard,,
SYS RQ (Sys Req key / System Request key),,Système / Syst,,KEY,,WIN,Standard,,
system,,système,,GEN,N,WIN,Standard,,
system prompt,,invite du système,,GEN,N,WIN,Standard,,
TAB,,TABULATION,,KEY,,WIN,Standard,Style Guide,
tab stop,,taquet de tabulation,,GEN,N,WIN,Standard,,
table,,tableau,,GEN,N,WIN,Standard,,
TB (terabyte),,téraoctet,,GEN,N,WIN,Standard,,
Technical Reference,,Manuel de référence technique,,GEN,,WIN,Standard,As a book / manual title.,
Technical Support,,support technique,,GEN,,WIN,Standard,,
template,,modèle,,GEN,N,WIN,Standard,,A package or a form.
terabyte,,téraoctet,,GEN,N,WIN,Standard,,
terminal,,station de travail,,GEN,N,WIN,Standard,"Do not use in US. Use ""monitor"" or ""workstation""","A device consisting of a video adapter, a monitor and a keyboard."
terminate,,fermer / quitter / annuler,,GEN,V,WIN,Standard,"Do not use in US. Use ""quit"" or ""close"" instead",
terminology,,terminologie,,GEN,N,WIN,Standard,,
text box,,zone de texte,,GEN,N,WIN,Standard,GuiGuide/ Style Guide,
text frame,,cadre,,GEN,N,WIN,Standard,GuiGuide,
This package can be recycled,,Ce coffret peut être recyclé,,GEN,,WIN,Standard,,
TIFF (Tag Image File Format),,TIFF,,GEN,,WIN,Standard,,"A standard file format commonly used for scanning, storage and interchange of gray-scale graphic images."
tilde,,tilde,,GEN,,WIN,Standard,,
Tile,,Mosaïque,,COM,,WIN,Standard,A Windows command,
tiled windows,,fenêtres en mosaïque,,GEN,,WIN,Standard,In Windows,
tip,,conseil,,GEN,N,WIN,Standard,,Used in manuals to alert the reader to some potential problem.
title,,titre,,GEN,N,WIN,Standard,,
title bar,,barre de titre,,GEN,N,WIN,Standard,,
toggle,,basculer / alterner,,GEN,V,WIN,Standard,,
tool,,outil,,GEN,N,WIN,Standard,GuiGuide,
Tool Tip,,info-bulles,,GEN,,WIN,Standard,,
toolbar,,barre d'outils,,GEN,N,WIN,Standard,,
toolbox,,boîte à outils,,GEN,N,WIN,Standard,,
toolkit,,trousse à outils,,GEN,,WIN,Standard,,
Tools,,Outils,,MNU,,WIN,Standard,GuiGuide,
top window border,,bordure supérieure de la fenêtre,,GEN,N,WIN,Standard,GuiGuide,
tracking,,suivi,,GEN,,WIN,Standard,,"The act of following a path, a process."
trademark,,marque,,GEN,N,WIN,Standard,,
transfer,,transfert,,GEN,N,WIN,Standard,,The movement of data from one location to another.
transfer,,transférer,,GEN,V,WIN,Standard,,
transmit,,transmettre,,GEN,V,WIN,Standard,Use for transmitting messages,Sending information over a communications line or a circuit.
transparent,,transparent,,GEN,ADJ,WIN,Standard,,
trap,,interrompre / récupérer / piéger,,GEN,V,WIN,Standard,,
trapping,,déroutement,,GEN,,WIN,Standard,"of errors, as in WinNT",
"Trash, the",,corbeille,,GEN,N,WIN,Standard,Apple Term; the Macintosh icon is a trashcan.,
tree structure,,arborescence,,GEN,,WIN,Standard,,
troubleshoot,,dépanner,,GEN,,WIN,Standard,,
truncate,,tronquer,,GEN,V,WIN,Standard,,To cut off the beginning or end or a series of characters or numbers.
TSR (terminate-and-stay-resident),,programme résident,,GEN,,WIN,Standard,,
TTY (teletype / teletypewriter),,télétype,,GEN,,WIN,Standard,,
tutorial,,didacticiel,,GEN,N,WIN,Standard,GuiGuide,
twip,,twip,,GEN,N,WIN,Standard,A Microsoft term; a measurement for 1/20 of a point,
type,,taper,,GEN,V,WIN,Standard,,To enter information by means of the keyboard
type size,,taille de la police,,GEN,N,WIN,Standard,"Do not use uin English.  Use ""font size"" ",
type style,,style de la police,,GEN,N,WIN,Standard,,
typeface,,œil de caractère,,GEN,N,WIN,Standard,"US should not use.  Use ""font"" in English",
typographic convention,,convention typographique,,GEN,,WIN,Standard,,
unavailable,,non disponible / estompé,,GEN,,WIN,Standard,,
undelete,,restaurer / restituer,,GEN,,WIN,Standard,,
underline,,souligner,,GEN,V,WIN,Standard,,
Underline,,Souligner / Soulignement,,DIA,,WIN,Standard,GuiGuide,
underscore,,trait de soulignement,,GEN,,WIN,Standard,,
Undo,,Annuler,,COM,N,WIN,Standard,GuiGuide,
unfreeze,,libérer,,GEN,,WIN,Standard,GuiGuide,
unhide,,afficher,,GEN,,WIN,Standard,GuiGuide,
Unhide,,Afficher,,COM,,WIN,Standard,,
Up,,Haut,,DIA,,WIN,Standard,GuiGuide,
UP ARROW,,HAUT,,KEY,,WIN,Standard,Style Guide,
up scroll arrow,,flèche de défilement vers le haut,,GEN,,WIN,Standard,GuiGuide,
Update,,Mise à jour,,COM,V,WIN,Standard,GuiGuide,
update,,mettre à jour,,GEN,V,WIN,Standard,GuiGuide,
update,,mise à jour,,GEN,N,WIN,Standard,,
upgrade,,mettre à niveau,,GEN,V,WIN,Standard,for SQL,A new or enhanced version of a product.
upgrade,,mise à niveau,,GEN,N,WIN,Standard,,
uppercase,,majuscule,,GEN,N,WIN,Standard,,
use,,utiliser,,GEN,V,WIN,Standard,,
use,,utilisation,,GEN,N,WIN,Standard,,
user account,,compte d'utilisateur,,GEN,N,WIN,Standard,,
user input,,entrée d'utilisateur,,GEN,N,WIN,Standard,,
user interface,,interface utilisateur,,GEN,N,WIN,Standard,,
user name,,nom d'utilisateur,,GEN,N,WIN,Standard,,
user-defined,,défini par l'utilisateur,,GEN,ADJ,WIN,Standard,,
user-friendly,,convivial,,GEN,,WIN,Standard,"also ""facile à utiliser""",
User’s Guide,,Guide de l'utilisateur,,GEN,N,WIN,Standard,As a manual / book title,
User’s Reference,,Manuel de référence,,GEN,,WIN,Standard,As a manual / book title,
Utilities,,Outils,,MNU,,WIN,Standard,GUI Guide,
VAN (value-added network),,réseau à valeur ajoutée,,GEN,,WIN,Standard,,
VAR (value-added reseller),,revendeur à valeur ajoutée,,GEN,,WIN,Standard,,
variable,,variable,,GEN,N,WIN,Standard,,
VDT (video display terminal),,tube à rayons cathodiques (TRC),,GEN,,WIN,Standard,,
VDU (video display unit),,moniteur vidéo,,GEN,,WIN,Standard,,"same as ""monitor"""
version number,,numéro de version,,GEN,N,WIN,Standard,,
versus / vs.,,par opposition à / contre,,GEN,,WIN,Standard,,
vertical scroll bar,,barre de défilement verticale,,GEN,N,WIN,Standard,GUI Guide,
vertical split bar,,barre de fractionnement verticale,,GEN,N,WIN,Standard,GUI Guide,
VGA (Video Graphics Adapter),,VGA,,GEN,,WIN,Standard,,
view,,afficher,,GEN,V,WIN,Standard,GUI Guide,
View,,Affichage,,COM,,WIN,Standard,GUI Guide,
virtual memory,,mémoire virtuelle,,GEN,,WIN,Standard,,
virus detection,,détection de virus,,GEN,,WIN,Standard,,
volume label,,nom de volume,,GEN,,WIN,Standard,,"A name for a disk or tape, usually assigned by the user during formatting; same as ""volume name""."
VRC (vertical redundancy check),,Vérification de l'exactitude des données,,GEN,,WIN,Standard,,
wallpaper,,papier peint,,GEN,N,WIN,Standard,GUI Guide,
WAN (Wide Area Network),,grand réseau,,GEN,,WIN,Standard,"By contrast with ""local area""",
warm boot,,redémarrage à chaud,,GEN,,WIN,Standard,,A system restart that does not involve turning on the power.
warning,,avertissement / attention,,GEN,N,WIN,Standard,,Used in manuals to alert the reader to some potential problem.
warning message,,avertissement,,GEN,N,WIN,Standard,GUI Guide,
white space,,blanc / espace,,GEN,N,WIN,Standard,,
widow,,ligne veuve,,GEN,,WIN,Standard,,
wildcard,,caractère générique ,,GEN,N,WIN,Standard,
Window,,Fenêtre,,MNU,,WIN,Standard,GUI Guide
window background,,fond de la fenêtre,,GEN,N,WIN,Standard,GUI Guide
window border,,bordure de la fenêtre,,GEN,N,WIN,Standard,GUI Guide
window corner,,coin de la fenêtre,,GEN,N,WIN,Standard,GUI Guide
window frame,,filet de bordure,,GEN,N,WIN,Standard,GUI Guide
window size,,taille de la fenêtre,,GEN,N,WIN,Standard,GUI Guide
window title,,titre de la fenêtre,,GEN,N,WIN,Standard,GUI Guide
Windows Setup,,(Programme d') Installation de Windows,,GEN,N,WIN,Standard,GUI Guide
Wizard,,Assistant,,GEN,,WIN,Standard,
word processor,,traitement de texte,,GEN,N,WIN,Standard,
wordwrap,,renvoi à la ligne automatique,,GEN,N,WIN,Standard,
workgroup,,groupe de travail / workgroup,,GEN,N,WIN,Standard,Note erroneous other entry
working directory,,répertoire de travail,,GEN,N,WIN,Standard,
worksheet,,feuille de programmation / tableur,,GEN,,WIN,Standard,
workshop,,atelier,,GEN,N,WIN,Standard,
workspace,,espace de travail / environnement,,GEN,N,WIN,Standard,,
workstation,,station de travail / poste de travail,,GEN,N,WIN,Standard,,
"WORM (write once, read many times)",,disque non réinscriptible,,GEN,,WIN,Standard,,A type of optical disc that can be read and reread but not be altered after it has been recorded.
write-protected,,protégé en écriture,,GEN,,WIN,Standard,,
WYSIWYG (what you see is what you get),,"tel écrit, tel écran",,GEN,,WIN,Standard,,
XMS (extended memory specification),,spécification de mémoire étendue,,GEN,,WIN,Standard,,
ZIP code,,code postal,,GEN,,WIN,Standard,,
Zoom,,Zoom,,COM,,WIN,Standard,GUI Guide,
zoom box,,zone zoom,,GEN,N,WIN,Standard,,
zoom in,,zoom avant,,GEN,V,WIN,Standard,GUI Guide,
zoom out,,zoom arrière,,GEN,V,WIN,Standard,GUI Guide,
