"""What-if"" analysis",,"""Was-wäre-wenn-Analyse""",,,GEN,N,WIN,Standard,,
abbreviation,,Abkürzung,,,GEN,N,WIN,Standard,Style Guide,
About,,Info,O,,COM,,WIN,Standard,,
accelerator key; DO NOT USE.,,Zugriffstaste,,,GEN,,WIN,Standard,Use access key or shortcut key instead.,
access key,,Zugriffstaste,,,GEN,N,WIN,Standard,GuiGuide,"The key that corresponds to an underlined or highlighted letter on a menu, command or dialog box option."
accessories,,Zubehör,,,GEN,N,WIN,Standard,GuiGuide,
acronym,,Akronym,,,GEN,N,WIN,Standard,Style Guide,"A word, made up of the intial letters of the word these letters represent; i.e. WYSISYG."
action bar; DO NOT USE,,Menüleiste,,,GEN,,WIN,Standard,use menu bar instead,
active window,,aktives Fenster,,,GEN,,WIN,Standard,"Do not use ""Current Window""","The window containing the display or document that will be affected by all cursor movements, commands and text entry until a new window is chosen."
add,,hinzufügen,,,GEN,V,WIN,Standard,GuiGuide,
add-in,,"Add-In, das",,,GEN,N,WIN,Standard,in Excel so verwendet,
add-on,,"Add-On, das",,,GEN,N,WIN,Standard,,
administer,,verwalten,,,GEN,V,WIN,Standard,Style Guide,
administrator,,Administrator,,,GEN,N,WIN,Standard,Style Guide,
Administrator’s Guide,,Handbuch für Administratoren,,,GEN,,WIN,Standard,As a book/manual title.,
Administrator’s Reference,,Verzeichnis für Administratoren,,,GEN,,WIN,Standard,As a book/manual title.,
alias,,"Alias, der (e)",,,GEN,N,WIN,Standard,better: Alias-Namen,A name or label used as an alternative means of referring to someone or something.
Alignment,,Ausrichtung,A,,DIA,N,WIN,Standard,GuiGuide,
All,,Alles,A,,DIA,,WIN,Standard,GuiGuide,
alphabetizing,,alphabetisch sortieren,,,GEN,,WIN,Standard,Style Guide,
ALT,,ALT,,,KEY,,WIN,Standard,No need to add the word TASTE.,
ALT GR,,ALT GR,,,KEY,,WIN,Standard,,
Always on Top,,Immer im Vordergrund (V),,,COM,,WIN,Standard,GuiGuide,
ampersand,,Und-Zeichen (&),,,GEN,,WIN,Standard,"Im Fliesstext kann es auch, je nach Kontext, als ""kaufmännisches Und"" bezeichnet werden.",
Annotate,,Anmerken,A,,COM,V,WIN,Standard,,
apostrophe,,Apostroph,,,GEN,N,WIN,Standard,Style Guide,
apostrophe,,Hochkomma,,,GEN,N,WIN,Standard,"for single, upper quotes around text",
apple menu,,Apple Menü,,,GEN,,WIN,Standard,"Style Guide; an Apple term, no hyphen",
application,,Anwendung,,,GEN,N,WIN,Standard,GuiGuide,A computer program designed to help people perform a certain type of work.
application,,Anwendungsprogramm,,,GEN,N,WIN,Standard,,
application control menu,,Systemmenü der Anwendung,,,GEN,,WIN,Standard,Press ALT+Spacebar to open this menu.,"The menu that appears on the top left corner of the window, symbolized by the long hyphen."
application icon,,Anwendungssymbol,,,GEN,,WIN,Standard,GuiGuide,
application window,,Anwendungsfenster,,,GEN,,WIN,Standard,GuiGuide,
apply,,anwenden,,,GEN,V,WIN,Standard,GuiGuide,
apply,,zuordnen,,,GEN,V,WIN,Standard,,
argument,,Argument,,,GEN,N,WIN,Standard,Style Guide,
arrange,,anordnen,,,GEN,V,WIN,Standard,GuiGuide,
Arrange All,,Alles anordnen,A,,COM,,WIN,Standard,GuiGuide,
arrow,,Pfeil,,,GEN,N,WIN,Standard,GuiGuide,
Arrow Keys,,PFEILTASTEN,,,KEY,,WIN,Standard,Don't use RICHTUNGSTASTEN.,"Set of four movement keys, with an up, a down, a left and a right arrow. Used, to move the cursor on the screen."
arrow pointer; DO NOT USE,,Zeiger,,,GEN,N,WIN,Standard,"Use ""pointer"" instead.","In graphics-based environments, an on-screen symbol that is controlled by a mouse as means of indicating (and selecting) locations or choices on screen."
art,,Darstellung(en),,,GEN,N,WIN,Standard,,"as in ""illustration"" in a Microsoft manual"
art,,Grafik,,,GEN,N,WIN,Standard,,
art,,Bild,,,GEN,N,WIN,Standard,,
article,,Artikel,,,GEN,N,WIN,Standard,Style Guide,
assigning a device name,,Gerätenamen zuweisen,,,GEN,,WIN,Standard,Style Guide,
authentication,,Echtheit,,,GEN,,WIN,Standard,Duden meeting March 17,
automatic link,,automatische Verknüpfung,,,GEN,,WIN,Standard,OLE-term,"The link between a client document containing a linked object and that object's server applications, while the server is editing the object."
autoscroll,,automatischer Bildlauf,,,GEN,N,WIN,Standard,,
Back,,Zurück,Z,,COM,,WIN,Standard,GuiGuide,
back up,,sichern,,,GEN,V,WIN,Standard,,To make a backup copy.
back-up copy,,Sicherungskopie,,,GEN,N,WIN,Standard,,"A duplicate copy of a program, disk or data."
backslash,,umgekehrter Schrägstrich,,,GEN,N,WIN,Standard,,
BACKSPACE ,,RÜCKTASTE,,,KEY,,WIN,Standard,Style Guide,
backup,,Sicherungskopie,,,GEN,N,WIN,Standard,,"A duplicate copy of a program, disk or data."
backward compatible,,abwärtskompatibel,,,GEN,,WIN,Standard,,
bar,,Leiste,,,GEN,N,WIN,Standard,Style Guide,A part of the interface that contains buttons or symbols that the user can manipulate.
bar code,,"Barcode, der",,,GEN,N,WIN,Standard,Used in Europe now as well.,"The special identification code printed as a set of vertical bars of differning widths on books, groceries and other products. "
beta version,,Betaversion,,,GEN,,WIN,Standard,Duden meeting March 17,
bit,,"Bit, das (s )",,,GEN,N,WIN,Standard,,"Short for ""binary digit""; either 1 or 0 in the binary number system."
bitmap,,"Bitmap, das (s)",,,GEN,N,WIN,Standard,,
black-and-white,,schwarzweiß,,,GEN,ADJ,WIN,Standard,,
blank line,,Leerzeile,,,GEN,N,WIN,Standard,,
blank space,,Leerzeichen,,,GEN,N,WIN,Standard,,
blocking,,blockieren,,,GEN,V,WIN,Standard,Re. OLE
blocking,,sperren,,,GEN,V,WIN,Standard,Re. cells
bold,,fett,,,GEN,ADJ,WIN,Standard,Style Guide
Bold,,Fett,F,,OPT,,WIN,Standard,GuiGuide
book titles,,Buchtitel,,,GEN,N,WIN,Standard,Style Guide
Bookmark,,Textmarke,T,,COM,,WIN,Standard,
bookmark,,Lesezeichen,,,GEN,N,WIN,Standard,GuiGuide
Boolean,,boolesch,,,GEN,ADJ,WIN,Standard,"z.B. ""eine boolesche Variable"""
boot,,neu starten,,,GEN,V,WIN,Standard,"Avoid this term in English; use ""switch on"", ""start"", ""restart"""
border,,Rand,,,GEN,N,WIN,Standard,Re. the borders of a window in Win3.. Used for sizing windows.
border,,Umrandung,,,GEN,N,WIN,Standard,
border,,Rahmen,,,GEN,N,WIN,Standard,
bottom window border,,unterer Fensterrand,,,GEN,N,WIN,Standard,GuiGuide
branching within procedures,,Verzweigungen bei Prozeduren,,,GEN,,WIN,Standard,Re. programming
BREAK,,PAUSE (Mac),,,KEY,,WIN,Standard,No need to add the word TASTE.
BREAK,,UNTBR (PC),,,KEY,,WIN,Standard,No need to add the word TASTE.
broken link,,unterbrochene Verknüpfung,,,GEN,,WIN,Standard,Style Guide,
browse,,durchsuchen,,,GEN,V,WIN,Standard,z.B. der Festplatte,To scan a database or list of files 
browse,,blättern,,,GEN,V,WIN,Standard,z.B. ein Hilfethema,To scan a database or list of files 
buffer,,"Puffer, der",,,GEN,N,WIN,Standard,,
built-in,,integriert,,,GEN,ADJ,WIN,Standard,re. features,
built-in,,eingebaut,,,GEN,ADJ,WIN,Standard,re. hardware,
bulletin board,,elektronisches Bulletin Board,,,GEN,,WIN,Standard,"Duden-meeting on Sept. 30, 93",
busy,,"""arbeiten""",,,GEN,ADJ,WIN,Standard,"describe, since there is no good German word for this.",
busy,,belegt,,,GEN,ADJ,WIN,Standard,re. phone lines etc.,
button,,Schaltfläche,,,GEN,N,WIN,Standard,GuiGuide,
byte,,"Byte, das (s)",,,GEN,N,WIN,Standard,,"A unit of information, consisting of 8 bits."
cache; Avoid,,Cache-Speicher,,,GEN,N,WIN,Standard,"Use ""disk cache"" instead.",A special memory subsystem in which frequently used data values are duplicated for quick access.
CAD (Computer-aided design),,CAD,,,GEN,N,WIN,Standard,,
CAE (Computer-aided engineering),,CAE,,,GEN,N,WIN,Standard,,
CAI (Computer-aided instruction),,CAI,,,GEN,N,WIN,Standard,,
CAL (Computer-aided learning),,CAL,,,GEN,N,WIN,Standard,,
Calculator,,Rechner,,,GEN,N,WIN,Standard,Re. the Windows application
Calendar,,Kalender,,,GEN,N,WIN,Standard,Re. the Windows application
callback function,,Rückruffunktion,,,GEN,N,WIN,Standard,Style Guide
callout,,Anmerkungstext,,,GEN,N,WIN,Standard,Style Guide
callout,,Legende,,,GEN,N,WIN,Standard,"Used in Winword, because ""Anmerkung"" was the translation for ""callout""."
CAM (Computer-aided Manufacturing),,CAM,,,GEN,,WIN,Standard,
Cancel,,Abbrechen,,,COM,,WIN,Standard,GuiGuide
cancel,,abbrechen,,,GEN,V,WIN,Standard,GuiGuide
capitalization,,Großbuchstaben,,,GEN,N,WIN,Standard,
CAPS LOCK,,FESTSTELLTASTE,,,KEY,,WIN,Standard,GuiGuide
Caps Lock on (CAPS),,GROSS,,,OPT,,WIN,Standard,GuiGuide
Caption,,Bildunter-/Überschrift,,,GEN,,WIN,Standard,
Cardfile,,Kartei,,,COM,,WIN,Standard,GuiGuide
caret,,Caret (^),,,GEN,,WIN,Standard,
carriage return,,Wagenrücklauf,,,GEN,,WIN,Standard,
carry out,,ausführen,,,GEN,,WIN,Standard,"Use for commands; for programs and macros use ""run""."
Cascade,,Überlappend,L,,COM,,WIN,Standard,GuiGuide,
cascading menu,,überlappende Menüs,,,GEN,,WIN,Standard,GuiGuide,
cascading windows,,überlappende Fenster,,,GEN,,WIN,Standard,GuiGuide,
CASE (Computer-aided software engineering),,CASE,,,GEN,,WIN,Standard,,
case sensitive,,Groß-/Kleinschreibung,,,GEN,,WIN,Standard,"Mit einem Verb verwenden: ""...unterscheidet nach --"" oder ""Groß-/Kleinschreibung beachten"".",
caution,,Vorsicht,,,GEN,,WIN,Standard,Style Guide,"A warning message in manuals or software, that start with ""Caution""."
CBT (Computer-based tutorial),,Lernprogramm,,,GEN,,WIN,Standard,,
CD-ROM (Compact disc read-only memory),,CD-ROM,,,GEN,,WIN,Standard,"Don't say ""CD-ROM disk""; that's redundant",
CD-ROM drive,,CD-ROM-Laufwerk,,,GEN,,WIN,Standard,,
cell,,Zelle,,,GEN,,WIN,Standard,,In spreadsheets the intersection of a row and a column.
centered,,zentriert,,,GEN,ADJ,WIN,Standard,,
CGA (color graphics adapter),,CGA,,,GEN,,WIN,Standard,GuiGuide,
change,,ändern,,,GEN,V,WIN,Standard,GuiGuide,
chapter titles,,Kapitelüberschriften,,,GEN,N,WIN,Standard,Style Guide,
character,,Zeichen,,,GEN,N,WIN,Standard,Style Guide,
character map,,Zeichentabelle,,,GEN,N,WIN,Standard,GuiGuide,
character set,,Zeichensatz,,,GEN,N,WIN,Standard,"use instead of ""code page"" in most cases."
chart,,Diagramm,,,GEN,N,WIN,Standard,
chart wizard,,Diagramm-Assistent,,,GEN,N,WIN,Standard,
check,,auswählen,,,GEN,V,WIN,Standard,GuiGuide
check,,aktivieren,,,GEN,V,WIN,Standard,GuiGuide
check box,,Kontrollkästchen,,,GEN,N,WIN,Standard,Style Guide
check mark,,Häkchen,,,GEN,N,WIN,Standard,GuiGuide
checked command,,aktivierter Befehl,,,GEN,,WIN,Standard,Style Guide
chevrons,,Steuerzeichen,,,GEN,N,WIN,Standard,"Chevrons werden als ""Steuerzeichen"" verwendet; die Zeichen selber werden auch ""Linkes / rechtes Chevron"" genannt."
child,,untergeordnet,,,GEN,,WIN,Standard,
choose,,wählen,,,GEN,V,WIN,Standard,Use for commands and command names
choose,,auswählen,,,GEN,V,WIN,Standard,Use for options or anything else a user chooses from a list.
choosing a command,,Wählen eines Befehls,,,GEN,,WIN,Standard,Style Guide
choosing icons,,Wählen von Symbolen,,,GEN,,WIN,Standard,Style Guide
class,,Klasse,,,GEN,N,WIN,Standard,Style Guide
CLEAR,,ENTF,,,KEY,,WIN,Standard,No need to add the word TASTE.
Clear,,Löschen,L,,COM,,WIN,Standard,"Don't use ""turn off""."
clear,,löschen,,,GEN,V,WIN,Standard,GuiGuide
clear,,ausschalten,,,GEN,V,WIN,Standard,
clear,,deaktivieren,,,GEN,V,WIN,Standard,
Clear All,,Alles löschen,A,,COM,,WIN,Standard,GuiGuide
click,,klicken,,,GEN,V,WIN,Standard,"use with ""in"" (Symbolleiste) and ""auf"" (Schaltfläche)"
click in the ...toolbar on...,,Klicken Sie in der Symbolleiste auf die Schaltfläche...,,,GEN,,WIN,Standard,"Duden-meeting on Sept. 30, 93"
click the mouse button,,Klicken Sie mit der Maus auf...,,,GEN,,WIN,Standard,"Duden-meeting on Sept. 30, 93"
click the right mouse button,,Klicken Sie mit der rechten Maustaste auf...,,,GEN,,WIN,Standard,"Duden-meeting on Sept. 30, 93"
client,,"Client, der (s)",,,GEN,N,WIN,Standard,"In OLE, this has been changed to ""container""."
Clip art,,ClipArt,,,GEN,,WIN,Standard,"Duden-meeting on Sept. 30, 93"
Clipart,,ClipArt,,,GEN,,WIN,Standard,"Duden-meeting on Sept. 30, 93"
Clipboard,,Zwischenablage,,,GEN,N,WIN,Standard,An application in Windows
Clipboard Viewer,,Zwischenablage,,,GEN,N,WIN,Standard,GuiGuide
clock,,Uhr,,,GEN,N,WIN,Standard,GuiGuide
Close,,Schließen,L,,COM,,WIN,Standard,GuiGuide
close,,schließen,,,GEN,V,WIN,Standard,GuiGuide,
Close All,,Alles schließen,A,,COM,,WIN,Standard,GuiGuide,
close box,,Schließfeld,,,GEN,N,WIN,Standard,Style Guide,
code,,"Code, der",,,GEN,N,WIN,Standard,,
COL (Column),,Sp,,,GEN,,WIN,Standard,Status bar abbreviation,
cold boot,,Kaltstart,,,GEN,N,WIN,Standard,,A startup process that begins with turning on the computer's power.
cold link,,manuelle Verknüpfung,,,GEN,N,WIN,Standard,,
collapse,,ausblenden,,,GEN,V,WIN,Standard,GuiGuide,
collapse,,reduzieren,,,GEN,V,WIN,Standard,re. levels in outline view,
Collate copies,,Kopien sortieren,t,,COM,,WIN,Standard,GuiGuide,
colon,,Doppelpunkt,,,GEN,N,WIN,Standard,Style Guide,
color monitor,,Farbmonitor,,,GEN,N,WIN,Standard,re. the hardware,
column,,Spalte,,,GEN,N,WIN,Standard,,A series of items arranged vertically in some type of framework.
COM,,COM,,,GEN,,WIN,Standard,,Logical device name for communications.
combo box,,Kombinationsfeld,,,GEN,N,WIN,Standard,GuiGuide,
comma,,"Komma, das (s)",,,GEN,N,WIN,Standard,Style Guide,
command,,Befehl,,,GEN,N,WIN,Standard,Style Guide
COMMAND,,BEFEHLSTASTE (Mac),,,KEY,,WIN,Standard,Style Guide
command and menu names in text,,Befehls- und Menünamen im Text,,,GEN,,WIN,Standard,Style Guide
command button,,Befehlsschaltfläche,,,GEN,N,WIN,Standard,GuiGuide
command line,,Befehlszeile,,,GEN,N,WIN,Standard,
command prompt,,Eingabeaufforderung,,,GEN,N,WIN,Standard,Style Guide
command separator,,Befehlstrennlinie,,,GEN,N,WIN,Standard,Style Guide
command-line syntax,,Befehlszeilensyntax,,,GEN,N,WIN,Standard,Style Guide
communication device,,DFÜ-Gerät,,,GEN,N,WIN,Standard,Style Guide
communication request,,DFÜ-Anforderung,,,GEN,N,WIN,Standard,Style Guide
communication-device queue,,DFÜ-Warteschlange,,,GEN,N,WIN,Standard,Style Guide
compatibility,,Kompatibilität,,,GEN,N,WIN,Standard,
compatible,,kompatibel mit,,,GEN,ADJ,WIN,Standard,
compile,,kompilieren,,,GEN,V,WIN,Standard,
compile time,,Kompilierzeit,,,GEN,N,WIN,Standard,
compiler,,"Compiler, der",,,GEN,N,WIN,Standard,
complete installation,,vollständige Installation,,,GEN,N,WIN,Standard,,
compound document,,Verbunddokument,,,GEN,,WIN,Standard,,
comprehensive index,,allgemeiner Index,,,GEN,N,WIN,Standard,WinNT,
computer output,,Computerausgabe,,,GEN,N,WIN,Standard,Style Guide,
configuration,,Konfiguration,,,GEN,N,WIN,Standard,,
connect to a server,,zu einem Server verbinden,,,GEN,,WIN,Standard,"""zu"" is the correct preposition here.",
connect your workstation,,Ihre Arbeitsstation verbinden ,,,GEN,,WIN,Standard,Style Guide,
container,,"Container, der",,,GEN,N,WIN,Standard,An OLE term,
container application,,Container-Anwendung,,,GEN,N,WIN,Standard,GuiGuide,
container document,,Container-Dokument,,,GEN,N,WIN,Standard,GuiGuide,
content,,Inhalt,,,GEN,N,WIN,Standard,Style Guide,
Contents,,Inhalt,I,,COM,,WIN,Standard,GuiGuide,
context-sensitive help,,kontextbezogene Hilfe,,,GEN,,WIN,Standard,,
contiguous,,fortlaufend,,,GEN,ADJ,WIN,Standard,,Having a shared boundary
control menu,,Systemmenü,,,GEN,N,WIN,Standard,,
Control Panel,,Systemsteuerung,,,GEN,N,WIN,Standard,GuiGuide,
control-menu box,,Systemmenüfeld,,,GEN,N,WIN,Standard,GuiGuide
convention,,Konvention,,,GEN,N,WIN,Standard,Style Guide
conventional memory,,konventioneller Speicher,,,GEN,N,WIN,Standard,Style Guide
conversion,,Konvertierung,,,GEN,N,WIN,Standard,
Conversion Guide,,Konvertierungshandbuch,,,GEN,,WIN,Standard,As a book/manual title.
converter,,Umwandlungsprogramm,,,GEN,,WIN,Standard,
Copies,,Kopien,K,,COM,,WIN,Standard,GuiGuide
coprocessor,,"Coprozessor, der (en)",,,GEN,N,WIN,Standard,
Copy,,Kopieren,K,,COM,,WIN,Standard,GuiGuide
copy,,kopieren,,,GEN,V,WIN,Standard,GuiGuide
copy files over the network,,Dateien über das Netzwerk kopieren,,,TXT,,WIN,Standard,Style Guide
Copy Special,,Inhalte kopieren,I,,COM,,WIN,Standard,GuiGuide
Copyrights,,Copyrights,,,GEN,,WIN,Standard,Style Guide
coupon,,"Coupon, der",,,GEN,,WIN,Standard,"do not use ""Gutschein""!"
CPU (central processing unit),,"CPU, die",,,GEN,,WIN,Standard,
CR (carriage return),,Wagenrücklauf,,,GEN,N,WIN,Standard,
create,,erstellen,,,GEN,V,WIN,Standard,GuiGuide
critical error,,kritischer Fehler,,,GEN,N,WIN,Standard,
crop,,zuschneiden,,,GEN,V,WIN,Standard,GuiGuide
crop,,Rahmenänderung,,,GEN,N,WIN,Standard,GuiGuide
crop mark,,Zuschnittsmarke,,,GEN,N,WIN,Standard,
cross-hair pointer,,Fadenkreuz,,,GEN,N,WIN,Standard,GuiGuide
cross-reference,,Querverweis,,,GEN,N,WIN,Standard,Style Guide
cross-references to art,,Querverweise auf Darstellungen,,,GEN,,WIN,Standard,Style Guide
CTRL (Mac),,CTRL,,,KEY,,WIN,Standard,For the Mac
CTRL (PC),,STRG,,,KEY,,WIN,Standard,For PCs
CUA (common user access),,CUA,,,GEN,,WIN,Standard,
current drive,,aktuelles Laufwerk,,,GEN,N,WIN,Standard,Style Guide
custom installation,,benutzerdefinierte Installation,,,GEN,N,WIN,Standard,
Customize,,Einstellungen,E,,COM,,WIN,Standard,GuiGuide
customized,,benutzerdefiniert,,,GEN,,WIN,Standard,
Cut,,Ausschneiden,A,,COM,,WIN,Standard,GuiGuide
cut,,ausschneiden,,,GEN,V,WIN,Standard,GuiGuide,
daisy-wheel printers,,Typenraddrucker,,,GEN,N,WIN,Standard,Style Guide,
DAT (digital audio tape),,DAT,,,GEN,,WIN,Standard,,
data,,Daten,,,GEN,N,WIN,Standard,"In English, use as singular or plural, but with a singular verb. In German, use only in the plural.",
data processing,,EDV (elektronische Datenverarbeitung),,,GEN,N,WIN,Standard,,
database management system,,Datenbank-Managementsystem,,,GEN,,WIN,Standard,Used in Access,
DB (database),,Datenbank,,,GEN,,WIN,Standard,,
dB (decibel),,db,,,GEN,,WIN,Standard,One tenth of a bel,A unit of measurement used in electronics.
DBMS (database management system),,Datenbank-Managementsystem,,,GEN,,WIN,Standard,see MS Computer Dictionary,
DCA (Document Content Architecture),,DCA,,,GEN,,WIN,Standard,see MS Computer Dictionary,
DDE (dynamic data exchange),,DDE,,,GEN,,WIN,Standard,see MS Computer Dictionary,
deallocate,,freigeben,,,GEN,,WIN,Standard,,To reclaim or free previously allocated memory.
debug,,Fehler suchen,,,GEN,,WIN,Standard,,"To detect, locate and correct logical or syntactical errors in a computer program."
debug,,schrittweise testen,,,GEN,,WIN,Standard,,"To detect, locate and correct logical or syntactical errors in a computer program."
debug,,debuggen,,,GEN,,WIN,Standard,"in technical text, written for programmers","To detect, locate and correct logical or syntactical errors in a computer program."
decompress,,dekomprimieren,,,GEN,V,WIN,Standard,,
default,,Standard,,,GEN,N,WIN,Standard,GuiGuide,
define,,definieren,,,GEN,V,WIN,Standard,GuiGuide,
deinstall,,deinstallieren,,,GEN,,WIN,Standard,"used for Office command: ""install and deinstall""",
DEL,,ENTF,,,KEY,,WIN,Standard,Style Guide,
DELETE,,RÜCKTASTE (Mac),,,KEY,,WIN,Standard,Style Guide,
Delete,,Löschen,L,,COM,,WIN,Standard,GuiGuide,
delete,,löschen,,,GEN,,WIN,Standard,GuiGuide,
demi-bold,,halbfett,,,GEN,ADJ,WIN,Standard,,
demo,,"Demo, die (s)",,,GEN,N,WIN,Standard,,
descender,,Unterlänge,,,GEN,N,WIN,Standard,Printer term,That portion of a lowercase letter that falls below the baseline.
desktop,,"Desktop, der (s)",,,GEN,N,WIN,Standard,Style Guide,
desktop application,,Anwendung,,,GEN,,WIN,Standard,"Duden-meeting on Sept. 30, 93",
desktop application,,Anwendungsprogramm,,,GEN,,WIN,Standard,"Duden-meeting on Sept. 30, 93",
destination,,Ziel,,,GEN,N,WIN,Standard,Style Guide,
destination application,,Zielanwendung,,,GEN,N,WIN,Standard,GuiGuide,
destination document,,Zieldokument,,,GEN,N,WIN,Standard,GuiGuide,
device,,Gerät,,,GEN,N,WIN,Standard,GuiGuide,
device driver,,Gerätetreiber,,,GEN,N,WIN,Standard,GuiGuide,
diacricitical mark,,diakritisches Zeichen,,,GEN,N,WIN,Standard,GuiGuide,"An accent mark above, below or through a written charachter, such as acute or accent grave."
dialog box,,Dialogfeld,,,GEN,N,WIN,Standard,GuiGuide,
dialog box option ,,Dialogfeldoption,,,GEN,N,WIN,Standard,GuiGuide,
dialog box title,,Dialogfeldtitel,,,GEN,N,WIN,Standard,GuiGuide,
dialog; do not use,,Dialogfeld,,,GEN,N,WIN,Standard,"Always use ""dialog box"" in English texts",
DIF (data interchange format),,DIF (Datenaustauschformat),,,GEN,,WIN,Standard,,
DIP (dual in-line package),,DIP,,,GEN,,WIN,Standard,,
direct access,,Direktzugriff,,,GEN,,WIN,Standard,"Same as ""random access"".",
Direction,,Suchrichtung,,,DIA,N,WIN,Standard,GuiGuide,
direction,,Richtung,,,GEN,N,WIN,Standard,,
direction keys; Do not use,,PFEILTASTEN,,,GEN,,WIN,Standard,"Use ""arrow keys"" in English text.",
Directories,,Verzeichnisse,V,,DIA,,WIN,Standard,GuiGuide,
directory,,Verzeichnis,,,GEN,N,WIN,Standard,Style Guide,
directory icon,,Verzeichnissymbol,,,GEN,N,WIN,Standard,GuiGuide,
directory name,,Verzeichnisname,,,GEN,N,WIN,Standard,Style Guide,
disable,,deaktivieren,,,GEN,V,WIN,Standard,,
disc,,Compact Disc (CD),,,GEN,N,WIN,Standard,"Use ""disc"" for optical discs and ""disk"" for all others in the computer environment.","A flat, nonmagnetic metal disk to be read from and written to by optical (laser) technology."
disjunction,,ODER-Verknüpfung,,,GEN,,WIN,Standard,,
disk,,Datenträger,,,GEN,N,WIN,Standard,Style Guide,
Disk 1,,Diskette 1,,,GEN,N,WIN,Standard,Style Guide,
disk cache,,Datenträger-Cache,,,GEN,N,WIN,Standard,Style Guide,
disk directory,,Datenträgerverzeichnis,,,GEN,N,WIN,Standard,Style Guide,
disk drive,,(Disketten)laufwerk,,,GEN,N,WIN,Standard,"Same as ""drive"".",
disk icon,,Datenträgersymbol,,,GEN,N,WIN,Standard,GuiGuide,
disk images,,Disketten-Repräsentationen,,,GEN,N,WIN,Standard,,
disk space,,Speicher,,,GEN,,WIN,Standard,"Duden-meeting on Sept. 30, 93",
disk space,,Speicherplatz,,,GEN,,WIN,Standard,"Duden-meeting on Sept. 30, 93",
display,,anzeigen,,,GEN,V,WIN,Standard,,
dithering,,"Dithering, das",,,GEN,,WIN,Standard,see MS Computer Dictionary,A technique used in computer graphics to create the illusion of varying shades of gray.
dithering,,Farbstufung,,,GEN,,WIN,Standard,see MS Computer Dictionary,A technique used in computer graphics to create the illusion of varying shades of gray.
DLL (dynamic-link library),,DLL,,,GEN,,WIN,Standard,
Do this,,Aktion,,,GEN,N,WIN,Standard,for table headings
docking station,,Docking-Station,,,GEN,,WIN,Standard,Duden meeting Oct. 28
document,,Dokument,,,GEN,N,WIN,Standard,Style Guide
document control menu box,,Systemmenüfeld des Dokuments,,,GEN,N,WIN,Standard,
document conventions,,Konventionen,,,GEN,N,WIN,Standard,Style Guide
document conventions,,typografische Vereinbarungen,,,GEN,,WIN,Standard,Duden meeting Oct. 28
document icon,,Dokumentsymbol,,,GEN,N,WIN,Standard,GuiGuide
document window,,Dokumentfenster,,,GEN,N,WIN,Standard,GuiGuide
domain,,Domäne,,,GEN,N,WIN,Standard,Style Guide
done,,fertig,,,GEN,,WIN,Standard,GuiGuide
DOS (disk operating system),,MS-DOS (Betriebssytem),,,GEN,N,WIN,Standard,"Always use ""MS"" before the abbreveation DOS.  If other operating systems are implied also, use the phrase: ""MS-DOS und andere DOS-Systeme""."
DOS box; Do not use,,DOS-Sitzung,,,GEN,N,WIN,Standard,Use DOS session instead.
dot-matrix character,,Matrix-Zeichen,,,GEN,N,WIN,Standard,
double byte character set,,Doppelbyte-Zeichensatz,,,GEN,,WIN,Standard,"Duden-meeting on Sept. 30, 93"
double quotation marks,,Anführungszeichen,,,GEN,N,WIN,Standard,
Double Underline,,Doppelt unterstrichen,D,,DIA,,WIN,Standard,GuiGuide,
double-click,,doppelklicken,,,GEN,V,WIN,Standard,GuiGuide,
double-density disk,,Double Density-Diskette (DD),,,GEN,,WIN,Standard,Style Guide,A disk created to hold data at twice the density (bits per inch) of previous disks.
double-sided disk,,doppelseitige Diskette,,,GEN,,WIN,Standard,Style Guide,A floppy disk that can hold data on both its top and bottom surfaces.
Down,,Abwärts,B,,DIA,,WIN,Standard,GuiGuide,
DOWN ARROW,,NACH-UNTEN-TASTE,,,KEY,,WIN,Standard,Style Guide,
down scroll arrow,,Bildlaufpfeil abwärts,,,GEN,N,WIN,Standard,GuiGuide,
draft output,,Konzeptausdruck,,,GEN,N,WIN,Standard,Style Guide,
drag,,ziehen,,,GEN,V,WIN,Standard,,
Drag and Drop,,Drag & Drop,,,GEN,N,WIN,Standard,Style Guide,
drive,,Laufwerk,,,GEN,N,WIN,Standard,Style Guide,
drive A,,Laufwerk A:,,,GEN,N,WIN,Standard,Always add the colon to the drive letter.,
drive door,,Laufwerkverriegelung,,,GEN,N,WIN,Standard,Style Guide,
drive icon,,Laufwerksymbol,,,GEN,N,WIN,Standard,GuiGuide,
drive name,,Laufwerkname,,,GEN,,WIN,Standard,,
driver,,Treiber,,,GEN,N,WIN,Standard,,
Drives,,Laufwerke,L,,DIA,,WIN,Standard,GuiGuide,
drop,,ablegen,,,GEN,V,WIN,Standard,,
drop cap,,"Initial, das",,,GEN,N,WIN,Standard,A feature in Word,A large capital letter at the beginnig of a block of text.
drop-down arrow,,Dropdown-Pfeil,,,GEN,N,WIN,Standard,Style Guide,
drop-down combo box,,Dropdown-Kombinationsfeld,,,GEN,N,WIN,Standard,GuiGuide,
drop-down list box,,Dropdown-Listenfeld,,,GEN,N,WIN,Standard,GuiGuide,
drop-down menu,,Dropdown-Menü,,,GEN,N,WIN,Standard,GuiGuide,A type of menu that drops from the menu bar and remains open.
Dynamic Data Exchange (DDE),,Dynamischer Datenaustausch,,,GEN,N,WIN,Standard,Style Guide,
ECMA (European Computer Manufactureres Association),,ECMA,,,GEN,,WIN,Standard,,
ECS (European Comminication Satellite System),,ECS (Europäisches Nachrichtensatelliten-System),,,GEN,,WIN,Standard,,
Edit,,Bearbeiten,B,,MNU,,WIN,Standard,GuiGuide,
EGA (enhanced graphics adapter),,EGA,,,GEN,N,WIN,Standard,,
EIA (Electronics Industries Association),,EIA,,,GEN,,WIN,Standard,,
EIS (executive information system),,EIS,,,GEN,,WIN,Standard,,
EISA (Extended Industry Standard Architecture),,EISA (erweiterte Industriestandard-Architektur),,,GEN,,WIN,Standard,,
electronic mail,,elektronische Post,,,GEN,N,WIN,Standard,,
ellipsis,,Auslassungspunkte,,,GEN,N,WIN,Standard,GuiGuide,
em dash,,Gedankenstrich,,,GEN,N,WIN,Standard,Not used in German; differentiate from en dash in the description.,"A punctuation mark, about the length of an M."
em space,,Em-Abstand,,,GEN,N,WIN,Standard,Used in Word.,
embed,,einbetten,,,GEN,V,WIN,Standard,GuiGuide,
embedded object,,eingebettetes Objekt,,,GEN,,WIN,Standard,GuiGuide,
EMM (expanded memory manager),,EMM (Expansionsspeicher-Manager),,,GEN,,WIN,Standard,,
en dash,,Gedankenstrich,,,GEN,N,WIN,Standard,Style Guide,
END,,ENDE,,,KEY,,WIN,Standard,Style Guide,
end mark,,Endemarke,,,GEN,,WIN,Standard,Used in Word.,
end user; Avoid,,Anwender,,,GEN,,WIN,Standard,"Use ""user"" instead.",
engine,,Engine,,,GEN,,WIN,Standard,Left in Engl. for Fox package,
English term,,German term,HK,,CAT,Type,Env.,Product,Comment,Definition
enter,,eingeben,,,GEN,V,WIN,Standard,Style Guide,
ENTER (Mac keypad),,EINGABETASTE (Zehnertastatur),,,KEY,,WIN,Standard,"Use ""Zehnertastatur"" in parenthesis if you need to distinguish between the ""enter"" key on the key pad and the ""return"" key on the main keyboard.",
ENTER (PC keypad),,EINGABETASTE (Zehnertastatur),,,KEY,,WIN,Standard,"Use ""Zehnertastatur"" in parenthesis if you need to distinguish between the Enter key on the key pad and the Enter key on the main keyboard.",
ENTER (PC),,EINGABETASTE (PC),,,KEY,,WIN,Standard,Style Guide,
entry,,Eintrag,,,GEN,N,WIN,Standard,Style Guide,
entry bar,,Bearbeitungsleiste,,,GEN,N,WIN,Standard,"same as ""formula bar""",The bar below the tool bar that displays the content of a cell or line. Used mainly in spreadsheets.
EPS (encapsulated PostScript),,EPS,,,GEN,,WIN,Standard,,
error,,Fehler,,,GEN,N,WIN,Standard,,
error handling,,Fehlerbehandlung,,,GEN,N,WIN,Standard,,
error message,,Fehlermeldung,,,GEN,N,WIN,Standard,Style Guide,
ESC,,ESC,,,KEY,,WIN,Standard,Style Guide,
etc.; Do not use.,,usw.,,,GEN,,WIN,Standard,,
European subsidiaries,,Europäische Niederlassungen,,,GEN,,WIN,Standard,,
Exit,,Beenden,B,,COM,,WIN,Standard,GuiGuide,
Exit and Return to,,Beenden & Zurück zu,B,,COM,,WIN,Standard,GuiGuide,
expand,,erweitern,,,GEN,V,WIN,Standard,GuiGuide,
expanded memory,,Expansionsspeicher,,,GEN,N,WIN,Standard,Style Guide,
EXT (extended selection),,ERW,,,GEN,,WIN,Standard,Status bar abbreviation,
extend selection,,Markierung erweitern,,,GEN,N,WIN,Standard,GuiGuide,
Extended Industry Standard Architecture,,EISA,,,GEN,,WIN,Standard,Style Guide,
extended memory,,Erweiterungsspeicher,,,GEN,N,WIN,Standard,Style Guide,
extension,,Erweiterung,,,GEN,N,WIN,Standard,Style Guide,
F1 - F12,,F1 - F12,,,GEN,,WIN,Standard,Style Guide,
facsimile,,"Fax, das",,,GEN,N,WIN,Standard,,
FAT( file allocation table file system),,FAT (Dateizuordungstabelle),,,GEN,,WIN,Standard,Style Guide,
fatal error,,fataler Fehler,,,GEN,N,WIN,Standard,,
fax,,"Fax, das",,,GEN,N,WIN,Standard,,
feature,,Merkmal,,,GEN,N,WIN,Standard,,
feature,,Feature,,,GEN,N,WIN,Standard,,
field,,Feld,,,GEN,N,WIN,Standard,Do not use to refer to a box or option in a dialog box.,A location in a record.
file,,Datei,,,GEN,N,WIN,Standard,Style Guide,
File,,Datei,D,,MNU,,WIN,Standard,GuiGuide,
file extension,,Dateinamenerweiterung,,,GEN,N,WIN,Standard,,
file format,,Dateiformat,,,GEN,N,WIN,Standard,,
file handle,,Dateikennung,,,GEN,N,WIN,Standard,Used in MS-DOS,"In MS-DOS and OS/2 a ""token"" that the system uses to refer to an open file."
file handle,,Zugriffsnummer,,,GEN,N,WIN,Standard,Used inWinNT,"In MS-DOS and OS/2 a ""token"" that the system uses to refer to an open file."
File Manager,,Datei-Manager,,,,N,WIN,Standard,GuiGuide,
file mode,,Dateimodus,,,GEN,N,WIN,Standard,,
File Name,,Dateiname,N,,DIA,,WIN,Standard,GuiGuide,
file type,,Dateityp,,,GEN,,WIN,Standard,,
filename,,Dateiname,,,GEN,N,WIN,Standard,Style Guide,
filename extension,,Dateinamenerweiterung,,,GEN,,WIN,Standard,Style Guide,
filter,,"Filter, der",,,GEN,N,WIN,Standard,,
Find,,Suchen,S,,COM,,WIN,Standard,GuiGuide,
Find Next,,Weitersuchen,w,,DIA,,WIN,Standard,GuiGuide,
Find What,,Suchen nach,n,,DIA,,WIN,Standard,,
finder,,Finder,,,GEN,,WIN,Standard,An interface to the Mac operating system.,
floppy disk,,Diskette,,,GEN,,WIN,Standard,,
folder,,Ordner,,,GEN,,WIN,Standard,,
following,,folgend ,,,GEN,,WIN,Standard,Style Guide,
font,,Schriftart,,,GEN,N,WIN,Standard,GuiGuide,A set of characters of the same typeface.
Font Size,,Schriftgrad,,,DIA,N,WIN,Standard,"Used as ""Schriftgrad"" in WinWord, since Word uses the technically correct printer terminology. Use ""Schriftgrad"" for wordprocessor or DTP programs, where correct printer terminology is important.",
font size,,Schriftgröße,,,GEN,N,WIN,Standard,"Use ""Schriftgröße"" for descriptions and where the user is not expected to know correct German printer terminology.",
font style,,Schriftstil,,,GEN,N,WIN,Standard,GuiGuide,
"For media info, see top flap.",,Informationen über den Datenträger finden Sie auf dem Kartonaufkleber.,,,TXT,,WIN,Standard,Standard packaging sentence; approved by sub.,
form letter,,Serienbrief,,,GEN,N,WIN,Standard,,
format,,formatieren,,,GEN,V,WIN,Standard,,
Format,,Format,T,,MNU,,WIN,Standard,,
formula,,Formel,,,GEN,N,WIN,Standard,,
formula bar,,Bearbeitungsleiste,,,GEN,N,WIN,Standard,changed from -zeile to -leiste for Excel 5.,The bar below the tool bar that displays the content of a cell or line. Used mainly in spreadsheets.
fraction,,Bruchzahl,,,GEN,N,WIN,Standard,Style Guide,
fraction,,Bruch,,,GEN,N,WIN,Standard,for mathematical fractions,
frame,,Rahmen,,,GEN,N,WIN,Standard,,
free floating,,frei beweglich,,,GEN,,WIN,Standard,Duden meeting March 17,
freeze,,fixieren,,,GEN,V,WIN,Standard,GuiGuide,
Freeze Panes,,Fenster fixieren,F,,COM,,WIN,Standard,GuiGuide,
From ,,Von,V,,DIA,,WIN,Standard,GuiGuide,
Full Menus,,Ganze Menüs,M,,COM,,WIN,Standard,"toggles with ""Short Menus"" (Kurze Meunüs"")",
fullfillment coupon,,Anforderungscoupon,,,GEN,,WIN,Standard,"Duden-meeting on Sept. 30, 93"
fully formed characters,,Volltypen,,,GEN,N,WIN,Standard,Style Guide
function,,Funktion,,,GEN,N,WIN,Standard,
function key,,Funktionstaste,,,GEN,N,WIN,Standard,
function returns,,Funktionsrückgabe,,,GEN,N,WIN,Standard,Style Guide
gallery,,Muster,,,GEN,N,WIN,Standard,"Re. a set of examples, such as charts in Excel"
gallery,,Katalog,,,GEN,N,WIN,Standard,Used in Word for a collection of fonts
game,,Spiel,,,GEN,N,WIN,Standard,GuiGuide
gateway,,"Gateway, das (s)",,,GEN,N,WIN,Standard,
GB (gigabyte),,"Gigabyte, das (s)",,,GEN,N,WIN,Standard,
genitive ending,,Genitivendung,,,GEN,N,WIN,Standard,Style Guide
Getting Started,,Erste Schritte,,,GEN,,WIN,Standard,For manual titles
Gigabyte,,"Gigabyte, das (s)",,,GEN,N,WIN,Standard,Style Guide
global,,global,,,GEN ,ADJ,WIN,Standard,
glossary,,"Glossar, das (e)",,,GEN,N,WIN,Standard,GuiGuide
Go To,,Gehe zu,G,,COM,,WIN,Standard,GuiGuide
Goto/Gosub button,,"Schaltfläche ""Gehe zu""",,,GEN,,WIN,Standard,GuiGuide,
graph,,"Diagramm, das (e)",,,GEN,N,WIN,Standard,,
graph,,als Diagramm darstellen,,,GEN,V,WIN,Standard,,
graphic,,Grafik,,,GEN,N,WIN,Standard,"contrast to ""image; picture, art, bitmap, clipart"" etc.",
grayed,,abgeblendet,,,GEN,,WIN,Standard,"Use ""unavailbe"" to refer to command in English.",
grid,,"Raster, das ( )",,,GEN,N,WIN,Standard,"Draw, Publisher",A set of lines that crisscross at right angles.
grid,,Gitternetz ,,,GEN,N,WIN,Standard,"Draw, Publisher",
group,,gruppieren,,,GEN,V,WIN,Standard,GuiGuide,
group box,,Gruppenfeld,,,GEN,N,WIN,Standard,,
group icon,,Gruppensymbol,,,GEN,N,WIN,Standard,,
group window,,Gruppenfenster,,,GEN,N,WIN,Standard,,
GUI (graphical user interface),,grafische Benutzeroberfläche (GUI),,,GEN,N,WIN,Standard,,
handle,,Ziehpunkt (zur Größenänderung),,,GEN,N,WIN,Standard,Re. computer graphics: a small square that is used for reshaping or moving a image.,
handle,,Zugriffsnummer,,,GEN,N,WIN,Standard,Re. a pointer in programming; used this way in German WinNT,
handler,,Behandlungsroutine,,,GEN,N,WIN,Standard,,
hang: Avoid,,reagiert nicht mehr,,,GEN,,WIN,Standard,"Use ""stop"" in English texts.",An unexpected halt of a computer system.
hanging indent,,hängender Einzug,,,GEN,N,WIN,Standard,"Used in Word. Used to be called ""negativer Erstzeileneinzug""."
hard copy,,auf Papier,,,GEN,N,WIN,Standard,
hard copy,,Ausdruck,,,GEN,N,WIN,Standard,
hard disk,,Festplatte,,,GEN,N,WIN,Standard,"Don't use ""hard drive"" in English"
hard return,,Absatzmarke,,,GEN,N,WIN,Standard,
hardware,,Hardware,,,GEN,N,WIN,Standard,Style Guide
header,,Kopfzeile,,,GEN,N,WIN,Standard,
heading,,Überschrift,,,GEN,N,WIN,Standard,Style Guide
heap,,"Heap, der",,,GEN,N,WIN,Standard,
help,,Hilfe,,,GEN,N,WIN,Standard,Re. the Help function.
Help,,?,?,,MNU,,WIN,Standard,"Use the question mark; it's become standard, since there is often not enough room on the menu bar."
help window,,Hilfefenster,,,GEN,N,WIN,Standard,GuiGuide
HFS (hierarchical file system),,HFS,,,GEN,,WIN,Standard,
Hide,,Ausblenden,A,,COM,,WIN,Standard,GuiGuide
hide,,ausblenden,,,GEN,V,WIN,Standard,Used in Word and Excel for displaying or hiding the levels in outline view.
hide,,verbergen,,,GEN,V,WIN,Standard,GuiGuide
high-density disk,,"High Density-Diskette, HD",,,GEN,N,WIN,Standard,Style Guide,
highlight,,markieren,,,GEN,V,WIN,Standard,"Changing the appearance of characters or graphics on the screen with the mouse. Same as ""selecting text"".",
highlight,,Markierung,,,GEN,N,WIN,Standard,,
hint,,Hinweis,,,GEN,N,WIN,Standard,For hints in manuals,
HOME,,POS1,,,KEY,,WIN,Standard,Style Guide,
horizontal scroll bar,,horizontale Bildlaufleiste,,,GEN,N,WIN,Standard,GuiGuide,
horizontal split bar,,horizontaler Fensterteiler,,,GEN,N,WIN,Standard,GuiGuide,
host computer,,Host-Computer,,,GEN,N,WIN,Standard,,
hot key,,Abkürzungstaste,,,GEN,N,WIN,Standard,,A one- or two-keystroke command that switches the use to a different program. 
hot link; do not use,,automatische Verknüpfung,,,GEN,N,WIN,Standard,"Should be ""automatic link"" in English. The term Hot Link is trademarked.",
hot spot,,"Hotspot, der (s)",,,GEN,N,WIN,Standard,,
hourglass pointer,,Sanduhr,,,GEN,N,WIN,Standard,GuiGuide,
How to use Help,,Hilfe benutzen,H,,COM,,WIN,Standard,GuiGuide; Win 3.1,
HPFS (high-performance file system),,HPFS,,,GEN,,WIN,Standard,"not usually translated into German. If a German explanation is needed, the word ""Hochgeschwindigkeitsdateisystem"" would be the corresponding term.",
hyphen,,Bindestrich,,,GEN,N,WIN,Standard,Style Guide,
hyphenation,,Silbentrennung,,,GEN,N,WIN,Standard,,
I/O (input/output),,E/A (Eingabe/Ausgabe),,,GEN,,WIN,Standard,
icon,,Symbol,,,GEN,N,WIN,Standard,
IFS (installable file system),,IFS,,,GEN,,WIN,Standard,
image,,Abbild,,,GEN,N,WIN,Standard,"As in ""disk images"". In contrast to ""picture; graphic etc."""
impact printer,,Anschlagdrucker,,,GEN,N,WIN,Standard,Style Guide
Important,,Wichtig,,,GEN,,WIN,Standard,for the title of a note in documentation
In order to,,Zweck,,,GEN,N,WIN,Standard,for table heading
In-Place Activation,,direkte Aktivierung,,,GEN,,WIN,Standard,New OLE terms
In-Place Editing,,direkte Bearbeitung,,,GEN,,WIN,Standard,New OLE terms
inactive window,,inaktives Fenster,,,GEN,N,WIN,Standard,GuiGuide
inch,,Zoll,,,GEN,N,WIN,Standard,Don't use the quotation mark as abbreviation in German.
incompatible,,inkompatibel,,,GEN,,WIN,Standard,
Independent Software Vendor (ISV),,ISV (Unabhängige Software-Anbieter),,,GEN,,WIN,Standard,
index,,"Index, der (izes)",,,GEN,N,WIN,Standard,
indexes,,Indizes,,,GEN,N,WIN,Standard,Style Guide
indexing,,indizieren,,,GEN,V,WIN,Standard,Style Guide
Industry Standard Architecture (ISA),,Industriestandard-Architektur (ISA),,,GEN,,WIN,Standard,Style Guide
inkjet printers,,Tintenstrahldrucker,,,GEN,N,WIN,Standard,Style Guide
input,,Eingabe,,,GEN,N,WIN,Standard,Style Guide
INS,,EINFG,,,KEY,,WIN,Standard,
Insert,,Einfügen,I,,MNU,,WIN,Standard,GuiGuide
Insert File,,Datei einfügen,d,,COM,,WIN,Standard,GuiGuide
Insert Object,,Objekt einfügen,O,,COM,,WIN,Standard,GuiGuide
insertion point,,Einfügemarke,,,GEN,N,WIN,Standard,
Installable file system (IFS),,IFS,,,GEN,,WIN,Standard,Style Guide
installation,,Installation,,,GEN,N,WIN,Standard,
Installation Guide,,Installationshandbuch,,,GEN,,WIN,Standard,As a book/manual title.
Installer,,Aktualisierer,,,GEN,,WIN,Standard,An Apple/Sys7 term.
instance,,Instanz,,,GEN,,WIN,Standard,in object-oriented programming; used in NT
instance,,Vorkommen,,,GEN,,WIN,Standard,
instance (of a running application),,mehrmaliges Ausführen einer Anwendung,,,GEN,,WIN,Standard,used in NT; use for explanations in body text
instance (of a running application),,Mehrfachausführung,,,GEN,,WIN,Standard,
integer,,ganze Zahl,,,GEN,,WIN,Standard,
interactive message,,interaktive Meldung,,,GEN,,WIN,Standard,Style Guide
interface,,Benutzeroberfläche,,,GEN,N,WIN,Standard,the visual representation to the user
interface,,Schnittstelle,,,GEN,N,WIN,Standard,
interface,,"Interface, das",,,GEN,N,WIN,Standard,when referring to hardware devices
interoperability,,Interoperabilität,,,GEN,N,WIN,Standard,
interoperation,,Kooperation,,,GEN,N,WIN,Standard,NT; advanced Server
intervening text,,dazwischenliegender Text,,,GEN,N,WIN,Standard,Style Guide
invalid,,ungültig,,,GEN,,WIN,Standard,as in error messages
invalid,,unzulässig,,,GEN,,WIN,Standard,as in error messages
ISA (Industry Standard Architecture),,ISA,,,GEN,,WIN,Standard,
ISAM (indexed sequential access method),,ISAM (indexsequentielles Dateisystem),,,GEN,,WIN,Standard,
ISDN (Integrated Services Digital Network),,ISDN,,,GEN,,WIN,Standard,
ISO (International Organization for Standardization),,ISO,,,GEN,,WIN,Standard,
ISV (independant software vendor),,"ISV, unabhängiger Software-Anbieter",,,GEN,,WIN,Standard,Style Guide
italic,,kursiv,,,GEN,,WIN,Standard,Style Guide
Italic,,Kursiv,K,,DIA,,WIN,Standard,GuiGuide
italic button,,Symbol für Kursiv,,,GEN,,WIN,Standard,
join,,verbinden,,,GEN,,WIN,Standard,
join,,zusammenfügen,,,GEN,,WIN,Standard,
jump,,Sprung,,,GEN,N,WIN,Standard,re. jump terms in Help
jump term,,Sprung(begriff),,,GEN,N,WIN,Standard,re. jump terms in Help
Justified,,Blocksatz,B,,DIA,N,WIN,Standard,GuiGuide
justified,,im Blocksatz ausgerichtet,,,GEN,,WIN,Standard,
K (kilobyte),,KB (Kilobyte),,,GEN,,WIN,Standard,Use a space between the number and the abbreviation: 640 KB.
key,,Schlüssel,,,GEN,N,WIN,Standard,Style Guide
key,,Taste,,,GEN,N,WIN,Standard,
key combination,,Tastenkombination,,,GEN,N,WIN,Standard,Style Guide
key name,,Tastenname,,,GEN,N,WIN,Standard,Style Guide
key repeat rate,,Tastenwiederholgeschwindigkeit,,,GEN,N,WIN,Standard,Used in PC Word
key sequence,,Tastenfolge,,,GEN,N,WIN,Standard,Style Guide
keyboard,,Tastatur,,,GEN,N,WIN,Standard,Style Guide
keypad,,Zehnertastatur,,,GEN,N,WIN,Standard,"Should be ""numeric keypad"" in English."
keyword,,Stichwort,,,GEN,N,WIN,Standard,
kilobyte,,"Kilobyte, das (s)",,,GEN,N,WIN,Standard,Style Guide
label,,Bezeichnung,,,GEN,N,WIN,Standard,Style Guide
label,,Beschriftung,,,GEN,N,WIN,Standard,GuiGuide
label,,Etikett,,,GEN,N,WIN,Standard,GuiGuide
label,,Marke,,,GEN,N,WIN,Standard,
LAN (local area network),,"LAN, das (s); lokales Netzwerk",,,GEN,N,WIN,Standard,
Landscape,,Querformat,Q,,DIA,N,WIN,Standard,GuiGuide
Language Reference,,Sprachverzeichnis,,,GEN,N,WIN,Standard,As a book/manual title.
laptop,,"Laptop, der",,,GEN,N,WIN,Standard,
laser printer,,Laserdrucker,,,GEN,N,WIN,Standard,Style Guide
later,,höher,,,GEN,,WIN,Standard,Re.  product version numbers
layout,,"Layout, das (s)",,,GEN,N,WIN,Standard,
lazy writing,,verzögertes Schreiben,,,GEN,N,WIN,Standard,Style Guide
LCD (liquid crystal display),,Flüssigkristallanzeige; LCD,,,GEN,,WIN,Standard,
leader,,Füllzeichen,,,GEN,N,WIN,Standard,,"A row of dots, hyphens or other charcters used to lead the eye across a printed page."
leading zero,,führende Null,,,GEN,N,WIN,Standard,,A zero that precedes the most significant (leftmost) digit of a number.
LED (light-emitting diode),,LED,,,GEN,,WIN,Standard,,
left align,,linksbündig ausrichten,,,GEN,V,WIN,Standard,,
LEFT ARROW,,NACH-LINKS-TASTE ,,,KEY,,WIN,Standard,,
left scroll arrow,,Bildlaufpfeil links,,,GEN,,WIN,Standard,GuiGuide,
left window border,,linker Fensterrand,,,GEN,N,WIN,Standard,GuiGuide,
left-aligned,,linksbündig,,,GEN,ADJ,WIN,Standard,GuiGuide,
lens,,Lupe,,,GEN,,WIN,Standard,Duden meeting March 17,A feature in WinPad
less-than sign,,Kleiner-als-Zeichen,,,GEN,N,WIN,Standard,or: das Zeichen <,
less-than-or-equal-to sign,,Kleiner-gleich-Zeichen,,,GEN,N,WIN,Standard,,
letter quality,,Briefqualität,,,GEN,,WIN,Standard,,"A level of print quality on dot-matrix printers that is better than draft quality. Compare to draft quality, near-letter quality and print quality."
LF (linefeed),,Zeilenvorschub,,,GEN,,WIN,Standard,,
limited character space,,begrenzte Zeichenanzahl,,,GEN,N,WIN,Standard,Style Guide,
line,,Zeile,,,GEN,,WIN,Standard,GuiGuide,
line break,,"Zeilenumbruch (""e)",,,GEN,N,WIN,Standard,Style Guide,
linefeed,,Zeilenvorschub,,,GEN,N,WIN,Standard,
link,,verknüpfen,,,GEN,V,WIN,Standard,GuiGuide
link,,Verknüpfung,,,GEN,N,WIN,Standard,
linked object,,verknüpftes Objekt,,,GEN,,WIN,Standard,GuiGuide
linked text and list box,,verknüpftes Textfeld/Listenfeld,,,GEN,,WIN,Standard,GuiGuide
linked text box,,verknüpftes Textfeld,,,GEN,N,WIN,Standard,
list,,Liste,,,GEN,N,WIN,Standard,Style Guide
list box,,Listenfeld,,,GEN,N,WIN,Standard,
List Files of Type,,Dateityp,D,,DIA,,WIN,Standard,
Ln (Line),,Ze,,,GEN,,WIN,Standard,Status bar abbreviation
local area network,,LAN; lokales Netzwerk,,,GEN,,WIN,Standard,Style Guide
local area network,,LAN; Lokales Netzwerk,,,GEN,,WIN,Standard,Style Guide
locking,,sperren,,,GEN,V,WIN,Standard,Style Guide
log,,Protokoll,,,GEN,N,WIN,Standard,
log,,aufzeichnen,,,GEN,V,WIN,Standard,
log,,protokollieren,,,GEN,V,WIN,Standard,
log off,,abmelden (von),,,GEN,,WIN,Standard,Duden meeting Oct. 28,
log off from the network,,vom Netzwerk abmelden,,,GEN,V,WIN,Standard,Style Guide,
log on,,anmelden (bei),,,GEN,,WIN,Standard,Duden meeting Oct. 28,
log on to the network,,am Netzwerk anmelden,,,GEN,V,WIN,Standard,Style Guide,
logon domain,,Anmeldedomäne,,,GEN,N,WIN,Standard,Style Guide,
low memory,,unterer Speicher(bereich),,,GEN,,WIN,Standard,"re. DOS; opposite of high memory area; use ""Bereich"" for clarification, if needed",
low-density disk,,Low density-Diskette (LD),,,GEN,,WIN,Standard,,
lowercase,,kleingeschrieben,,,GEN,,WIN,Standard,,
LPT,,LPT,,,GEN,,WIN,Standard,,Logical device name for  line printer
Macro,,Makro,M,,COM,,WIN,Standard,GuiGuide,
macro,,"Makro, das (s)",,,GEN,N,WIN,Standard,,A set of keystrokes and instructions recorded and saved under a short key code.
mail,,Post,,,GEN,,WIN,Standard,,
mail merge,,Serienbrieferstellung,,,GEN,,WIN,Standard,,
mail merge,,Serienbrief,,,COM,,WIN,Standard,,
main application,,Hauptanwendung,,,GEN,N,WIN,Standard,GuiGuide,
main document,,Hauptdokument,,,GEN,N,WIN,Standard,GuiGuide,
main memory,,Hauptspeicher,,,GEN,N,WIN,Standard,,
maintenance setup,,Wartungsinstallation,,,GEN,,WIN,Standard,Duden meeting Oct. 28,
manual link,,manuelle Verknüpfung,,,GEN,N,WIN,Standard,GuiGuide,
map,,abbilden,,,GEN,V,WIN,Standard,,To translate one value into another.
map,,"Map, das",,,GEN,V,WIN,Standard,"Siehe auch ""das Bitmap""",
MASM (Microsoft Macro Assembler),,MASM,,,GEN,,WIN,Standard,,
Match Case,,Groß-/Kleinschreibung beachten,G,,DIA,,WIN,Standard,GuiGuide,
Match Whole Word Only,,Nur ganzes Wort suchen,A,,DIA,,WIN,Standard,,
matrix,,"Matrix, die",,,GEN,,WIN,Standard,,In math. an arrangement of rows and columns used for organizing related items.
Maximize,,Maximieren,,,COM,,WIN,Standard,Command in Windows control menu,
maximize,,maximieren,,,GEN,V,WIN,Standard,,
maximize arrow,,Maximieren-Pfeil,,,GEN,N,WIN,Standard,Style Guide,
maximize button,,Maximieren-Schaltfläche,,,GEN,N,WIN,Standard,Used this way in the Style Guide. Use this syntax for callouts or when you need to keep it short.,
maximize button,,"Schaltfläche ""Maximieren""",,,GEN,N,WIN,Standard,The preferred syntax for body text. Used this way in the GuiGuide.,
MB (megabyte),,"Megabyte, MB",,,GEN,N,WIN,Standard,Use a space between the number and MB: 20 MB.,
MCA (Micro Channel Architecture),,MCA (Micro Channel Architecture),,,GEN,,WIN,Standard,,
MCA (Micro Channel Architecture),,MCA,,,GEN,,WIN,Standard,
measurement,,Maßeinheit,,,GEN,N,WIN,Standard,Style Guide
measurement,,Maß,,,GEN,N,WIN,Standard,Style Guide
media,,Medien,,,GEN,N,WIN,Standard,"""media"" is the plural of ""medium""."
Media Player,,Medien-Wiedergabe,,,GEN,,WIN,Standard,Used in Windows
megabyte,,"Megabyte, das (s)",,,GEN,N,WIN,Standard,
memory,,Speicher,,,GEN,N,WIN,Standard,Style Guide
menu,,Menü,,,GEN,N,WIN,Standard,
menu bar,,Menüleiste,,,GEN,N,WIN,Standard,
menu command,,Menübefehl,,,GEN,N,WIN,Standard,GuiGuide
menu item; Do not use,,Befehl,,,GEN,N ,WIN,Standard,"should be ""command"" in English."
menu name,,Menüname,,,GEN,N,WIN,Standard,GuiGuide
menu option,,Menüoption,,,GEN,N,WIN,Standard,Used for some options in menus in WinNT Help
merge,,verbinden,,,GEN,V,WIN,Standard,
merge,,zusammenführen,,,GEN,V,WIN,Standard,
message,,Meldung,,,GEN,N,WIN,Standard,re. a message the computer give to the user
message,,Nachricht,,,GEN,N,WIN,Standard,
message bar,,Statusleiste,,,GEN,N,WIN,Standard,"""message bar"" is used only for character-based applications"
message box; do not use,,Meldung,,,GEN,N,WIN,Standard,"Use ""message"" only"
method,,Methode,,,GEN,N,WIN,Standard,Style Guide
Micro Channel Architecture,,MCA,,,GEN,,WIN,Standard,Style Guide
Microsoft Product Support,,Microsoft Software Service,,,GEN,,WIN,Standard,(no hyphen) 
Microsoft User Hotline,,Microsoft Software Service,,,GEN,,WIN,Standard,Style Guide
MIDI (Musical Instrument Digital Interface),,MIDI,,,GEN,,WIN,Standard,
MIDI Sequencer,,MIDI-Sequenzer,,,GEN,,WIN,Standard,GuiGuide
Minimize,,Minimieren,,,COM,,WIN,Standard,Command in the Windows control menu.
minimize,,minimieren,,,GEN,,WIN,Standard,
minimize button,,Minimieren-Schaltfläche,,,GEN,N,WIN,Standard,Used this way in the Style Guide. Use this syntax for callouts or when you need to keep it short.
minimize button,,"Schaltfläche ""Minimieren""",,,GEN,N,WIN,Standard,Used in the GuiGuide. The preferred syntax for body text.
MIPS (millions of instructions per second),,MIPS,,,GEN,,WIN,Standard,
MIS (management information service/system),,MIS,,,GEN,,WIN,Standard,
MIS (management information systems),,MIS (Management-Informationssystem),,,GEN,,WIN,Standard,
modal,,gebunden,,,GEN,,WIN,Standard,used in VB
modal,,modal,,,GEN,,WIN,Standard,
modify,,modifizieren,,,GEN,,WIN,Standard,
modify,,ändern,,,GEN,,WIN,Standard,
monitor,,Bildschirm,,,GEN,N,WIN,Standard,
monochrome,,schwarzweiß,,,GEN,,WIN,Standard,
monochrome monitor,,Schwarzweiß-Bildschirm,,,GEN,,WIN,Standard,
monospace font,,Schriftart mit fester Breite,,,GEN,,WIN,Standard,Used in Word
monospace font,,nichtproportionale Schriftart,,,GEN,,WIN,Standard,"im Gegensatz zu ""proportionale Schriftart"""
More,,Weitere Optionen,,,BUT,,WIN,Standard,
Mouse,,Maus,,,GEN,N,WIN,Standard,"Use ""Maus"" only as a generic term. The ""Microsoft Mouse"" is spelled ""Mouse"" even in German."
mouse pointer,,Mauszeiger,,,GEN,N,WIN,Standard,GuiGuide
mouse pointer shapes,,Mauszeigerformen,,,GEN,N,WIN,Standard,Style Guide
Move,,Verschieben,V,,COM,,WIN,Standard,GuiGuide
move,,verschieben,,,GEN,V,WIN,Standard,GuiGuide
move,,bewegen,,,GEN,V,WIN,Standard,"Use ""bewegen"" when ""verschieben"" doesn't work, such as for moving the mouse pointer."
movement keys,,Bewegungstasten,,,GEN,,WIN,Standard,"Those keys on the keyboard that let the user move the cursor; including ""Home"", ""PgUp"" etc.",
MS-DOS (disk operating system),,MS-DOS,,,GEN,,WIN,Standard,Style Guide,
MS-DOS prompt,,MS-DOS-Eingabeaufforderung,,,GEN,,WIN,Standard,GuiGuide,
MS-DOS systems,,MS-DOS-Systeme,,,GEN,,WIN,Standard,Style Guide,
MultiFinder icon,,"Menü ""Programme""",,,GEN,,WIN,Standard,Style Guide; an Apple term,
multimedia extension,,Multimedia-Erweiterung,,,GEN,,WIN,Standard,,
multiple-column,,mehrspaltig,,,GEN,,WIN,Standard,Style Guide,
multiple-column list,,mehrspaltige Liste,,,GEN,N,WIN,Standard,Style Guide,
multitasking,,Multitasking,,,GEN,N,WIN,Standard,,A mode of operation offered by an operating system in which a computer works on more than one task at a time.
multiuser environment,,Mehrbenutzerumgebung,,,GEN,,WIN,Standard,,
multiuser system,,Mehrbenutzersystem,,,GEN,N,WIN,Standard,,
naming conventions,,Benennungsvereinbarungen,,,GEN,,WIN,Standard,Duden meeting Oct. 28,
navigate,,(sich) bewegen,,,GEN,,WIN,Standard,,
navigation button,,Navigieren-Schaltfläche,,,GEN,,WIN,Standard,,"The buttons on the lower left screen in Access, that lets the user move around in the data records."
nested list,,verschachtelte Liste,,,GEN,N,WIN,Standard,Style Guide,
network,,Netzwerk,,,GEN,N,WIN,Standard,Style Guide,
Network Administrator's Guide,,Handbuch für den Netzadministrator,,,GEN,,WIN,Standard,As a book/manual title.,
network drive,,Netzlaufwerk,,,GEN,N,WIN,Standard,Style Guide,
New,,Neu,N,,COM,,WIN,Standard,GuiGuide,
New Window,,Neues Fenster,N,,COM,,WIN,Standard,GuiGuide,
newline character,,Zeilenendemarke,,,GEN,,WIN,Standard,Abbreviation: NL. Used in Word. ,A character  that causes teh cursor to move to the beginning of the new line.
Next,,Nächstes,N,,COM,N,WIN,Standard,GuiGuide,
NL (newline character),,NL,,,GEN,N,WIN,Standard,"see also ""newline character""",
non-proportional font,,nichtproportionale Schriftart,,,GEN,,WIN,Standard,,
non-Windows applications; do not use,,nicht Windows-basierte Anwendungen,,,GEN,,WIN,Standard,translation from the Sub,
non-Windows applications; do not use,,"Anwendungen, die nicht auf Windows basiert sind / nicht für Windows konzipiert sind.",,,GEN,,WIN,Standard,,
nonbreaking hyphen,,geschützter Trennstrich,,,GEN,N,WIN,Standard,,
nonbreaking space,,geschütztes Leerzeichen,,,GEN,N,WIN,Standard,,
nonimpact printer,,anschlagfreie Drucker,,,GEN,N,WIN,Standard,Style Guide,
nonprinting character,,nichtdruckbares Zeichen,,,GEN,V,WIN,Standard,,
nonscrolling region,,statischer Bereich,,,GEN,,WIN,Standard,Help compiler,
not for resale,,nicht zum Weiterverkauf bestimmt,,,GEN,,WIN,Standard,Used in WIN 3.1,
note,,Anmerkung,,,GEN,N,WIN,Standard,Style Guide,A note to a user in a manual.
note,,Notiz,,,GEN,,WIN,Standard,"Notes in software, such as the annotations to cells in Excel",
Notepad,,Editor,,,FIL,N,WIN,Standard,Windows,
NUM (Num Lock on),,NF,,,GEN,,WIN,Standard,Status bar abbreviation,
NUM LOCK,,NUM,,,KEY,,WIN,Standard,Style Guide,
Number,,Zahlenformat,Z,,COM,,WIN,Standard,,
number,,Zahl,,,GEN,N,WIN,Standard,Style Guide,
number/word combination,,Zahlen-/Wortkombination,,,GEN,,WIN,Standard,,
numbered list,,numerierte Liste,,,GEN,N,WIN,Standard,Style Guide,
numeric keypad,,Zehnertastatur,,,GEN,N,WIN,Standard,,
numerics,,Zahlen,,,GEN,N,WIN,Standard,Style Guide,
object,,Objekt,,,GEN,N,WIN,Standard,GuiGuide,
Object,,Objekt,O,,COM,,WIN,Standard,GuiGuide,
object handle,,Ziehpunkt,,,GEN,,WIN,Standard,"same as ""handle""",
object handler,,Objektbehandlungsroutine,,,GEN,,WIN,Standard,Style Guide,
object handling,,Objektbehandlung,,,GEN,,WIN,Standard,Style Guide,
object link,,Objektverknüpfung,,,GEN,,WIN,Standard,Style Guide
object linking & embedding (OLE),,Objekte verknüpfen und einbetten (OLE),,,GEN,,WIN,Standard,GuiGuide
Object Packager,,Objekt-Manager,,,GEN,,WIN,Standard,Windows
Object-Manager,,Objekt-Manager,,,GEN,N,WIN,Standard,Style Guide
object-oriented,,objektorientiert,,,GEN,,WIN,Standard,
oblique,,schräg,,,GEN,,WIN,Standard,"for fonts; similar to, but not the same as ""italic"""
OEM (original equipment manufacturer),,OEM,,,GEN,,WIN,Standard,
offline,,Offline,,,GEN,,WIN,Standard,
OK,,OK,,,DIA,,WIN,Standard,GuiGuide
OLE (object linking & embedding),,Objekte verknüpfen und einbetten (OLE),,,GEN,,WIN,Standard,GuiGuide
OLE application,,OLE-Anwendung,,,GEN,N,WIN,Standard,GuiGuide
online,,Online,,,GEN,,WIN,Standard,
Online Help,,Online-Hilfe,,,GEN,,WIN,Standard,
online information service,,Online-Informationssystem,,,GEN,,WIN,Standard,"Duden-meeting on Sept. 30, 93"
OOP (object-oriented programming),,OOP (Objektorientierte Programmierung),,,GEN,,WIN,Standard,
Open,,Öffnen,F,,COM,,WIN,Standard,
open editing,,offene Bearbeitung,,,GEN,,WIN,Standard,New OLE-term,
operating system,,Betriebssystem,,,GEN,N,WIN,Standard,Style Guide,
operator,,Bearbeiter (see comments),,,GEN,,WIN,Standard,in Winword 2.0 in Summary info box,
OPTION,,WAHLTASTE (Mac),,,KEY,,WIN,Standard,Style Guide,
option,,Option,,,GEN,N,WIN,Standard,GuiGuide,
option button,,Optionsfeld,,,GEN,N,WIN,Standard,,A round button that the user can select in a group of mutually exclusive options.
optional hyphen,,weicher Trennstrich,,,GEN,N,WIN,Standard,,
Options,,Optionen,O,,COM,,WIN,Standard,GuiGuide,
ordinal numbers,,Ordnungszahlen,,,GEN,,WIN,Standard,Style Guide,
orientation,,Ausrichtung,,,GEN,,WIN,Standard,,
Orientation,,Ausrichtung,,,DIA,,WIN,Standard,re. paper for printing,
orphan,,alleinstehende Absatzzeile,,,GEN,,WIN,Standard,offizieller Druckerbegriff: Schusterjunge. Umschreiben!,
OS/2,,OS/2 (Operating System/2),,,GEN,,WIN,Standard,Style Guide,
OSI (Open Systems Interconnect),,OSI,,,GEN,,WIN,Standard,,
outline,,Gliederung,,,GEN,N,WIN,Standard,,
output,,Ausgabe,,,GEN,,WIN,Standard,,
override,,übergehen,,,GEN,,WIN,Standard,,
override,,ausser Kraft setzen,,,GEN,,WIN,Standard,,
override,,Vorrang haben,,,GEN,,WIN,Standard,,
overtype,,überschreiben,,,GEN,,WIN,Standard,,
overview,,Übersicht,,,GEN,,WIN,Standard,Für NT Help,
OVR (Overtype on),,ÜB,,,GEN,,WIN,Standard,Status bar abbreviation,
OwnerLink,,OwnerLink,,,GEN,,WIN,Standard,re. OLE,
package,,Paket,,,GEN,N,WIN,Standard,everything that is contained in a software package,
package,,Karton,,,GEN,N,WIN,Standard,"when dealing with the physical box itself.  Standard sentence to the packaging: ""This package can be recycled"" - ""Diese Verpackung kann wiederverwertet werden.""",
packaging,,Lieferumfang,,,GEN,N,WIN,Standard,"Re. everything that is packaged with the product (""diese Disketten sind nicht im Lieferumfang enthalten..."")",
packaging,,Verpackung,,,GEN,N,WIN,Standard,,
page,,Seite,,,GEN,N,WIN,Standard,,
page break,,Seitenwechsel,,,GEN,N,WIN,Standard,The single instance of a page break.,
page break,,Seitenumbruch,,,GEN,N,WIN,Standard,The feature of repagination.,
PAGE DOWN,,BILD-AB,,,KEY,,WIN,Standard,Style Guide,
page layout,,Seitenlayout,,,GEN,,WIN,Standard,,The process of arranging text and graphics on the pages of a document.
page reference,,Seitenzahlenverweis,,,GEN,,WIN,Standard,Style Guide
Page Setup,,Seite einrichten,E,,COM,,WIN,Standard,GuiGuide
page setup,,Einrichten einer Seite,,,GEN,,WIN,Standard,
PAGE UP,,BILD-AUF,,,KEY,,WIN,Standard,Style Guide
pagination,,Paginierung,,,GEN,,WIN,Standard,Style Guide
palette,,Palette,,,GEN,N,WIN,Standard,Style Guide
pane,,Ausschnitt,,,GEN,N,WIN,Standard,GuiGuide
paper bin,,Papierschacht,,,GEN,N,WIN,Standard,
paper feed,,Papiereinzug,,,GEN,N,WIN,Standard,Style Guide
paper format,,Papierformat,,,GEN,N,WIN,Standard,Style Guide
paper size,,Papiergröße,,,GEN,,WIN,Standard,
paper source,,Papierzufuhr,,,GEN,N,WIN,Standard,Style Guide
Paragraph,,Absatz,A,,COM,N,WIN,Standard,GuiGuide
paragraph mark,,Absatzmarke,,,GEN,N,WIN,Standard,
parallel printer,,paralleler Drucker,,,GEN,N,WIN,Standard,Style Guide
parent,,übergeordnet,,,GEN,,WIN,Standard,
parenthesis,,runde Klammer,,,GEN,N,WIN,Standard,Style Guide,
parse,,analysieren,,,GEN,,WIN,Standard,,To break input into smaller chunsks so that a program can act upon the information.
password,,Kennwort,,,GEN,N,WIN,Standard,,
Paste,,Einfügen,i,,COM,,WIN,Standard,GuiGuide,
paste,,einfügen,,,GEN,V,WIN,Standard,GuiGuide,
Paste Link,,Verknüpfung einfügen,V,,COM,,WIN,Standard,GuiGuide,
Paste Special,,Inhalte einfügen,l,,COM,,WIN,Standard,GuiGuide,
patent,,Patent,,,GEN,N,WIN,Standard,Style Guide,
path,,Pfad,,,GEN,N,WIN,Standard,Style Guide,
pathname,,Pfadname,,,GEN,N,WIN,Standard,,
pause,,anhalten,,,GEN,V,WIN,Standard,,
PAUSE ,,PAUSE,,,KEY,,WIN,Standard,,
PC (personal computer),,"PC, Personalcomputer, der (s)",,,GEN,N,WIN,Standard,,
PC compatible; do not use,,IBM PCs und Kompatible,,,GEN,,WIN,Standard,"Use ""IBM PC/AT and compatible""",
pen based computers,,Pen-Computer,,,GEN,N,WIN,Standard,,
period,,Punkt,,,GEN,N,WIN,Standard,Style Guide,
permission,,Berechtigung,,,GEN,N,WIN,Standard,,
Personal Computer,,"Personalcomputer, der ( ); PC",,,GEN,,WIN,Standard,,
Pg (Page),,S,,,GEN,,WIN,Standard,Status bar abbreviation,
PG DN,,BILD-AB-TASTE,,,KEY,,WIN,Standard,"Not ""BILD-NACH-UNTEN-TASTE""",
PG UP,,BILD-AUF-TASTE,,,KEY,,WIN,Standard,"Not ""BILD-NACH-OBEN-TASTE""",
pica,,"Pica, die ( )",,,GEN,,WIN,Standard,,"A measure used with printed type. It measures appr. 1/6 inch (0,42 cm)."
picture,,Bild,,,GEN,,WIN,Standard,"contrast to ""image; graphic"" etc.",
pie chart,,Kreisdiagramm,,,GEN,,WIN,Standard,,A type of graph that presents values as percentages (slices) of a whole.
pipe,,Pipe-Zeichen,,,GEN,,WIN,Standard,,
pitch,,Schriftbreite,,,GEN,,WIN,Standard,,"A measure, gen. used with monospace fonts, that describes the number of characters that fit in a horizontal inch.; ie.e 10-pitch = 10 characters per inch."
pixel,,"Pixel, das ( )",,,GEN,,WIN,Standard,,Short for picture element. 
pixel,,Bildpunkt,,,GEN,,WIN,Standard,,
platform,,"Plattform, die (en)",,,GEN,,WIN,Standard,,
plot,,aufzeichnen; grafisch darstellen; plotten,,,GEN,V,WIN,Standard,correct usage depends on the context,To create a graphic or diagram by connecting points.
plural,,Plural,,,GEN,,WIN,Standard,Style Guide,
point,,zeigen (auf),,,GEN,V,WIN,Standard,GuiGuide,
pointer,,Zeiger,,,GEN,N,WIN,Standard,GuiGuide
pointing device,,Zeigegerät,,,GEN,N,WIN,Standard,
poke,,senden,,,GEN,V,WIN,Standard,To store a byte into an absolute memory location.
pop-up menu,,Kontextmenü,,,GEN,N,WIN,Standard,"Should be called ""context-sensitive menu"" or ""shortcut menu"""
Portrait,,Hochformat,f,,DIA,,WIN,Standard,GuiGuide
POS (point of sale),,POS,,,GEN,,WIN,Standard,
POSIX (Portable Operating System Interface),,POSIX,,,GEN,,WIN,Standard,
postoffice,,"Postoffice, das (s)",,,GEN,,WIN,Standard,
powerful,,leistungsstark,,,GEN,ADJ,WIN,Standard,re. a product or feature
preceding,,vorhergehend,,,GEN,,WIN,Standard,Style Guide
preemptive multitasking,,preemptives Multitasking,,,GEN,,WIN,Standard,NT
preference,,Einstellung,,,GEN,,WIN,Standard,
preposition,,Präposition,,,GEN,N,WIN,Standard,Style Guide
prerelease,,Betaversion,,,GEN,N,WIN,Standard,
prerelease,,Vorab-Version,,,GEN,,WIN,Standard,
presentation data,,Präsentationsdaten,,,GEN,N,WIN,Standard,Style Guide
presentation format ,,Präsentationsformat,,,GEN,N,WIN,Standard,Style Guide
preset,,vordefinieren,,,GEN,V,WIN,Standard,
press,,drücken,,,GEN,V,WIN,Standard,Style Guide
press and hold down,,gedrückt halten,,,GEN,V,WIN,Standard,GuiGuide
primary verb,,Hauptverb,,,GEN,N,WIN,Standard,Style Guide
print,,drucken,,,GEN,V,WIN,Standard,
print area,,Druckbereich,,,GEN,N,WIN,Standard,Style Guide
print files over the network,,Dateien über das Netzwerk drucken,,,GEN,,WIN,Standard,Style Guide
print job,,Druckauftrag,,,GEN,N,WIN,Standard,Style Guide
Print Manager,,Druck-Manager,,,GEN,N,WIN,Standard,GuiGuide
Print Preview,,Seitenansicht,,,COM,,WIN,Standard,GuiGuide
print quality,,Druckqualität,,,GEN,N,WIN,Standard,GuiGuide
print queue,,Druckwarteschlange,,,GEN,N,WIN,Standard,Style Guide
print range,,Druckbereich,,,GEN,,WIN,Standard,GuiGuide
PRINT SCREEN,,DRUCK (PC),,,KEY,,WIN,Standard,Style Guide
PRINT SCREEN,,WAHLTASTE (Mac),,,KEY,,WIN,Standard,Style Guide
Print Setup,,Druckereinrichtung,e,,COM,,WIN,Standard,GuiGuide
print spooling,,Druckauftragsabwicklung,,,GEN,,WIN,Standard,Style Guide
print to a file,,Druckausgabe in eine Datei umleiten,,,GEN,,WIN,Standard,
Print to File,,Ausdruck in Datei,,,DIA,,WIN,Standard,
Print Topic,,Thema drucken,D,,DIA,,WIN,Standard,GuiGuide
printer,,Drucker,,,GEN,N,WIN,Standard,GuiGuide
Printer Guide,,Druckerhandbuch,,,GEN,,WIN,Standard,As a book/manual title.
printer queue,,Druckerwarteschlange,,,GEN,N,WIN,Standard,Style Guide
Printer Setup,,Druckereinrichtung,E,,COM,,WIN,Standard,GuiGuide
printer-driver file,,Druckertreiberdatei,,,GEN,N,WIN,Standard,Style Guide
printing order,,Druckreihenfolge,,,GEN,N,WIN,Standard,Style Guide
priority,,Priorität,,,GEN,N,WIN,Standard,
privilege level,,Privilegebene,,,GEN,N,WIN,Standard,Style Guide
procedure,,Verfahren,,,GEN,N,WIN,Standard,re. procedures in documentation
procedure,,Prozedur,,,GEN,N,WIN,Standard,re. procedures in computer programs
product ID,,Produkt Nr.,,,GEN,,WIN,Standard,"This is the new way to refer to the product number or serial number. Since this is always followed by a number, this syntax (using Nr. and no hyphen) seems the most readable in German."
Product Support,,Microsoft Software Service,,,COM,,WIN,Standard,no hyphen
Product Support,,Microsoft Software Service,,,GEN,,WIN,Standard,no hyphen
product support,,Produktunterstützung,,,GEN,,WIN,Standard,
program group,,Programmgruppe,,,GEN,,WIN,Standard,GuiGuide
program item,,Programm,,,GEN,N,WIN,Standard,GuiGuide
Program Manager,,Programm-Manager,,,GEN,,WIN,Standard,GuiGuide
Programmer's Guide,,Programmierhandbuch,,,GEN,,WIN,Standard,As a book/manual title.
Programmer's Reference,,Handbuch für Programmierer,,,GEN,,WIN,Standard,As a book/manual title.
progress indicator,,Statusanzeiger,,,GEN,N,WIN,Standard,
progress indicator,,Verlaufsanzeiger,,,GEN,N,WIN,Standard,
promotional sample,,Werbeexemplar,,,GEN,N,WIN,Standard,
prompt,,Eingabeaufforderung,,,GEN,N,WIN,Standard,
prompt,,auffordern,,,GEN,V,WIN,Standard,
proof of purchase,,Erwerbsnachweis,,,GEN,N,WIN,Standard,MS customer has to proof that s/he did indeed buy the product and not acquire it some other way.
PSS (Product Support Services),,Microsoft Software Service,,,GEN,N,WIN,Standard,
punctuation,,Zeichensetzung,,,GEN,N,WIN,Standard,Style Guide
push button; DO NOT USE,,Schaltfläche,,,GEN,N,WIN,Standard,"this term should not be used in English; same for push-button; pushbutton. It should just be ""button"".",
QBE (Query-by-Example),,QBE,,,GEN,N,WIN,Standard,,
query,,abfragen,,,GEN,V,WIN,Standard,,
query,,Abfrage,,,GEN,N,WIN,Standard,,The process of extracting data from a database and presenting it for use.
query by example (QBE),,"""Query By Example""-Abfrage",,,GEN,N,WIN,Standard,used this way in Access,
question mark pointer,,Mauszeiger als Fragezeichen,,,GEN,,WIN,Standard,,
queue,,Warteschlange,,,GEN,N,WIN,Standard,,
Quick Reference,,Kurzübersicht,,,GEN,,WIN,Standard,As a book/manual title.,
Quit,,Beenden,B,,COM,,WIN,Standard,GuiGuide,
quotation marks,,Anführungszeichen,,,GEN,N,WIN,Standard,"Same as ""double quotation marks"". Single quotation marks are ""Hochkomma"".",
R/W (read/write),,Lese/Schreib-,,,GEN,,WIN,Standard,,
radio button; do not use,,Optionsfeld,,,GEN,N,WIN,Standard,"Should be ""option button"" instead",
RAM (random access memory),,Arbeitsspeicher (RAM),,,GEN,,WIN,Standard,,
range,,Bereich,,,GEN,,WIN,Standard,,
RDBMS (relational database management system),,RDBMS (relationales Datenbankmanagementsystem),,,GEN,,WIN,Standard,re. a block of cells,In spreadsheets: a block of selected cells; in general: spread between specified low and high values.
read-only,,schreibgeschützt,,,GEN,,WIN,Standard,,
read-write permission,,Lese-/Schreibzugriff,,,GEN,N,WIN,Standard,,
README,,INFO,,,FIL,,WIN,Standard,re. the name of the file,
readme,,Info.txt,,,GEN,,WIN,Standard,Duden meeting March 17,
reboot; do not use,,neu starten,,,GEN,,WIN,Standard,"use ""restart"".",
REC (Macro Recorder on),,MA,,,GEN,,WIN,Standard,Status bar abbreviation,
record,,Datensatz,,,GEN,N,WIN,Standard,,A data structure that is a collection of fields.
Record,,Aufzeichnen,A,,COM,,WIN,Standard,GuiGuide,
recorder,,Rekorder,,,GEN,N,WIN,Standard,GuiGuide,
recover,,wiederherstellen,,,GEN,V,WIN,Standard,,
redirect,,umleiten,,,GEN,,WIN,Standard,,
redirector,,Redirektor,,,GEN,,WIN,Standard,,
Redo,,Wiederholen,,,COM,,WIN,Standard,,
Redo,,Wiederherstellen,,,GEN,,WIN,Standard,"for ""Undo Undo""",
reduce selection,,Markierung verkleinern,,,GEN,,WIN,Standard,GuiGuide,
refresh,,aktualisieren,,,GEN,,WIN,Standard,,To reenergize. To retrace the screen at frequent intervalls.
registered trademark,,eingetragenes Warenzeichen,,,GEN,,WIN,Standard,,
registration,,Registrierung,,,GEN,N,WIN,Standard,Style Guide,
Registration API,,Registrierungs-API,,,GEN,,WIN,Standard,Style Guide,
registration card,,Registrierkarte,,,GEN,,WIN,Standard,,
reinstall,,neu installieren,,,GEN,,WIN,Standard,,
related topics,,verwandte Themen,,,GEN,N,WIN,Standard,fuer Help,
related topics,,verwandte Themen,,,GEN,,WIN,Standard,"Used in Help cross references in older products. Can still be used, but the preferred cross reference translation is ""siehe auch"".",
relational database,,relationale Datenbank,,,GEN,,WIN,Standard,,
release,,freigeben,,,GEN,V,WIN,Standard,re. software,
release,,Version,,,GEN,N,WIN,Standard,oder in einem Satz umschreiben,A particular version of a software.
release notes,,Anmerkungen zu dieser Version,,,GEN,,WIN,Standard,Duden meeting March 17,
remote,,remote,,,GEN,,WIN,Standard,,
remote,,fern,,,GEN,,WIN,Standard,,
remote access,,Remote-Access,,,GEN,,WIN,Standard,Product name,
remote access,,Fern-Zugriff,,,GEN,,WIN,Standard,,
rename,,umbenennen,,,GEN,V,WIN,Standard,,
Repeat,,Wiederholen,W,,COM,,WIN,Standard,GuiGuide,
repetition,,Wiederholung,,,GEN,,WIN,Standard,,
replace,,ersetzen,,,GEN,,WIN,Standard,,
replace,,neu einlegen,,,GEN,,WIN,Standard,re. disks in a computer,
replace,,einfügen,,,GEN,,WIN,Standard,,
Replace,,Ersetzen,E,,COM,,WIN,Standard,GuiGuide,
Replace All,,Alles ersetzen,S,,DIA,,WIN,Standard,GuiGuide,
Replace With,,Ersetzen durch,D,,DIA,,WIN,Standard,GuiGuide,
report,,Bericht,,,GEN,N,WIN,Standard,,The presentation of information about a given topic.
reset,,zurücksetzen,,,GEN,,WIN,Standard,GuiGuide,
reset,,wiederherstellen,,,GEN,,WIN,Standard,,
resident,,resident,,,GEN,,WIN,Standard,,
resize,,Größe ändern,,,GEN,V,WIN,Standard,GuiGuide,
resolution,,Auflösung,,,GEN,N,WIN,Standard,,
resource,,"Ressource, die (n)",,,GEN,,WIN,Standard,Style Guide,
resources on a server,,Ressourcen auf einem Server,,,GEN,,WIN,Standard,Style Guide,
restore,,wiederherstellen,,,GEN,V,WIN,Standard,GuiGuide,
Restore button,,Wiederherstellen-Schaltfläche,,,GEN,,WIN,Standard,Style Guide,Used this way in the Style Guide. Use this syntax for callouts or when you need to keep it short.
Restore button,,"Schaltfläche ""Wiederherstellen""",,,GEN,,WIN,Standard,GuiGuide,The preferred syntax for body text. Used this way in the GuiGuide.
resume,,fortsetzen,,,GEN,V,WIN,Standard,GuiGuide,
retail box,,Verkaufsverpackung,,,GEN,,WIN,Standard,Duden meeting March 17,
retail version,,Verkaufsversion,,,GEN,,WIN,Standard,Duden meeting March 17,
retrieve,,abrufen; wiederfinden,,,GEN,,WIN,Standard,,To obtain requested data.
retry,,wiederholen,,,GEN,,WIN,Standard,GuiGuide,
RETURN (Mac keyboard),,EINGABETASTE (Zeilenschalter),,,KEY,,WIN,Standard,"Use ""Zeilenschalter"" in parenthesis if you need to distinguish between the ""Enter"" key on the key pad and the ""return"" key on the main keyboard.",on key pad
reverse,,umkehren,,,GEN,V,WIN,Standard,GuiGuide,
reverse,,invertiert,,,GEN,,WIN,Standard,,
Revert,,Wiederherstellen,W,,COM,,WIN,Standard,GuiGuide,
revoke,,aufheben,,,GEN,V,WIN,Standard,Style Guide,
RGB (red-green-blue),,RGB,,,GEN,,WIN,Standard,,"A mixing model, or method of describing colors, used with many color monitors."
Ribbon,,Formatierungsleiste,,,COM,,WIN,Standard,Style Guide,
right aligned,,rechtsbündig,R,,GEN,ADJ,WIN,Standard,GuiGuide,
RIGHT ARROW,,NACH-RECHTS-TASTE,,,KEY,,WIN,Standard,GuiGuide,
right scroll arrow,,Bildlaufpfeil rechts,,,GEN,,WIN,Standard,GuiGuide,
right window border,,rechter Fensterrand,,,GEN,N,WIN,Standard,GuiGuide,
right-justified; do not use,,rechts ausgerichtet,,,GEN,,WIN,Standard,use right-aligned instead.,
Roadmap,,Wegweiser,,,GEN,N,WIN,Standard,re. info sheet in many product packages,
ROM (read-only memory),,"ROM, Nur-Lese-Speicher",,,GEN,N,WIN,Standard,(Read only memory),
root direcoty,,Hauptverzeichnis,,,GEN,N,WIN,Standard,,
rotate,,drehen,,,GEN,V,WIN,Standard,,
row,,Zeile,,,GEN,N,WIN,Standard,,A series of items arranged horizontally within a framework.
RTF (rich-text format),,RTF (rich-text format),,,,,WIN,Standard,,
Ruler,,Lineal,,,COM,,WIN,Standard,GuiGuide,
run,,ausführen,,,GEN,V,WIN,Standard,"can, in some cases, be called ""laufen""",To execute a program.
Run,,Ausführen,,,COM,,WIN,Standard,GuiGuide,
run-time ,,Laufzeit,,,GEN,,WIN,Standard,,Either the time period during which a program is running or the amount of time needed to execute the program.
running head,,Kopfzeile,,,GEN,,WIN,Standard,,
SAA (Systems Application Architecture),,SAA,,,GEN,,WIN,Standard,Trademark of IBM,
SAF (SQL Server Adminstration Facility),,SAF,,,GEN,,WIN,Standard,,
sample,,Muster,,,GEN,,WIN,Standard,GuiGuide,
sample,,Beispiel,,,GEN,,WIN,Standard,,
sans serif font,,serifenlose Schriftart,,,GEN,,WIN,Standard,,
save,,speichern,,,GEN,V,WIN,Standard,,
Save,,Speichern,S,,COM,,WIN,Standard,GuiGuide,
Save All,,Alles speichern,A,,COM,,WIN,Standard,GuiGuide,
Save As,,Speichern unter,U,,COM,,WIN,Standard,GuiGuide,
Save File as Type,,Dateityp,D,,DIA,,WIN,Standard,GuiGuide,
scalable fonts,,skalierbare Schriftarten,,,GEN,N,WIN,Standard,,Any font that can be scaled to produce characters in varying sizes.
scale,,skalieren,,,GEN,V,WIN,Standard,GuiGuide,
scale,,Größe ändern,,,GEN,V,WIN,Standard,GuiGuide,
scale,,Skala,,,GEN,N,WIN,Standard,GuiGuide,"A horizontal or vertical line on a graph that shows minimum, maximum,and interval values for the data plotted."
scale,,Maßstab,,,GEN,N,WIN,Standard,,
scaling,,Skalierung,,,GEN,N,WIN,Standard,GuiGuide,In graphics the process of enlarging or reducing a graphical image.
scan,,durchsuchen,,,GEN,V,WIN,Standard,,
scan,,scannen,,,GEN,V,WIN,Standard,,
scanner,,Scanner,,,GEN,,WIN,Standard,"In some cases can also be called ""Sensor""."
screen,,Bildschirm,,,GEN,N,WIN,Standard,
screen terminology,,Bildschirm-Terminologie,,,GEN,N,WIN,Standard,Style Guide
SCRL (Scroll Lock on),,RF,,,GEN,,WIN,Standard,Status bar abbreviation
scroll,,Bildlauf durchführen,,,GEN,V,WIN,Standard,
scroll arrow,,Bildlaufpfeil,,,GEN,N,WIN,Standard,
scroll bar,,Bildlaufleiste,,,GEN,N,WIN,Standard,
scroll box,,Bildlauffeld,,,GEN,N,WIN,Standard,
SCROLL LOCK,,ROLLEN,,,KEY,,WIN,Standard,
SCROLL LOCK (Mac),,SYST.-ANFR.,,,GEN,,WIN,Standard,
SDK (software deveolpment kit),,SDK (Software Development Kit),,,GEN,,WIN,Standard,
Search,,Suchen,S,,COM,,WIN,Standard,GuiGuide
Search for Help on,,Suchen,,,COM,,WIN,Standard,GuiGuide
search path,,Suchpfad,,,GEN,N,WIN,Standard,
Sec (Section),,Ab,,,GEN,,WIN,Standard,Status bar abbreviation
section,,Abschnitt,L,,GEN,N,WIN,Standard,GuiGuide
see also,,Siehe auch,,,GEN,,WIN,Standard,re. Help
see also,,siehe auch,,,GEN,,WIN,Standard,Used for most or all cross references in Help. This is the new and preferred translation.
select,,aktivieren,,,GEN,V,WIN,Standard,re. a check box
select,,markieren,,,GEN,V,WIN,Standard,re. data/text
select,,wählen,,,GEN,V,WIN,Standard,re. a drop-down menu
select,,auswählen,,,GEN,V,WIN,Standard,re. a list box or option button
selected cell,,markierte Zelle,,,GEN,,WIN,Standard,
selected command,,hervorgehobener Befehl,,,GEN,,WIN,Standard,The command as it appears without any action by the user (Zustand)
selecting a command,,einen Befehl wählen,,,GEN,,WIN,Standard,The action by the user of choosing a command
selecting a dialog box option,,Auswählen einer Dialogfeldoption,,,GEN,,WIN,Standard,Style Guide
selection,,Markierung,M,,GEN,N,WIN,Standard,
selection,,Auswahl,M,,GEN,N,WIN,Standard,
selection cursor,,Auswahlcursor,,,GEN,N,WIN,Standard,
semicolon,,"Semikolon, das (s)",,,GEN,N,WIN,Standard,Style Guide
separator,,Trennzeichen,,,GEN,N,WIN,Standard,
serial communications port,,serielle Schnittstelle,,,GEN,N,WIN,Standard,
serial mouse,,serielle Maus,,,GEN,N,WIN,Standard,
serial printer,,serieller Drucker,,,GEN,N,WIN,Standard,Style Guide
serif,,"Serife, die (n)",,,GEN,N,WIN,Standard,
server,,"Server, der",,,GEN,N,WIN,Standard,
server application,,Serveranwendung,,,GEN,N,WIN,Standard,Style Guide
server setup,,Serverinstallation,,,GEN,,WIN,Standard,Duden meeting Oct. 28
server setup,,Installation auf einem Server,,,GEN,,WIN,Standard,Duden meeting Oct. 28
session,,Arbeitssitzung,,,GEN,N,WIN,Standard,
set,,festlegen,,,GEN,V,WIN,Standard,GuiGuide
Set,,Setzen,,,BUT,,WIN,Standard,
set up,,einrichten,,,GEN,V,WIN,Standard,GuiGuide
set up,,installieren,,,GEN,V,WIN,Standard,
Setup,,Setup-Programm,,,GEN,N,WIN,Standard,"Use either ""das Setup-Programm"" or just ""Setup"".  Avoid using ""Setup"" with an article (i.e. ""das Setup installiert... "")"
Setup disk,,Installationsdiskette,,,GEN,N,WIN,Standard,Style Guide
severe error,,schwerer Fehler,,,GEN,N,WIN,Standard,
share name,,Freigabename,,,GEN,N,WIN,Standard,
shared resource,,gemeinsam genutzte Ressource,,,GEN,,WIN,Standard,"The difference between ""gemeinsam genutzt"" and ""freigegeben"" lies in the perspective of the user. The owner makes the ressource ""frei""; while the others use it (gemeinsam).",
shared resources,,freigegebene Ressourcen,,,GEN,,WIN,Standard,"The difference between ""gemeinsam genutzt"" and ""freigegeben"" lies in the perspective of the user. The owner makes the ressource ""frei""; while the others use it (gemeinsam).",
SHIFT,,UMSCHALTTASTE,,,KEY,,WIN,Standard,GuiGuide,
Short Menus,,Kurze Menüs,M,,COM,,WIN,Standard,GuiGuide,
shortcut,,"Shortcut, der",,,GEN,,WIN,Standard,,
shortcut icon,,Kurzverfahren (Symbol),,,GEN,,WIN,Standard,,
shortcut key,,"Shortcut, der",,,GEN,N,WIN,Standard,"You can use the term ""Tastaturbefehl"" when describing the function of a shortcut on a menu.",
shortcut menu,,Kontextmenü,,,GEN,,WIN,Standard,,The menu that pops up when the user presses the right mouse button anywhere in the application window
side effect,,Seiteneffekt,,,GEN,N,WIN,Standard,,
sidehead,,Marginaltitel,,,GEN,N,WIN,Standard,Style Guide,
sign off,,abmelden,,,GEN,V,WIN,Standard,Style Guide,
sign on,,anmelden,,,GEN,V,WIN,Standard,Style Guide,
signed integer,,ganze Zahl mit Vorzeichen,,,GEN,N,WIN,Standard,for VB and Access,
single quotation mark,,Hochkomma,,,GEN,N,WIN,Standard,"contrast to ""double quote""",
single user,,Einzelbenutzer,,,GEN,N,WIN,Standard,,
Single-Step Procedures,,Einzelschrittverfahren,,,GEN,N,WIN,Standard,Style Guide,
single-user,,Einzelbenutzer-,,,GEN,ADJ,WIN,Standard,
Singular,,Singular,,,GEN,N,WIN,Standard,Style Guide
size,,Größe ändern,,,GEN,V,WIN,Standard,GuiGuide
size,,Größe,,,GEN,N,WIN,Standard,GuiGuide
size,,vergrößern/verkleinern,,,GEN,V,WIN,Standard,GuiGuide
size box,,Größeneinstellungsfeld,,,GEN,N,WIN,Standard,Style Guide
sizing handle,,Ziehpunkt,,,GEN,N,WIN,Standard,GuiGuide
slash,,Schrägstrich,,,GEN,N,WIN,Standard,
slider,,Bildlauffeld,,,GEN,N,WIN,Standard,GuiGuide
slider indicator,,Bildlaufanzeige,,,GEN,N,WIN,Standard,GuiGuide
small capitals,,Kapitälchen ,,,GEN,N,WIN,Standard,GuiGuide
small caps,,Kapitälchen ,,,GEN,N,WIN,Standard,
smart quotes,,typographische Anführungszeichen,,,GEN,N,WIN,Standard,Introduced in Word 6
SNA (systems network architecture),,SNA,,,GEN,N,WIN,Standard,
soft font,,ladbare Schriftart,,,GEN,,WIN,Standard,
soft return,,neue Zeile ,,,GEN,,WIN,Standard,"may need to describe this; ""fängt einen neuen Absatz an..."""
software,,"Software, die",,,GEN,N,WIN,Standard,
sort ,,sortieren,,,GEN,V,WIN,Standard,
sort key,,Sortierschlüssel,,,GEN,N,WIN,Standard,
sorting,,sortieren,,,GEN,V,WIN,Standard,Style Guide
sorting order,,Sortierreihenfolge,,,GEN,N,WIN,Standard,Style Guide
sound,,Klang,,,GEN,N,WIN,Standard,
sound,,Ton,,,GEN,N,WIN,Standard,i.e. the beeping sound of the computer
sound,,Audio-,,,GEN,,WIN,Standard,
sound card,,Audio-Karte,,,GEN,,WIN,Standard,"That is the translation used for Windows Sound systems. In more general context, the term can also be left in English."
sound note,,Audio-Notiz,,,GEN,N,WIN,Standard,
sound recorder,,Klangrecorder,,,GEN,N,WIN,Standard,GuiGuide
source,,Quelle,,,GEN,N,WIN,Standard,Style Guide
source,,Zufuhr,Z,,COM,,WIN,Standard,re. paper source
source application,,Quellanwendung,,,GEN,N,WIN,Standard,GuiGuide
source document,,Quelldokument,,,GEN,N,WIN,Standard,GuiGuide
space,,Leerzeichen,,,GEN,N,WIN,Standard,Style Guide
SPACEBAR,,LEERTASTE,,,KEY,,WIN,Standard,,
special character,,Sonderzeichen,,,GEN,N,WIN,Standard,Style Guide,
speed key; do not use,,Zugriffstaste; Shortcut ,,,KEY,,WIN,Standard,,"Use ""access key"" or ""shortcut key"" instead."
spelling checker ,,Rechtschreibprüfung,,,GEN,N,WIN,Standard,"not ""spell checker""",
spin box,,Drehfeld,,,GEN,N,WIN,Standard,,
Split,,Teilen,T,,COM,,WIN,Standard,GuiGuide,
split,,teilen,,,GEN,V,WIN,Standard,GuiGuide,
split bar,,Fensterteiler,,,GEN,N,WIN,Standard,,
split box,,Teilungsfeld,,,GEN,N,WIN,Standard,,
spooling,,Spool-Vorgang,,,GEN,N,WIN,Standard,,
spreadsheet,,Kalkulationstabelle,,,GEN,N,WIN,Standard,"Use ""worksheet"" (Tabelle)to describe the document produced by a spreadsheet program.",
spreadsheet program,,Tabellenkalkulation,,,GEN,N,WIN,Standard,,
spreadsheet program,,Tabellenkalkulationsprogramm,,,GEN,N,WIN,Standard,,
SQL (Structured Query Language),,SQL (strukturierte Abfrage-Sprache),,,GEN,,WIN,Standard,,
stack,,"Stapel, Stack",,,GEN,,WIN,Standard,,
stand-alone mode,,Einzelplatz,,,GEN,ADJ,WIN,Standard,,
start up,,anfangen,,,GEN,V,WIN,Standard,,
start-up,,Start-...,,,GEN,ADJ,WIN,Standard,,
starting Word from another application,,Word in einer anderen Anwendung starten,,,GEN,,WIN,Standard,,
statement,,Anweisung,,,GEN,N,WIN,Standard,,The smallest executable entity within a programming language.
statement,,Erklärung,,,GEN,N,WIN,Standard,,The smallest executable entity within a programming language.
static,,statisch,,,GEN,,WIN,Standard,Style Guide,
status bar,,Statusleiste,,,GEN,ADJ,WIN,Standard,,
status-bar indicator,,Statusanzeige,,,GEN,,WIN,Standard,GuiGuide,
stop bit,,"Stopbit, das",,,GEN,,WIN,Standard,"Duden-meeting on Sept. 30, 93",
strike; do not use,,drücken,,,GEN,V,WIN,Standard,"Use ""press""or ""type""  instead",
strikethrough,,durchgestrichen,,,GEN,ADJ,WIN,Standard,,
string,,Zeichenfolge,,,GEN,N,WIN,Standard,,
string,,"String, die",,,GEN,N,WIN,Standard,,
style sheet,,Formatvorlage,,,GEN,N,WIN,Standard,,
sub menu; do not use,,Untermenü,,,GEN,,WIN,Standard,"should be ""submenu""",
subcript,,tiefgestellt,,,GEN,,WIN,Standard,,One or more characters printed slightly below the baseline of surrounding text.
subdirectory,,Unterverzeichnis,,,GEN,N,WIN,Standard,Style Guide,
subentry,,Untereintrag,,,GEN,N,WIN,Standard,Style Guide,
subheading,,Unterüberschrift,,,GEN,,WIN,Standard,,
subkey,,Unterschlüssel,,,GEN,N,WIN,Standard,Style Guide,
submenu,,Untermenü,,,GEN,N,WIN,Standard,GuiGuide,
subroutine,,Unterroutine,,,GEN,,WIN,Standard,,"A common term for ""routine"". Often used for shorter, general routines that are likely to be called often."
subsidiary,,Niederlassung,,,GEN,N,WIN,Standard,Style Guide,
supercript,,hochgestellt,,,GEN,,WIN,Standard,,A character printed slightly above the surrounding text.
supplier,,Fachhändler,,,GEN,N,WIN,Standard,Style Guide,
support card,,Serviceleistungen,,,GEN,N,WIN,Standard,"Used in NT; phrase reads: ""Serviceleistungen für Microsoft Windows NT...""",
switch,,wechseln,,,GEN,V,WIN,Standard,GuiGuide,
switch,,umschalten,,,GEN,V,WIN,Standard,GuiGuide,
switch,,Schalter,,,GEN,N,WIN,Standard,,"A circuit element that has two states, on and off. In MS-DOS, an argument used to control the execution of a command or application."
switch,,Parameter,,,GEN,N,WIN,Standard,Used in MS-DOS 6.0. ,"A circuit element that has two states, on and off. In MS-DOS, an argument used to control the execution of a command or application."
switch to,,wechseln zu,,,GEN,V,WIN,Standard,GuiGuide,
SYLK (SYMBOLIC LINK File format),,SYLK,,,GEN,,WIN,Standard,,
syntax,,"Syntax, die",,,GEN,N,WIN,Standard,Style Guide,
SYS RQ (Sys Req key= System Request key),,S-ABF,,,KEY,,WIN,Standard,Don't need to use the word -TASTE here (see Style Guide),
system,,System,,,GEN,N,WIN,Standard,,
system prompt; avoid,,Eingabeaufforderung,,,GEN,N,WIN,Standard,"Use ""command prompt"" in English. Correct preposition in German: ""an"": ""Geben Sie, an der Eingabeaufforderung... ein"".",
TAB,,TAB,,,KEY,,WIN,Standard,Don't need to use the word -TASTE here (see Style Guide),
tab stop,,"Tabstop, der (s)",,,GEN,N,WIN,Standard,,
table,,Tabelle,,,GEN,N,WIN,Standard,Style Guide,
tabs,,Register,,,GEN,,WIN,Standard,"If a distinction is made between the individual tabs and the set of tabs, then the word ""Reiter"" should be used as a translation. ""Register"" refers to the group of tabs.",
TB (terabyte),,"TB (Terabyte, das)",,,GEN,N,WIN,Standard,,
TCP/IP (Transport Control Protocol/Internet Protocol),,TCP/IP,,,GEN,,WIN,Standard,,
Technical Reference,,Technisches Handbuch,,,GEN,,WIN,Standard,As a book/manual title.,
Technical Support,,Microsoft Software Service,,,GEN,,WIN,Standard,Style Guide,
template,,Vorlage,,,GEN,N,WIN,Standard,,A package or a form.
terabyte,,"Terabyte, das (s); TB",,,GEN,N,WIN,Standard,Style Guide,
terminal; do not use,,"Terminal, das",,,GEN,N,WIN,Standard,"Use ""monitor""  or ""workstation""","A device consisting of a video adapter, a monitor and a keyboard."
terminate,,beenden,,,GEN,V,WIN,Standard,,
terminate; do not use,,abbrechen,,,GEN,V,WIN,Standard,"Use ""quit"" or ""close"" instead",
terminology,,Terminologie,,,GEN,N,WIN,Standard,Style Guide,
terminology database,,Terminologie-Datenbank,,,GEN,N,WIN,Standard,Style Guide,
text box,,Textfeld,,,GEN,N,WIN,Standard,GuiGuide/ Style Guide,
text frame,,Textrahmen,,,GEN,N,WIN,Standard,GuiGuide,
third party vendor,,Drittanbieter,,,GEN,N,WIN,Standard,,
This package can be recycled,,Diese Verpackung kann wiederverwertet werden.,,,GEN,,WIN,Standard,Approved translation from Sub.,
TIFF (tagged image file format),,TIFF,,,GEN,,WIN,Standard,,
tilde,,"Tilde, die",,,GEN,,WIN,Standard,,
Tile,,Nebeneinander,N,,COM,,WIN,Standard,A Windows command,
tiled windows,,nebeneinander angeordnete Fenster,,,GEN,,WIN,Standard,In Windows,
time,,Zeitangabe,,,GEN,,WIN,Standard,,
time,,Uhrzeit,,,GEN,,WIN,Standard,,
Times Roman,,Times Roman,,,GEN,,WIN,Standard,"Do not use, unless referring to the trademarked typeface, in which case a notice must appear on the copyright page.",
tip,,Tip,,,GEN,N,WIN,Standard,Style Guide,Used in manuals to alert the reader to some potential problem.
title,,Titel,,,GEN,N,WIN,Standard,Style Guide,
title bar,,Titelleiste,,,GEN,N,WIN,Standard,Style Guide,
toggle,,ein/ausschalten,,,GEN,V,WIN,Standard,,
toggle,,umschalten,,,GEN,V,WIN,Standard,,
tool,,Symbol,,,GEN,N,WIN,Standard,GuiGuide,
tool,,Hilfsmittel,,,GEN,N,WIN,Standard,"for the tools in a toolbox, for example",
Tool Tip,,QuickInfo,,,GEN,,WIN,Standard,"Used in Word and Excel; no space between ""Quick"" and ""Info"".",
toolbar,,Symbolleiste,,,GEN,N,WIN,Standard,,
toolbox,,Werkzeugleiste,,,GEN,N,WIN,Standard,,
toolbox,,Toolbox,,,GEN,N,WIN,Standard,Access,
toolkit,,Werkzeugsammlung,,,GEN,,WIN,Standard,,
Tools,,Extras,X,,MNU,,WIN,Standard,GuiGuide,
top window border,,oberer Fensterrand,,,GEN,N,WIN,Standard,GuiGuide,
tracking,,rückverfolgen,,,GEN,,WIN,Standard,,The act of following a path.
tracking,,überprüfen,,,GEN,,WIN,Standard,,The act of following a path.
trademark,,Warenzeichen,,,GEN,N,WIN,Standard,Style Guide,
transfer,,Übertragung,,,GEN,N,WIN,Standard,,The movement of data from one location to another.
transfer,,übertragen,,,GEN,N,WIN,Standard,,
transmit,,übertragen,,,GEN,,WIN,Standard,,Sending information over a communications line or a circuit.
transmit,,senden,,,GEN,,WIN,Standard,Use for transmitting messages,Sending information over a communications line or a circuit.
transparent,,transparent,,,GEN,,WIN,Standard,,
transparent,,durchsichtig,,,GEN,,WIN,Standard,,
trap,,Auffangroutine,,,GEN,,WIN,Standard,,
trapping,,(Fehler) auffangen,,,GEN,,WIN,Standard,of errors,
"Trash, the",,der Papierkorb,,,GEN,N,WIN,Standard,"Apple Term; the Macintosh icon is called ""the trash"".",
tree structure,,Verzeichnisstruktur,,,GEN,,WIN,Standard,,
troubleshoot,,Problembehandlung,,,GEN,,WIN,Standard,,
truncated,,abgeschnitten,,,GEN,,WIN,Standard,,To cut off the beginning or end or a series of characters or numbers.
TSR (terminate-and-stay-resident),,TSR,,,GEN,,WIN,Standard,,
TTY (teletype/teletypewriter),,TTY,,,GEN,,WIN,Standard,,
Tutorial,,Lernprogramm,P,,COM,N,WIN,Standard,GuiGuide,
twip,,"Twip, das",,,GEN,N,WIN,Standard,A Microsoft term; a measurement for 1/20 of a point,
type,,eingeben,,,GEN,V,WIN,Standard,"do not use ""tippen""; sometimes, in body text, also ""schreiben""",To enter information by means of the keyboard
type size; do not use,,Schriftgrad,,,GEN,N,WIN,Standard,"use ""font size"" in English"
type style,,Schriftstil,,,GEN,N,WIN,Standard,
typeface; Do not use,,Schriftart,,,GEN,N,WIN,Standard,"use ""font"" in English"
typographic conventions,,typographische Vereinbarungen,,,GEN,,WIN,Standard,Style Guide
unavailable command,,nicht verfügbarer Befehl,,,GEN,,WIN,Standard,Style Guide/ Style Gd
UNC (universal naming convention),,UNC,,,GEN,,WIN,Standard,
undelete,,wiederherstellen,,,GEN,,WIN,Standard,Used in DOS 6
underline,,unterstreichen,,,GEN,V,WIN,Standard,
Underline,,Unterstrichen,,,DIA,U,WIN,Standard,GuiGuide
underscore,,Unterstrich,,,GEN,,WIN,Standard,An underline character often used to emphasize a letter or word.
Undo,,Rückgängig,,,COM,R,WIN,Standard,GuiGuide
unfold button,,Erweiterungstaste,,,GEN,N,WIN,Standard,Style Guide
unfreeze,,Fixierung aufheben,,,GEN,V,WIN,Standard,GuiGuide
unhide,,(wieder) einblenden,,,GEN,,WIN,Standard,GuiGuide
unsigned integer,,ganze Zahl ohne Vorzeichen,,,GEN,,WIN,Standard,"For  VB, Access"
Up,,Aufwärts,,,DIA,U,WIN,Standard,GuiGuide
UP ARROW,,NACH-OBEN-TASTE,,,KEY,,WIN,Standard,,
up scroll arrow,,Bildlaufpfeil aufwärts,,,GEN,,WIN,Standard,GuiGuide,
Update,,Aktualisieren,,,COM,,WIN,Standard,GuiGuide,
update,,aktualisieren,,,GEN,V,WIN,Standard,GuiGuide,
update,,"Update, das (s)",,,GEN,N,WIN,Standard,,A new release of an existing software product.
update,,aktualisieren,,,GEN,V,WIN,Standard,,
update,,Update (Software),,,GEN,,WIN,Standard,"Use the term ""update"" for software updates. Use ""upgrade"" if hardware is involved.",
upgrade,,aktualisieren,,,GEN,V,WIN,Standard,,
upgrade,,Update,,,GEN,,WIN,Standard,"Use the term ""Upgrade"" for hardware updates. Use ""Update"" if it refers to software.",
uppercase,,Großbuchstabe,,,GEN,N,WIN,Standard,,
upward compatible,,aufwärtskompatibel,,,GEN,,WIN,Standard,,
use,,verwenden,,,GEN,V,WIN,Standard,Style Guide,
use,,Verwendung,,,GEN,N,WIN,Standard,Style Guide,
user account,,Benutzerkonto,,,GEN,N,WIN,Standard,Style Guide,
user input,,Benutzereingabe,,,GEN,N,WIN,Standard,Style Guide,
user interface,,Benutzeroberfläche,,,GEN,N,WIN,Standard,,
user name,,Benutzername,,,GEN,N,WIN,Standard,,
user-defined,,benutzerdefiniert,,,GEN,ADJ,WIN,Standard,,
user-friendly,,benutzerfreundlich,,,GEN,,WIN,Standard,,
User’s Guide,,Benutzerhandbuch,,,GEN,N,WIN,Standard,As a manual/book title,
User’s Reference,,Zum Nachschlagen,,,GEN,,WIN,Standard,As a manual/book title,
utilitiy,,Dienstprogramm,,,GEN,,WIN,Standard,,
value-added reseller (VAR),,Vertragshändler,,,GEN,N,WIN,Standard,Style Guide,
VAN (value-added network),,VAN,,,GEN,,WIN,Standard,,
VAR (value-added reseller),,VAR,,,GEN,,WIN,Standard,Style Guide,
variable,,"Variable, die",,,GEN,,WIN,Standard,"in Access; , )(gen. dativ: -en)",
VDT (video display terminal),,VDT,,,GEN,,WIN,Standard,,
VDU (video display unit),,VDU,,,GEN,,WIN,Standard,,"same as ""monitor"""
version numbers,,Versionsnummer,,,GEN,N,WIN,Standard,Style Guide,
versus / vs.,,Im Vergleich zu,,,GEN,,WIN,Standard,Style Guide,
vertical scroll bar,,vertikale Bildlaufleiste,,,GEN,N,WIN,Standard,GuiGuide,
vertical split bar,,vertikaler Fensterteiler,,,GEN,N,WIN,Standard,GuiGuide,
VGA (video graphics adapter),,VGA,,,GEN,,WIN,Standard,,
view,,sehen,,,GEN,V,WIN,Standard,Style Guide,
view,,anzeigen,,,GEN,V,WIN,Standard,GuiGuide,
view,,ansehen,,,GEN,V,WIN,Standard,GuiGuide,
View,,Ansicht,A,,COM,,WIN,Standard,GuiGuide,
virtual memory,,virtueller Speicher,,,GEN,,WIN,Standard,,
virus detection,,Viruserkennung,,,GEN,,WIN,Standard,,
volume label,,Datenträgerbezeichnung,,,GEN,,WIN,Standard,,"A name for a disk or tape, usually assigend by the user during formatting; same as ""volume name""."
VRC (vertical redundancy check),,VRC,,,GEN,,WIN,Standard,,
wallpaper,,Hintergrundbild,,,GEN,N,WIN,Standard,GuiGuide,
WAN (wide area network),,WAN,,,GEN,,WIN,Standard,,
warm boot,,Warmstart,,,GEN,,WIN,Standard,,A systerm restart that does not involve turning on the power.
warning,,Achtung,,,GEN,N,WIN,Standard,Style Guide,Used in manuals to alert the reader to some potential problem.
warning message,,Warnmeldung,,,GEN,N,WIN,Standard,GuiGuide,
warning message,,Warnung,,,GEN,N,WIN,Standard,,
white space,,Leerraum,,,GEN,N,WIN,Standard,,
widow,,alleinstehende Absatzzeile,,,GEN,,WIN,Standard,"offizieller Druckerbegriff: ""Hurenkind"". Umschreiben!"
wildcard,,Platzhalter,,,GEN,N,WIN,Standard,
wildcard character; do not use,,Platzhalter,,,GEN,,WIN,Standard,
Window,,Fenster,F,,MNU,,WIN,Standard,GuiGuide
window background,,Fensterhintergrund,,,GEN,N,WIN,Standard,GuiGuide
window border,,Fensterrand,,,GEN,N,WIN,Standard,GuiGuide
window corner,,Fensterecke ,,,GEN,N,WIN,Standard,GuiGuide
window frame,,Fensterrahmen,,,GEN,N,WIN,Standard,GuiGuide
window size,,Fenstergröße,,,GEN,N,WIN,Standard,GuiGuide
window title,,Fenstertitel,,,GEN,N,WIN,Standard,GuiGuide
Windows Setup,,Windows-Setup,,,GEN,N,WIN,Standard,GuiGuide
Wizard,,Assistent,,,GEN,,WIN,Standard,
word processing,,Textverarbeitung,,,GEN,N,WIN,Standard,
word processor,,Textverarbeitungsprogramm,,,GEN,N,WIN,Standard,
wordwrap,,Textumbruch,,,GEN,N,WIN,Standard,
workgroup,,Arbeitsgruppe,,,GEN,N,WIN,Standard,Style Guide
workgroup application,,Arbeitsgruppen-Anwendung,,,GEN,N,WIN,Standard,"Do not use ""groupware"".",
working directory,,Arbeitsverzeichnis,,,GEN,N,WIN,Standard,,
worksheet,,Tabelle,,,GEN,,WIN,Standard,,
workshop,,"Workshop, der (s)",,,GEN,N,WIN,Standard,,
workspace,,Arbeitsbereich,,,GEN,N,WIN,Standard,Style Guide,
workstation,,Arbeitsstation,,,GEN,N,WIN,Standard,Style Guide,
workstation setup,,Installation auf einer Arbeitsstation,,,GEN,,WIN,Standard,Duden meeting Oct. 28,
"WORM (write once, read many)",,WORM,,,GEN,,WIN,Standard,,A type of optical disc that can be read and reread but not be altered after it has been recorded.
write-only,,Nur-Schreibzugriff,,,GEN,,WIN,Standard,,
write-only,,lesegeschützt,,,GEN,,WIN,Standard,,
write-protected,,Nur-Lesezugriff,,,GEN,,WIN,Standard,,
write-protected,,schreibgeschützt,,,GEN,,WIN,Standard,,
WYSIWYG (what you see is what you get),,"WYSIWYG (was Sie sehen, wird gedruckt)",,,GEN,,WIN,Standard,,
XMS (extended memory specification),,XMS,,,GEN,,WIN,Standard,,
ZIP code,,Postleitzahl,,,GEN,,WIN,Standard,,
Zoom,,Zoom,Z,,COM,,WIN,Standard,GuiGuide,
zoom box,,Erweiterungsfeld,,,GEN,N,WIN,Standard,Style Guide
zoom in,,vergrößern,,,GEN,V,WIN,Standard,GuiGuide
zoom out,,verkleinern,,,GEN,V,WIN,Standard,GuiGuide
