abbreviation,,abreviatura,,GEN,,WIN,Standard
About,,Acerca de,,COM,,WIN,Standard
access key,,tecla de acceso,,GEN,,WIN,Standard
accessories,,accesorios,,GEN,,WIN,Standard
acronym,,acrónimo,,GEN,,WIN,Standard
active window,,ventana activa,,GEN,,WIN,Standard
add,,agregar,,GEN,,WIN,Standard
add-in,,macro automática,,GEN,,WIN,Standard
add-on,,complemento,,GEN,,WIN,Standard
administer,,administrar,,GEN,,WIN,Standard
administrator,,administrador,,GEN,,WIN,Standard
Administrator’s Guide,,Manual del administrador,,GEN,,WIN,Standard
Administrator’s Reference,,Referencia del administrador,,GEN,,WIN,Standard
alias,,alias,,GEN,,WIN,Standard
Alignment,,alineación,,DIA,,WIN,Standard
All,,Todo,,DIA,,WIN,Standard
alphabetizing,,alfabetización,,GEN,,WIN,Standard
ALT,,ALT,,KEY,,WIN,Standard
ALT GR,,ALT GR,,KEY,,WIN,Standard
Always on Top,,Siempre visible,,COM,,WIN,Standard
annotate,,anotar,,COM,,WIN,Standard
API (Application Program Interface),,Interfaz de programa de aplicación,,GEN,,WIN,Standard
apostrophe,,apóstrofo,,GEN,,WIN,Standard
apple menu,,menú Apple,,GEN,,WIN,Standard
application,,aplicación,,GEN,,WIN,Standard
application control menu,,menú de control de la aplicación,,GEN,,WIN,Standard
application icon,,icono de la aplicación,,GEN,,WIN,Standard
application window,,ventana de la aplicación,,GEN,,WIN,Standard
apply,,aplicar,,GEN,,WIN,Standard
argument,,argumento,,GEN,,WIN,Standard
arrange,,organizar,,GEN,,WIN,Standard
Arrange All,,Organizar todo,,COM,,WIN,Standard
arrow,,flecha,,GEN,,WIN,Standard,,
Arrow Keys,,Teclas de dirección,,KEY,,WIN,Standard,,
art,,arte,,GEN,,WIN,Standard,,
article,,artículo,,GEN,,WIN,Standard,,
assigning a device name,,asignación de un nombre de dispositivo,,GEN,,WIN,Standard,,
automatic link,,vínculo automático,,GEN,,WIN,Standard,,
autoscroll,,desplazamiento automático,,GEN,,WIN,Standard,,
Back,,Atrás,Z,COM,,WIN,Standard,,
back up,,hacer una copia de seguridad,,GEN,V,WIN,Standard,,To make a backup copy.
back-up copy,,copia de seguridad,,GEN,N,WIN,Standard,,"A duplicate copy of a program, disk or data."
backslash,,barra inversa,,GEN,N,WIN,Standard,,barra diagonal inversa
BACKSPACE ,,RETROCESO  ,,KEY,,WIN,Standard,,(RETR)
backup,,copia de seguridad,,GEN,N,WIN,Standard,,"A duplicate copy of a program, disk or data."
backward compatible,,compatible con lo anterior,,GEN,,WIN,Standard,,
bar,,barra,,GEN,N,WIN,Standard,,A part of the interface that contains buttons or symbols that the user can manipulate.
bar code,,código de barras,,GEN,N,WIN,Standard,,"The special identification code printed as a set of vertical bars of differning widths on books, groceries and other products. "
BBS,,servicio de boletines electrónicos,,GEN ,,WIN,Standard,,
bit,,bit,,GEN,N,WIN,Standard,,"Short for ""binary digit""; either 1 or 0 in the binary number system."
bitmap,,mapa de bits,,GEN,N,WIN,Standard,,
black-and-white,,blanco y negro,,GEN,ADJ,WIN,Standard,,
blank line,,línea en blanco,,GEN,N,WIN,Standard,,
blank space,,espacio en blanco,,GEN,N,WIN,Standard,,
blocking,,creación de bloques,,GEN,V,WIN,Standard,,In data storage
blocking,,bloqueo,,GEN ,,WIN,Standard,,In communications
bold,,negrita,,GEN,ADJ,WIN,Standard,,
book titles,,títulos de libros ,,GEN,N,WIN,Standard,,
Bookmark,,Marca-texto,T,COM,,WIN,Standard,,
bookmark,,marcador,,GEN,N,WIN,Standard,,
Boolean,,booleano,,GEN,ADJ,WIN,Standard,,
border,,borde,,GEN,N,WIN,Standard,,
bottom window border,,borde inferior de la ventana,,GEN,N,WIN,Standard,,
branching within procedures,,"bifurcación, ramificación",,GEN,,WIN,Standard,,"bifurcación, when talking about two possibilities; ramificación, when there are more than two options"
BREAK,,INTERRUMPIR  (INTER),,KEY,,WIN,Standard,, (INTER)
broken link,,vínculo roto ,,GEN,,WIN,Standard,,
browse,,examinar,,GEN,V,WIN,Standard,,To scan a database or list of files 
buffer,,búfer,,GEN,N,WIN,Standard,,Plural: búferes
built-in,,incorporado,,GEN,ADJ,WIN,Standard,,
busy,,ocupado,,GEN,ADJ,WIN,Standard,,
button,,botón,,GEN,N,WIN,Standard,,
byte,,byte,,GEN,N,WIN,Standard,,"A unit of information, consisting of 8 bits."
Calculator,,Calculadora,,GEN,N,WIN,Standard,,
Calendar,,Calendario,,GEN,N,WIN,Standard,,
callback function,,función de repetición de llamada,,GEN,N,WIN,Standard,,
callout,,pie de gráfico,,GEN,N,WIN,Standard,,If located down to the graphic
callout,,llamada,,GEN,N,WIN,Standard,,Located not down to the graphic
cancel,,cancelar,,GEN,V,WIN,Standard,,
cancel box,,cuadro de cancelación,,GEN,,WIN,Standard,,It's a box located in the Formula Bar with a red X in it
capitalization,,uso de mayúsculas,,GEN,N,WIN,Standard,,
CAPS LOCK,,BLOQ MAYÚS,,KEY,,WIN,Standard,,
Caption,,Título,,GEN,,WIN,Standard,,
Cardfile,,Fichero,,COM,,WIN,Standard,,
caret,,símbolo de intercalación,,GEN,,WIN,Standard,, (^)
carriage return,,retorno de carro,,GEN,,WIN,Standard,,
carry out,,ejecutar,,GEN,,WIN,Standard,,[(una acción]
Cascade,,Cascada,L,COM,,WIN,Standard,,
cascading menu,,menú en cascada,,GEN,,WIN,Standard,,
cascading windows,,ventanas en cascada,,GEN,,WIN,Standard,,
case sensitive,,distinguir mayúsculas de minúsculas,,GEN,,WIN,Standard,,
caution,,precaución ,,GEN,,WIN,Standard,,"A warning message in manuals or software, that start with ""Caution""."
CBT (Computer-based tutorial),,Tutorial,,GEN,,WIN,Standard,,
CD-ROM (Compact disc read-only memory),,CD-ROM (disco compacto de memoria de sólo lectura),,GEN,,WIN,Standard,,
CD-ROM drive,,unidad de CD-ROM,,GEN,,WIN,Standard,,
cell,,celda,,GEN,,WIN,Standard,,In spreadsheets the intersection of a row and a column.
centered,,centrado,,GEN,ADJ,WIN,Standard,,
CGA (color graphics adapter),,adaptador de gráficos en color (CGA),,GEN,,WIN,Standard,,
change,,cambiar,,GEN,V,WIN,Standard,,
chapter titles,,títulos de capítulos,,GEN,N,WIN,Standard,,
character,,carácter,,GEN,N,WIN,Standard,,
character map,,mapa de caracteres,,GEN,N,WIN,Standard,,
character set,,juego de caracteres,,GEN,N,WIN,Standard,,
chart,,"gráfico, diagrama",,GEN,N,WIN,Standard,,"Use diagrama when conflicting with ""graphic"""
chart wizard,,Asistente para gráficos,,GEN,N,WIN,Standard,,
check,,comprobar,,GEN,V,WIN,Standard,,"Don't use verificar (verify), unless for checking if something is true of false. "
check,,activar,,GEN,V,WIN,Standard,,Referred to boxes
check box,,casilla de verificación,,GEN,N,WIN,Standard,,
check mark,,marca de verificación,,GEN,N,WIN,Standard,,
checked command,,comando activado,,GEN,,WIN,Standard,,
chevrons,,comillas angulares ,,GEN,N,WIN,Standard,,
child,,hijo,,GEN,,WIN,Standard,,
choose,,elegir,,GEN,V,WIN,Standard,,
choosing a command,,elegir un comando,,GEN,,WIN,Standard,,
choosing icons,,eligir iconos,,GEN,,WIN,Standard,,
class,,clase,,GEN,N,WIN,Standard,,
Clear,,Borrar,L,COM,,WIN,Standard,,
clear,,borrar,,GEN,V,WIN,Standard,,
CLEAR,,BORRAR,,KEY,,WIN,Standard,,
Clear All,,Borrar todo,A,COM,,WIN,Standard,,
click,,hacer clic,,GEN,V,WIN,Standard,,
client,,cliente,,GEN,N,WIN,Standard,,
client application,,aplicación cliente,,GEN,,WIN,Standard,,In OLE
Clipboard,,Portapapeles,,GEN,N,WIN,Standard,,
Clipboard Viewer,,Visor del Portapapeles,,GEN,N,WIN,Standard,,
clock,,reloj,,GEN,N,WIN,Standard,,
Close,,Cerrar,L,COM,,WIN,Standard,,
close,,cerrar,,GEN,V,WIN,Standard,,
Close All,,Cerrar todo,A,COM,,WIN,Standard,,
close box,,cuadro de cierre,,GEN,N,WIN,Standard,,
code,,código,,GEN,N,WIN,Standard,,
code page,,página de códigos,,GEN ,,WIN,Standard,,
COL (Column),,COL (Columna),,GEN,,WIN,Standard,,
cold boot,,inicialización en frío,,GEN,N,WIN,Standard,,A startup process that begins with turning on the computer's power.
cold boot,,iniciación en frío,,GEN ,,WIN,Standard,,
collapse,,contraer,,GEN,V,WIN,Standard,,
Collate copies,,Intercalar copias,t,COM,,WIN,Standard,,
colon,,dos puntos,,GEN,N,WIN,Standard,,
color monitor,,monitor en color,,GEN,N,WIN,Standard,,
column,,columna,,GEN,N,WIN,Standard,,A series of items arranged vertically in some type of framework.
COM,,COM,,GEN,,WIN,Standard,,Logical device name for communications.
combo box,,cuadro combinado,,GEN,N,WIN,Standard,,
comma,,coma,,GEN,N,WIN,Standard,,
command,,comando,,GEN,N,WIN,Standard,,
COMMAND,,COMANDO,,KEY,,WIN,Standard,,
command and menu names in text,,nombres de comandos y menús en el texto,,GEN,,WIN,Standard,,
command button,,botón de comando,,GEN,N,WIN,Standard,,
command line,,línea de comandos,,GEN,N,WIN,Standard,,
command prompt,,símbolo del sistema,,GEN,N,WIN,Standard,,
command separator,,separador de comandos,,GEN,N,WIN,Standard,,
command-line syntax,,sintaxis de la línea de comandos,,GEN,N,WIN,Standard,,
communication device,,dispositivo de comunicación,,GEN,N,WIN,Standard,,
communication request,,petición de comunicación,,GEN,N,WIN,Standard,,
communication-device queue,,cola de dispositivo de comunicación,,GEN,N,WIN,Standard,,
company,,empresa,,GEN ,N,WIN,Standard,,
compatibility,,compatibilidad,,GEN,N,WIN,Standard,,
compatible,,compatible,,GEN,ADJ,WIN,Standard,,
compile,,compilar,,GEN,V,WIN,Standard,,
compile time,,tiempo de compilación,,GEN,N,WIN,Standard,,Compilación 
compiler,,compilador,,GEN,N,WIN,Standard,,
complete installation,,instalación completa,,GEN,N,WIN,Standard,,
comprehensive index,,índice general,,GEN,N,WIN,Standard,,
configuration,,configuración,,GEN,N,WIN,Standard,,
connect to a server,,conectarse a un servidor,,GEN,,WIN,Standard,,
connect your workstation,,conectar su estación de trabajo,,GEN,,WIN,Standard,,
container,,contenedor,,GEN,N,WIN,Standard,,
container application,,aplicación contenedora,,GEN,,WIN,Standard,,
container document,,documento contenedor,,GEN,,WIN,Standard,,
content,,contenido,,GEN,N,WIN,Standard,,
Contents,,Contenido,I,COM,,WIN,Standard,,
context-sensitive help,,ayuda interactiva,,GEN,,WIN,Standard,,
contiguous,,contiguo,,GEN,ADJ,WIN,Standard,,Having a shared boundary
control menu,,menú Control,,GEN,N,WIN,Standard,,
Control Panel,,Panel de control,,GEN,N,WIN,Standard,,
control-menu box,,cuadro del menú Control,,GEN,N,WIN,Standard,,
convention,,convención,,GEN,N,WIN,Standard,,
conventional memory,,memoria convencional,,GEN,N,WIN,Standard,,
conversion,,conversión,,GEN,N,WIN,Standard,,
Conversion Guide,,Guía de conversiones,,GEN,,WIN,Standard,,
converter,,convertidor,,GEN,,WIN,Standard,,
Copies,,Copias,K,COM,,WIN,Standard,,
coprocessor,,coprocesador,,GEN,N,WIN,Standard,,
copy,,copia,,GEN,N,WIN,Standard,,
copy,,copiar,,GEN,V,WIN,Standard,,
copy files over the network,,copiar archivos a través de la red,,TXT,,WIN,Standard,,
Copy Special,,Copiado especial,I,COM,,WIN,Standard,,
Copyright,,Copyright,,GEN,,WIN,Standard,,
copyright,,propiedad intelectual,,GEN,,WIN,Standard,,Translated in general text
CPU (central processing unit),,CPU (unidad central de proceso),,GEN,,WIN,Standard,,
CR (carriage return),,retorno de carro,,GEN,N,WIN,Standard,,
create,,crear,,GEN,V,WIN,Standard,,
critical error,,error crítico,,GEN,N,WIN,Standard,,
crop,,recortar,,GEN,V,WIN,Standard,,
crop,,recorte,,GEN,N,WIN,Standard,,
crop mark,,marca de recorte,,GEN,N,WIN,Standard,,
cross-hair pointer,,puntero en forma de cruz,,GEN,N,WIN,Standard,,
cross-reference,,referencias cruzadas,,GEN,N,WIN,Standard,,
cross-references to art,,referencias cruzadas a arte,,GEN,,WIN,Standard,,
CTRL,,CTRL  CONTROL,,KEY,,WIN,Standard,,CTRL (PCs)  /  CONTROL (Macs)
CUA (common user access),,acceso de usuario normal (CUA),,GEN,,WIN,Standard,,
current drive,,unidad actual,,GEN,N,WIN,Standard,,
custom installation,,instalación personalizada,,GEN,N,WIN,Standard,,
customer assistance,,asistencia al cliente,,GEN,,WIN,Standard,,
Customize,,Personalizar,E,COM,,WIN,Standard,,
customized,,personalizado,,GEN,,WIN,Standard,,
Cut,,Cortar,A,COM,,WIN,Standard,,
cut,,cortar,,GEN,V,WIN,Standard,,
daisy-wheel printers,,impresora de margarita,,GEN,N,WIN,Standard,,
DAT (digital audio tape),,cinta de audio digital  (DAT),,GEN,,WIN,Standard,,
data,,datos,,GEN,N,WIN,Standard,,
data processing,,procesamiento de datos,,GEN,N,WIN,Standard,,
database management system,,sistema de administración de base de datos,,GEN,,WIN,Standard,,
DB (database),,base de datos (BD),,GEN,,WIN,Standard,,
dB (decibel),,dB (decibelios),,GEN,,WIN,Standard,,A unit of measurement used in electronics.
DBMS (database management system),,sistema de administración de base de datos (DBMS ),,GEN,,WIN,Standard,,The acronym SGBD is not common out of Spain
DDE (dynamic data exchange),,intecambio dinámico de datos (DDE),,GEN,,WIN,Standard,,
deallocate,,liberar,,GEN,,WIN,Standard,,To reclaim or free previously allocated memory.
deallocate,,desasignar,,GEN,,WIN,Standard,,
debug,,depurar,,GEN,,WIN,Standard,,"To detect, locate and correct logical or syntactical errors in a computer program."
decompress,,expandir,,GEN,V,WIN,Standard,,
decompress,,descomprimir,,GEN,V,WIN,Standard,,
default,,predeterminado,,GEN,N,WIN,Standard,,
define,,definir,,GEN,V,WIN,Standard,,
deinstall,,desinstalar,,GEN,,WIN,Standard,,
DEL,,SUPR,,KEY,,WIN,Standard,,Meaning Suprimir
delete,,eliminar,,GEN,,WIN,Standard,,
DELETE,,SUPRIMIR,,KEY,,WIN,Standard,,
demi-bold,,seminegrita,,GEN,ADJ,WIN,Standard,,
demo,,demostración,,GEN,N,WIN,Standard,,It's acceptable demo if there are space problems
descender,,trazo bajo,,GEN,N,WIN,Standard,,[de letra]
deselect,,deseleccionar,,GEN,V,WIN,Standard,,
deselect,,anular la selección,,GEN,V,WIN,Standard,,
desktop,,escritorio,,GEN,N,WIN,Standard,,
destination,,destino,,GEN,N,WIN,Standard,,
destination application,,aplicación de destino,,GEN,N,WIN,Standard,,
destination document,,documento de destino,,GEN,N,WIN,Standard,,
device,,dispositivo,,GEN,N,WIN,Standard,,
device driver,,controlador de dispositivo,,GEN,N,WIN,Standard,,
diacritical mark,,marca diacrítica,,GEN,N,WIN,Standard,,"An accent mark above, below or through a written charachter, such as acute or accent grave."
dialog box,,cuadro de diálogo,,GEN,N,WIN,Standard,,
dialog box option ,,opción del cuadro de diálogo,,GEN,N,WIN,Standard,,
dialog box title,,título del cuadro de diálogo,,GEN,N,WIN,Standard,,
DIF (data interchange format),,formato de intercambio de datos (DIF),,GEN,,WIN,Standard,,
DIP switch,,interruptor DIP,,GEN,,WIN,Standard,,microinterruptor
direct access,,acceso directo,,GEN,,WIN,Standard,,
Direction,,Dirección,,DIA,N,WIN,Standard,,
direction,,dirección,,GEN,N,WIN,Standard,,
Directories,,Directorios,V,DIA,,WIN,Standard,,
directory,,directorio,,GEN,N,WIN,Standard,,
directory icon,,icono de directorio,,GEN,N,WIN,Standard,,
directory name,,nombre de directorio,,GEN,N,WIN,Standard,,
disable,,desactivar,,GEN,V,WIN,Standard,,
disc,,disco,,GEN,N,WIN,Standard,,"A flat, nonmagnetic metal disk to be read from and written to by optical (laser) technology."
disjunction,,disyunción,,GEN,,WIN,Standard,,
disk,,disco,,GEN,N,WIN,Standard,,
Disk 1,,Disco 1,,GEN,N,WIN,Standard,,
disk cache,,caché de disco,,GEN,N,WIN,Standard,,
disk directory,,directorio de disco,,GEN,N,WIN,Standard
disk drive,,unidad de disco,,GEN,N,WIN,Standard
disk icon,,icono de disco,,GEN,N,WIN,Standard
disk images,,imágenes o duplicados de disco,,GEN,N,WIN,Standard
display,,presentar,,GEN,V,WIN,Standard
display,,visualización,,GEN,N,WIN,Standard
DLL (dynamic-link library),,biblioteca de vínculos dinámicos (DLL),,GEN,,WIN,Standard
document,,documento,,GEN,N,WIN,Standard
document control menu box,,cuadro del menú Control del documento,,GEN,N,WIN,Standard
document icon,,icono del documento,,GEN,N,WIN,Standard
document window,,ventana del documento,,GEN,N,WIN,Standard
domain,,dominio,,GEN,N,WIN,Standard
DOS (disk operating system),,DOS (sistema operativo de disco),,GEN,N,WIN,Standard
dot-matrix character,,caracter matricial,,GEN,N,WIN,Standard
Double Underline,,Subrayado doble,D,DIA,,WIN,Standard
double-click,,hacer doble clic,,GEN,V,WIN,Standard
double-density disk,,disco de doble densidad,,GEN,,WIN,Standard,,A disk created to hold data at twice the density (bits per inch) of previous disks.
double-sided disk,,disco de doble cara,,GEN,,WIN,Standard,,A floppy disk that can hold data on both its top and bottom surfaces.
Down,,Abajo,B,DIA,,WIN,Standard,,
DOWN ARROW,,FLECHA ABAJO,,KEY,,WIN,Standard,,
down scroll arrow,,flecha de desplazamiento hacia abajo,,GEN,N,WIN,Standard,,
draft output,,calidad de borrador,,GEN,N,WIN,Standard,,Or just borrador
drag,,arrastrar,,GEN,V,WIN,Standard,,
Drag and Drop,,arrastrar y colocar,,GEN,N,WIN,Standard,,
drive,,unidad de disco,,GEN,N,WIN,Standard,,
drive A,,unidad A,,GEN,N,WIN,Standard,,
drive door,,puerta de la unidad  de disco,,GEN,N,WIN,Standard,,
drive icon,,icono de la unidad de disco ,,GEN,N,WIN,Standard,,
drive name,,nombre de la unidad de disco ,,GEN,,WIN,Standard,,
driver,,controlador,,GEN,N,WIN,Standard,,
Drives,,Unidades,L,DIA,,WIN,Standard,,
drop,,desplegar,,GEN,V,WIN,Standard,,
drop-down arrow,,flecha de lista desplegable,,GEN,N,WIN,Standard,,
drop-down combo box,,cuadro combinado desplegable,,GEN,N,WIN,Standard,,
drop-down list box,,cuadro de lista desplegable,,GEN,N,WIN,Standard,,
drop-down menu,,menú desplegable,,GEN,N,WIN,Standard,,A type of menu that drops from the menu bar and remains open.
Dynamic Data Exchange (DDE),,intercambio dinámico de datos (DDE),,GEN,N,WIN,Standard,,
e-form,,formulario electrónico,,GEN,N,WIN,Standard,,
e-mail,,correo electrónico,,GEN,N,WIN,Standard,,
earlier in this chapter,,anteriormente en este capítulo,,GEN,,WIN,Standard,,
ECMA (European Computer Manufacturers Association),,Asociación europea de fabricantes de informática,,GEN,,WIN,Standard,,
ECS (European Comminication Satellite System),,Sistema europeo de satélites de comunicaciones,,GEN,,WIN,Standard,,
Edit,,Edición,B,MNU,,WIN,Standard,,
EGA (enhanced graphics adapter),,adaptador de gráficos mejorado  (EGA),,GEN,N,WIN,Standard,,
EIA (Electronics Industries Association),,Asociación de industrias de electrónica (EIA),,GEN,,WIN,Standard,,
EISA (Extended Industry Standard Architecture),,arquitectura EISA,,GEN,,WIN,Standard,,
electronic mail,,correo electrónico ,,GEN,N,WIN,Standard,,
ellipsis,,puntos suspensivos,,GEN,N,WIN,Standard,, (...)
em dash,,guión largo ,,GEN,N,WIN,Standard,,"A punctuation mark, about the length of an M."
em space,,espacio largo 'm' ,,GEN,N,WIN,Standard,,"A space, about the length of an M."
embed,,incrustar,,GEN,V,WIN,Standard,,
embedded object,,objeto incrustado,,GEN,,WIN,Standard,,
EMM (expanded memory manager),,administrador de memoria expandida (EMM),,GEN,,WIN,Standard,,
en dash,,guión corto,,GEN,N,WIN,Standard,,"A punctuation mark, about the length of an N."
END,,FIN,,KEY,,WIN,Standard,,
end mark,,marca de fin ,,GEN,,WIN,Standard,,
engine,,procesador,,GEN,,WIN,Standard,,
engine,,máquina,,GEN,,WIN,Standard,,Máquina de datos o de gráficos. It's soft that runs a routine function.
enhanced,,ampliado,,GEN,ADJ,WIN,Standard,,[teclado] 
enter,,introducir ,,GEN,V,WIN,Standard,,
ENTER (Mac/PC keypad),,INTRO,,KEY,,WIN,Standard,,
ENTER (Mac/PC),,ENTRAR,,KEY,,WIN,Standard,,
enter box,,cuadro de introducción,,GEN,,WIN,Standard,,It's a box located in the Formula Bar with a green V-shapped sign in it
entry,,entrada,,GEN,N,WIN,Standard,,
entry,,elemento,,GEN,N,WIN,Standard,,
entry bar,,barra de entrada ,,GEN,N,WIN,Standard,,The bar below the tool bar that displays the content of a cell or line. Used mainly in spreadsheets.
EPS (encapsulated PostScript),,EPS (PostScript encapsulado),,GEN,,WIN,Standard,,
error,,error,,GEN,N,WIN,Standard,,
error handling,,manejo de errores ,,GEN,N,WIN,Standard,,
error log,,registro de errores,,GEN,N,WIN,Standard,,
error message,,mensaje de error,,GEN,N,WIN,Standard,,
ESC,,ESC,,KEY,,WIN,Standard,,
European subsidiaries,,subsidiarias europeas,,GEN,,WIN,Standard,,
Exit,,Salir,B,COM,,WIN,Standard,,
Exit and Return to,,Salir y volver a ,B,COM,,WIN,Standard,,
expand,,expandir,,GEN,V,WIN,Standard,,
expanded memory,,memoria expandida,,GEN,N,WIN,Standard,,
EXT (extended selection),,EXT (selección extendida),,GEN,,WIN,Standard,,
extend selection,,extender selección,,GEN,N,WIN,Standard,,
Extended Industry Standard Architecture,,arquitectura EISA,,GEN,,WIN,Standard,,
extended memory,,memoria extendida,,GEN,N,WIN,Standard,,
extension,,extensión,,GEN,N,WIN,Standard,,
F1 - F12,,F1 - F12  ,,GEN,,WIN,Standard,,
facsimile,,facsímil ,,GEN,N,WIN,Standard,,
FAT( File Allocation Table),,tabla de asignación de archivos (FAT),,GEN,,WIN,Standard,,
fatal error,,error fatal,,GEN,N,WIN,Standard,,
fax,,fax,,GEN,N,WIN,Standard,,
feature,,prestación,,GEN,N,WIN,Standard,,
field,,campo,,GEN,N,WIN,Standard,,A location in a record.
file,,archivo,,GEN,N,WIN,Standard,,
File,,Archivo,D,MNU,,WIN,Standard,,
file converter,,convertidor de archivos,,GEN,N,WIN,Standard,,
file extension,,extensión de archivo,,GEN,N,WIN,Standard,,
file format,,formato de archivo,,GEN,N,WIN,Standard,,
file handle,,controlador de archivos,,GEN,N,WIN,Standard,,"In MS-DOS and OS/2 a ""token"" that the system uses to refer to an open file."
File Manager,,Administrador de archivos,,GEN,N,WIN,Standard,,
file mode,,modo de acceso a archivo,,GEN,N,WIN,Standard,,
File Name,,Nombre de archivo,N,DIA,,WIN,Standard,,
file type,,tipo de archivo,,GEN,,WIN,Standard,,
filename,,nombredearchivo,,GEN,N,WIN,Standard,,Parameter. Also nombreDeArchivo
filename extension,,extensión del nombre del archivo,,GEN,,WIN,Standard,,
filter,,filtro,,GEN,N,WIN,Standard,,
Find,,Buscar,S,COM,,WIN,Standard,,
Find Next,,Buscar siguiente,w,DIA,,WIN,Standard,,
Find What,,Buscar,n,DIA,,WIN,Standard,,
floppy disk,,disquete,,GEN,,WIN,Standard,,
folder,,carpeta,,GEN,,WIN,Standard,,
following,,siguiente ,,GEN,,WIN,Standard,,
font,,fuente,,GEN,N,WIN,Standard,,Fem
Font Size,,Tamaño de fuente,,DIA,N,WIN,Standard,,
font size,,tamaño de fuente,,GEN,N,WIN,Standard,,
font style,,estilo de fuente,,GEN,N,WIN,Standard,,
form letter,,carta modelo,,GEN,N,WIN,Standard,,
format,,dar  formato,,GEN,V,WIN,Standard,,
Format,,Formato,T,MNU,,WIN,Standard,,
formula,,fórmula,,GEN,N,WIN,Standard,,
formula bar,,barra de fórmulas,,GEN,N,WIN,Standard,,The bar below the tool bar that displays the content of a cell or line. Used mainly in spreadsheets.
fraction,,fracción,,GEN,N,WIN,Standard,,
frame,,marco,,GEN,N,WIN,Standard,,
freeze,,inmovilizar,,GEN,V,WIN,Standard,,
Freeze Panes,,Inmovilizar secciones,F,COM,,WIN,Standard,,
From ,,"De, desde",V,DIA,,WIN,Standard,,
Full Menus,,Menús completos,M,COM,,WIN,Standard,,
function,,función,,GEN,N,WIN,Standard,,
function key,,tecla de función,,GEN,N,WIN,Standard,,
gallery,,galería,,GEN,N,WIN,Standard,,
game,,juego,,GEN,N,WIN,Standard,,
gateway,,puerta de enlace,,GEN,N,WIN,Standard,,
GB (gigabyte),,GB (gigabyte),,GEN,N,WIN,Standard,,
genitive ending,,terminación de genitivo,,GEN,N,WIN,Standard,,
Getting Started,,Introducción,,GEN,,WIN,Standard,,
Gigabyte,,gigabyte ,,GEN,N,WIN,Standard,,
global,,global,,GEN ,ADJ,WIN,Standard,,
glossary,,glosario,,GEN,N,WIN,Standard,,
Go To,,Ir a,G,COM,,WIN,Standard,,
Goto/Gosub button,,"botón ""Ir a, Ir a sub"" ",,GEN,,WIN,Standard,,
graph,,gráfico,,GEN,N,WIN,Standard,,
graphic,,gráfico,,GEN,ADJ,WIN,Standard,,
grayed,,atenuado,,GEN,,WIN,Standard,,
grayed,,inactivo,,GEN,,WIN,Standard,,
grayed,,no disponible,,GEN,,WIN,Standard,,
grid,,cuadrícula,,GEN,N,WIN,Standard,,A set of lines that crisscross at right angles.
group,,grupo,,GEN,N,WIN,Standard,,
group,,agrupar,,GEN,V,WIN,Standard,,
group box,,cuadro de grupo,,GEN,N,WIN,Standard
group icon,,icono de grupo,,GEN,N,WIN,Standard
group window,,ventana de grupo ,,GEN,N,WIN,Standard
GUI (graphical user interface),,GUI (interfaz gráfica de usuario),,GEN,N,WIN,Standard
guidelines,,instrucciones,,GEN,,WIN,Standard
handle,,controlar,,GEN,V,WIN,Standard
handler,,controlador,,GEN,N,WIN,Standard
hanging indent,,sangría francesa,,GEN,N,WIN,Standard
hard copy,,copia impresa ,,GEN,N,WIN,Standard
hard disk,,disco duro,,GEN,N,WIN,Standard
hard return,,retorno de carro manual,,GEN,N,WIN,Standard
hardware,,hardware,,GEN,N,WIN,Standard
header,,encabezado,,GEN,N,WIN,Standard
heading,,título,,GEN,N,WIN,Standard
heap,,montón,,GEN,N,WIN,Standard
help,,ayuda,,GEN,N,WIN,Standard
Help,,Ayuda,,MNU,,WIN,Standard,,
help window,,ventana de ayuda,,GEN,N,WIN,Standard,,
HFS (hierarchical file system),,sistema jerárquico de archivos (HFS),,GEN,,WIN,Standard,,
Hide,,Ocultar,A,COM,,WIN,Standard,,
hide,,ocultar,,GEN,V,WIN,Standard,,
high-density disk,,disco de alta densidad,,GEN,N,WIN,Standard,,
highlight,,resaltar,,GEN,V,WIN,Standard,,
highlight,,resalte,,GEN,N,WIN,Standard,,
hint,,pista,,GEN,N,WIN,Standard,,
HOME,,INICIO,,KEY,,WIN,Standard,,
horizontal scroll bar,,barra de desplazamiento horizontal,,GEN,N,WIN,Standard,,
horizontal split bar,,barra de división horizontal,,GEN,N,WIN,Standard,,
host,,host,,GEN,N,WIN,Standard,,
hot key,,tecla de acceso rápido,,GEN,N,WIN,Standard,,A one- or two-keystroke command that switches the use to a different program. 
hot spot,,zona interactiva,,GEN,N,WIN,Standard,,
hourglass pointer,,reloj de arena,,GEN,N,WIN,Standard,,
How to use Help,,Uso de la Ayuda,H,COM,,WIN,Standard,,
HPFS (high-performance file system),,sistema de archivos de alto rendimiento (HPFS),,GEN,,WIN,Standard,,
hyphen,,guión,,GEN,N,WIN,Standard,,
hyphenation,,división de palabras,,GEN,N,WIN,Standard,,
I/O (input/output),,E/S (entrada/salida),,GEN,,WIN,Standard,,
icon,,icono,,GEN,N,WIN,Standard,,
IFS (installable file system),,sistema de archivos instalable (IFS),,GEN,,WIN,Standard,,
image,,imagen,,GEN,N,WIN,Standard,,duplicado
impact printer,,impresora de impacto,,GEN,N,WIN,Standard,,
Important,,Importante,,GEN,,WIN,Standard,,
inactive window,,ventana inactiva,,GEN,N,WIN,Standard,,
inch,,pulgada,,GEN,N,WIN,Standard,,
Independent Software Vendor (ISV),,fabricante independiente de software,,GEN,,WIN,Standard,,
index,,índice,,GEN,N,WIN,Standard,,
indexes,,índices,,GEN,N,WIN,Standard,,
indexing,,indización ,,GEN,V,WIN,Standard,,
Industry Standard Architecture (ISA),,arquitectura ISA,,GEN,,WIN,Standard,,
inkjet printers,,impresora de chorro de tinta,,GEN,N,WIN,Standard,,
input,,entrada,,GEN,N,WIN,Standard,,
INS,,INS,,KEY,,WIN,Standard,,
Insert,,Insertar,I,MNU,,WIN,Standard,,
Insert File,,Insertar archivo,d,COM,,WIN,Standard,,
Insert Object,,Insertar objeto,O,COM,,WIN,Standard,,
insertion point,,punto de inserción,,GEN,N,WIN,Standard,,
Installable file system (IFS),,Sistema de archivos instalable (IFS),,GEN,,WIN,Standard,,
installation,,instalación,,GEN,N,WIN,Standard,,
Installation Guide,,Guía de instalación,,GEN,,WIN,Standard,,
Installer,,instalador,,GEN,,WIN,Standard,,
instance,,instancia ,,GEN,,WIN,Standard,,
integer,,entero,,GEN,,WIN,Standard,,
interactive message,,mensaje interactivo,,GEN,,WIN,Standard,,
interface,,interfaz,,GEN,N,WIN,Standard,,Plural: las interfaces
interoperability,,interoperabilidad,,GEN,N,WIN,Standard
interoperation,,interoperación,,GEN,N,WIN,Standard
intervening text,,texto intermedio,,GEN,N,WIN,Standard
invalid,,no válido,,GEN,,WIN,Standard
ISA (Industry Standard Architecture),,arquitectura ISA,,GEN,,WIN,Standard
ISAM (indexed sequential access method),,método de acceso secuencial indizado (ISAM),,GEN,,WIN,Standard
ISDN (Integrated Services Digital Network),,red digital de servicios integrados (ISDN),,GEN,,WIN,Standard
ISO (International Organization for Standardization),,Organización internacional de normalización (ISO),,GEN,,WIN,Standard
ISV (independant software vendor),,fabricante independiente de software,,GEN,,WIN,Standard
Italic,,Cursiva,K,DIA,,WIN,Standard
italic,,cursiva,,GEN,,WIN,Standard
italic button,,"botón  ""Cursiva""",,GEN,,WIN,Standard
join,,unir,,GEN,,WIN,Standard
jump,,saltar,,GEN,N,WIN,Standard
jump term,,saltar término,,GEN,N,WIN,Standard
Justified,,Justificado,B,DIA,N,WIN,Standard
justified,,justificado,,GEN,,WIN,Standard,,
K (kilobyte),,KB  (kilobyte),,GEN,,WIN,Standard,,
key,,tecla,,GEN,N,WIN,Standard,,
key combination,,combinación de teclas,,GEN,N,WIN,Standard,,
key name,,nombre de tecla,,GEN,N,WIN,Standard,,
key repeat rate,,velocidad de repetición de las teclas,,GEN,N,WIN,Standard,,
key sequence,,secuencia de teclas,,GEN,N,WIN,Standard,,
keyboard,,teclado,,GEN,N,WIN,Standard,,
keypad,,teclado numérico,,GEN,N,WIN,Standard,,
keyword,,palabra clave,,GEN,N,WIN,Standard,,Plural: palabras clave
kilobyte,,kilobyte,,GEN,N,WIN,Standard,,
label,,etiqueta,,GEN,N,WIN,Standard,,
LAN (local area network),,red de área local (LAN),,GEN,N,WIN,Standard,,Or just: red local
Landscape,,Horizontal,Q,DIA,N,WIN,Standard,,
Language Reference,,Referencia del lenguaje,,GEN,N,WIN,Standard,,
laptop,,equipo portátil,,GEN,N,WIN,Standard,,
laser printer,,impresora láser,,GEN,N,WIN,Standard,,
later,,posterior,,GEN,,WIN,Standard,,[versión] posterior
layout,,diseño,,GEN,N,WIN,Standard,,
layout,,distribución,,GEN,,WIN,Standard,,Talking about keys and keyboards
lazy writing,,escritura descuidada,,GEN,N,WIN,Standard,,
LCD (liquid crystal display),,pantalla de cristal líquido (LCD),,GEN,,WIN,Standard,,
leader,,guía,,GEN,N,WIN,Standard,,"A row of dots, hyphens or other charcters used to lead the eye across a printed page."
leading zero,,cero a la izquierda,,GEN,N,WIN,Standard,,A zero that precedes the most significant (leftmost) digit of a number.
LED (light-emitting diode),,diodo emisor de luz (LED),,GEN,,WIN,Standard,,
LEFT ARROW,,FLECHA IZQUIERDA,,KEY,,WIN,Standard,,
left scroll arrow,,flecha de desplazamiento a la izquierda,,GEN,,WIN,Standard,,
left window border,,borde izquierdo de la ventana,,GEN,N,WIN,Standard,,
left-aligned,,alineado a la izquierda,,GEN,ADJ,WIN,Standard,,
less-than sign,,signo menor que,,GEN,N,WIN,Standard,, (<)
less-than-or-equal-to sign,,signo menor o igual que ,,GEN,N,WIN,Standard,,
letter quality,,calidad de carta,,GEN,,WIN,Standard,,"A level of print quality on dot-matrix printers that is better than draft quality. Compare to draft quality, near-letter quality and print quality."
LF (linefeed),,avance de línea (LF),,GEN,,WIN,Standard,,
limited character space,,espacio de caracteres limitado,,GEN,N,WIN,Standard,,
line,,línea,,GEN,,WIN,Standard,,
line break,,salto de línea,,GEN,N,WIN,Standard,,
linefeed,,avance de línea ,,GEN,N,WIN,Standard,,
link,,vincular,,GEN,V,WIN,Standard,,
link,,vínculo,,GEN,N,WIN,Standard,,
linked object,,objeto vinculado,,GEN,,WIN,Standard,,
linked text and list box,,cuadro de texto y lista vinculado,,GEN,,WIN,Standard,,
linked text box,,cuadro de texto vinculado,,GEN,N,WIN,Standard,,
list,,lista,,GEN,N,WIN,Standard,,
list box,,cuadro  de lista,,GEN,N,WIN,Standard,,
List Files of Type,,Mostar archivos de tipo,D,DIA,,WIN,Standard,,
Ln (Line),,Lín (línea),,GEN,,WIN,Standard,,
local area network,,red local,,GEN,,WIN,Standard,,"Red de área local, for the acronym LAN"
lock,,bloquear,,GEN,V,WIN,Standard,,
log,,registro,,GEN,N,WIN,Standard,,
log off,,cerrar sesión,,GEN,V,WIN,Standard,,
log off from the network,,desconenctarse de la red,,GEN,V,WIN,Standard,,
log on,,abrir sesión,,GEN,V,WIN,Standard,,
log on to the network,,conectarse a la red  ,,GEN,V,WIN,Standard,,
logon domain,,conectarse al dominio,,GEN,N,WIN,Standard,,
low memory,,memoria baja,,GEN,,WIN,Standard,,
low-density disk,,disco de baja densidad,,GEN,,WIN,Standard,,
lowercase,,minúscula,,GEN,,WIN,Standard,,
LPT,,LPT,,GEN,,WIN,Standard,,Logical device name for  line printer
Macro,,Macro,M,COM,,WIN,Standard,,A set of keystrokes and instructions recorded and saved under a short key code.
macro,,macro,,GEN,N,WIN,Standard,,Fem: la macro
mail,,mensaje,,GEN,,WIN,Standard,,
mail,,correo electrónico,,GEN,,WIN,Standard,,
mail merge,,combinar correspondencia,,GEN,,WIN,Standard,,
main application,,aplicación principal,,GEN,N,WIN,Standard,,
main document,,documento principal,,GEN,N,WIN,Standard,,
main memory,,memoria principal,,GEN,N,WIN,Standard,,
manual link,,vínculo manual,,GEN,N,WIN,Standard,,
map,,mapa,,GEN,N,WIN,Standard,,To translate one value into another.
map,,representar,,GEN,V,WIN,Standard,,
MASM (Macro Assembler),,macroensamblador,,GEN,,WIN,Standard,,
Match Case,,Coincidir mayúsculas/minúsculas,G,DIA,,WIN,Standard,,
Match Whole Word Only,,Palabra completa solamente,A,DIA,,WIN,Standard,,
matrix,,matriz,,GEN,,WIN,Standard,,In math. an arrangement of rows and columns used for organizing related items.
Maximize,,Maximizar,,COM,,WIN,Standard,,
maximize,,maximizar,,GEN,V,WIN,Standard,,
maximize arrow,,flecha de maximizar,,GEN,N,WIN,Standard,,
maximize button,,"botón ""Maximizar""",,GEN,N,WIN,Standard,,
MB (megabyte),,MB (megabyte),,GEN,N,WIN,Standard,,
MCA (Micro Channel Architecture),,arquitectura MCA,,GEN,,WIN,Standard,,
measurement,,medida,,GEN,N,WIN,Standard,,
Media Player,,Reproductor de medios,,GEN,,WIN,Standard
megabyte,,megabyte,,GEN,N,WIN,Standard
memory,,memoria,,GEN,N,WIN,Standard
menu,,menú,,GEN,N,WIN,Standard
menu bar,,barra de menú,,GEN,N,WIN,Standard
menu command,,comando de menú,,GEN,N,WIN,Standard
menu name,,nombre de menú,,GEN,N,WIN,Standard
menu option,,opción de menú,,GEN,N,WIN,Standard
merge,,combinar,,GEN,V,WIN,Standard
message,,mensaje,,GEN,N,WIN,Standard
message bar,,barra de mensajes,,GEN,N,WIN,Standard
method,,método,,GEN,N,WIN,Standard
Micro Channel Architecture,,arquitectura MCA,,GEN,,WIN,Standard
Microsoft Product Support,,Soporte técnico de Microsoft,,GEN,,WIN,Standard
Microsoft User Hotline,,Línea directa para usuarios de Microsoft,,GEN,,WIN,Standard
MIDI (Musical Instrument Digital Interface),,interfaz digital para instrumentos musicales (MIDI),,GEN,,WIN,Standard
MIDI Sequencer,,secuenciador MIDI,,GEN,,WIN,Standard,,
Minimize,,Minimizar,,COM,,WIN,Standard,,
minimize,,minimizar,,GEN,,WIN,Standard,,
minimize button,,botón de minimizar,,GEN,N,WIN,Standard,,
MIPS (millions of instructions per second),,millones de instrucciones por segundo (MIPS),,GEN,,WIN,Standard,,
MIS (management information service),,servicio de información para administración (MIS),,GEN,,WIN,Standard,,
MIS (management information systems),,sistemas de información para administración (MIS),,GEN,,WIN,Standard,,
modal,,modal,,GEN,,WIN,Standard,,
modify,,modificar,,GEN,,WIN,Standard,,
monitor,,monitor,,GEN,N,WIN,Standard,,
monochrome,,monocromático,,GEN,,WIN,Standard,,
monochrome monitor,,monitor blanco y negro,,GEN,,WIN,Standard,,
monospace font,,fuente de espaciado fijo,,GEN,,WIN,Standard,,
More,,Más,,BUT,,WIN,Standard,,
Mouse,,mouse (ratón),,GEN,N,WIN,Standard,,The first times it appears. Mouse in italics
mouse pointer,,puntero del  mouse (ratón),,GEN,N,WIN,Standard,, Mouse in italics
mouse pointer shapes,,formas del puntero del mouse (ratón),,GEN,N,WIN,Standard,, Mouse in italics
Move,,Mover,V,COM,,WIN,Standard,,
move,,mover,,GEN,V,WIN,Standard,,
MS-DOS (disk operating system),,MS-DOS (sistema operativo de disco),,GEN,,WIN,Standard,,
MS-DOS prompt,,símbolo del sistema MS-DOS,,GEN,,WIN,Standard,,
MultiFinder icon,,icono MultiFinder,,GEN,,WIN,Standard,,
multimedia,,multimedia,,GEN,,WIN,Standard,,
multimedia extension,,extensión multimedia,,GEN,,WIN,Standard,,
multiple-column,,multicolumna,,GEN,,WIN,Standard,,
multiple-column list,,lista de múltiples columnas,,GEN,N,WIN,Standard,,
multitasking,,multitarea,,GEN,N,WIN,Standard,,A mode of operation offered by an operating system in which a computer works on more than one task at a time.
multiuser environment,,entorno multiusuario,,GEN,,WIN,Standard,,
multiuser system,,sistema multiusuario,,GEN,N,WIN,Standard,,
navigate,,desplazarse por,,GEN,,WIN,Standard,,
navigate,,recorrer,,GEN,,WIN,Standard,,
navigate,,explorar,,GEN,,WIN,Standard,,
navigation buttons,,botones de desplazamiento,,GEN,,WIN,Standard,,
nested list,,lista  anidada,,GEN,N,WIN,Standard,,
network,,red,,GEN,N,WIN,Standard,,
Network Administrator's Guide,,Guía para el administrador de redes,,GEN,,WIN,Standard,,
network drive,,unidad de red,,GEN,N,WIN,Standard,,
New,,Nuevo,N,COM,,WIN,Standard,,
New Window,,Nueva ventana,N,COM,,WIN,Standard,,
newline character,,carácter de nueva línea,,GEN,,WIN,Standard,,A character  that causes teh cursor to move to the beginning of the new line.
Next,,Siguiente,N,COM,N,WIN,Standard,,
NL (newline character),,carácter de nueva línea (NL),,GEN,N,WIN,Standard,,
non-proportional font,,fuente no proporcional,,GEN,,WIN,Standard,,
nonbreaking hyphen,,guión de no separación,,GEN,N,WIN,Standard,,
nonbreaking space,,espacio de no separación,,GEN,N,WIN,Standard,,
nonimpact printer,,impresora sin impacto,,GEN,N,WIN,Standard,,
nonprinting character,,carácter no imprimible,,GEN,V,WIN,Standard,,
nonscrolling region,,sector de no desplazamiento,,GEN,,WIN,Standard,,
note,,nota,,GEN,N,WIN,Standard,,A note to a user in a manual.
Notepad,,Bloc de notas,,GEN,N,WIN,Standard,,
NUM (Num Lock on),,NÚM,,GEN,,WIN,Standard,,
NUM LOCK,,BLOQ NUM,,KEY,,WIN,Standard,,BLOQUEO NUMÉRICO
Number,,Número,Z,COM,,WIN,Standard,,
number,,número,,GEN,N,WIN,Standard,,
number/word combination,,combinación de números/palabras,,GEN,,WIN,Standard,,
numbered list,,lista numerada,,GEN,N,WIN,Standard,,
numeric keypad,,teclado numérico,,GEN,N,WIN,Standard,,
Object,,Objeto,O,COM,,WIN,Standard,,
object,,objeto,,GEN,N,WIN,Standard,,
object handler,,controlador de objetos,,GEN,,WIN,Standard,,
object handling,,control de objetos,,GEN,,WIN,Standard,,
object link,,vinculación de objetos,,GEN,,WIN,Standard,,
object linking & embedding (OLE),,vinculación e incrustación de objetos (OLE),,GEN,,WIN,Standard,,
Object Packager,,Empaquetador de objetos,,GEN,,WIN,Standard,,
Object-Manager,,Administrador de objetos,,GEN,N,WIN,Standard
object-oriented,,orientado a objeto,,GEN,,WIN,Standard
oblique,,oblicuo,,GEN,,WIN,Standard
OEM (original equipment manufacturer),,fabricante de equipos originales,,GEN,,WIN,Standard
offline,,sin conexión a la red,,GEN,,WIN,Standard
OK,,Aceptar,,DIA,,WIN,Standard
OLE (object linking & embedding),,OLE (vinculación e incrustación de objetos),,GEN,,WIN,Standard
OLE application,,aplicación OLE,,GEN,N,WIN,Standard
online,,conectado,,GEN,,WIN,Standard
Online Help,,Ayuda en pantalla,,GEN,,WIN,Standard
OOP (object-oriented programming),,programación orientada a objetos,,GEN,,WIN,Standard
Open,,Abrir,F,COM,,WIN,Standard
open editing,,edición abierta,,GEN,,WIN,Standard
operating system,,sistema operativo,,GEN,N,WIN,Standard
operator,,operador,,GEN,,WIN,Standard
option,,opción,,GEN,N,WIN,Standard
OPTION,,OPCION,,KEY,,WIN,Standard,,
option button,,botón de opción,,GEN,N,WIN,Standard,,A round button that the user can select in a group of mutually exclusive options.
optional hyphen,,guión opcional,,GEN,N,WIN,Standard,,
Options,,Opciones,O,COM,,WIN,Standard,,
ordinal numbers,,número ordinal,,GEN,,WIN,Standard,,
Orientation,,Orientación,,DIA,,WIN,Standard,,
orientation,,orientación,,GEN,,WIN,Standard,,
orphan,,huérfano ,,GEN,,WIN,Standard,,
OS/2,,OS/2,,GEN,,WIN,Standard,,
outline,,esquema,,GEN,N,WIN,Standard,,
output,,salida,,GEN,,WIN,Standard,,
overlap,,superponer,,GEN,,WIN,Standard,,
override,,suplantar,,GEN,,WIN,Standard,,
overtype,,sobrescribir,,GEN,,WIN,Standard,,
overview,,información general,,GEN,,WIN,Standard,,
OVR (Overtype on),,OVR (sobrescribir),,GEN,,WIN,Standard,,Message in the status bar
package,,paquete,,GEN,N,WIN,Standard,,
packaging,,paquete,,GEN,N,WIN,Standard,,
page,,página,,GEN,N,WIN,Standard,,
page break,,salto de página,,GEN,N,WIN,Standard,,
PAGE DOWN,,AV PÁG,,KEY,,WIN,Standard,,
page layout,,diseño de página,,GEN,,WIN,Standard,,The process of arranging text and graphics on the pages of a document.
page reference,,referencia de página,,GEN,,WIN,Standard,,
Page Setup,,Preparar página,E,COM,,WIN,Standard,,
page setup,,preparar página,,GEN,,WIN,Standard,,
PAGE UP,,RE PÁG,,KEY,,WIN,Standard,,
pagination,,paginación,,GEN,,WIN,Standard,,
palette,,paleta,,GEN,N,WIN,Standard,,
pane,,panel,,GEN,N,WIN,Standard,,
paper bin,,bandeja de papel,,GEN,N,WIN,Standard,,
paper feed,,alimentación de papel,,GEN,N,WIN,Standard,,
paper format,,formato del papel,,GEN,N,WIN,Standard,,
paper size,,tamaño del papel,,GEN,,WIN,Standard,,
paper source,,suministro de papel,,GEN,N,WIN,Standard,,
Paragraph,,Párrafo,A,COM,N,WIN,Standard,,
paragraph mark,,marca de párrafo,,GEN,N,WIN,Standard,,
parallel printer,,impresora en paralelo,,GEN,N,WIN,Standard,,
parenthesis,,paréntesis,,GEN,N,WIN,Standard,,
parse,,analizar,,GEN,,WIN,Standard,,"Also, analizar sintaxis. To break input into smaller chunsks so that a program can act upon the information."
password,,contraseña,,GEN,N,WIN,Standard,,
Paste,,Pegar,i,COM,,WIN,Standard,,
paste,,pegar,,GEN,V,WIN,Standard,,
Paste Link,,Pegar vínculo,V,COM,,WIN,Standard,,
Paste Special,,Pegado especial,l,COM,,WIN,Standard,,
patent,,patente,,GEN,N,WIN,Standard,,
path,,ruta de acceso,,GEN,N,WIN,Standard,,
pathname,,nombrederuta,,GEN,N,WIN,Standard,,Parameter
pause,,pausa,,GEN,V,WIN,Standard,,
PAUSE ,,PAUSA,,KEY,,WIN,Standard,,
PC (personal computer),,computadora (ordenador) personal,,GEN,N,WIN,Standard,,
period,,período,,GEN,N,WIN,Standard,,
permission,,autorización,,GEN,N,WIN,Standard,,
Personal Computer,,PC,,GEN,,WIN,Standard,,Plural: PCs (Avoid gender specification)
Pg (Page),,Pág.,,GEN,,WIN,Standard,,
PG DN,,AV PÁG,,KEY,,WIN,Standard,,
PG UP,,RE PÁG,,KEY,,WIN,Standard,,
pica,,pica,,GEN,,WIN,Standard,,"A measure used with printed type. It measures appr. 1/6 inch (0,42 cm)."
picture,,imagen,,GEN,,WIN,Standard,,
pie chart,,gráfico circular,,GEN,,WIN,Standard,,A type of graph that presents values as percentages (slices) of a whole.
pipe,,símbolo de canalización ,,GEN,,WIN,Standard,,( | )
pitch,,espaciado vertical,,GEN,,WIN,Standard,,"A measure, gen. used with monospace fonts, that describes the number of characters that fit in a horizontal inch.; ie.e 10-pitch = 10 characters per inch."
pixel,,píxel,,GEN,,WIN,Standard,,Short for picture element. Plural: píxeles
placeholder,,marcador de posición,,GEN,,WIN,Standard,,
plain text,,texto sin formato,,GEN,,WIN,Standard,,
platform,,plataforma,,GEN,,WIN,Standard,,
plot,,trazar,,GEN,V,WIN,Standard,,To create a graphic or diagram by connecting points.
plot,,trazado,,GEN,,WIN,Standard,,
plural,,plural,,GEN,,WIN,Standard,,
point,,señalar,,GEN,V,WIN,Standard,,
pointer,,puntero,,GEN,N,WIN,Standard,,
pointing device,,dispositivo señalador,,GEN,N,WIN,Standard,,
poke,,escribir,,GEN,V,WIN,Standard,,[en memoria principal]
pop-up menu,,menú emergente,,GEN,N,WIN,Standard,,
Portrait,,Vertical,f,DIA,,WIN,Standard,,
POS (point of sale),,punto de venta,,GEN,,WIN,Standard,,
POSIX (Portable Operating System Interface),,Interfaz de sistema operativo portátil ,,GEN,,WIN,Standard,,[basada en UNIX]
postoffice,,oficina de correos,,GEN,,WIN,Standard,,
powerful,,potente,,GEN,ADJ,WIN,Standard,,
powerful,,poderoso,,GEN,,WIN,Standard,,
preceding,,precedente,,GEN,,WIN,Standard,,
preemptive multitasking,,multitarea prioritaria,,GEN,,WIN,Standard,,preferente
preference,,preferencia,,GEN,,WIN,Standard,,
preposition,,preposición,,GEN,N,WIN,Standard,,
prerelease,,"prototipo, versión preliminar",,GEN,,WIN,Standard,,
presentation data,,datos de presentación,,GEN,N,WIN,Standard,,
presentation format ,,formato de presentación,,GEN,N,WIN,Standard,,
preset,,preestablecer,,GEN,V,WIN,Standard,,
press,,presionar,,GEN,V,WIN,Standard,,
press and hold down,,presionar y mantener presionado,,GEN,V,WIN,Standard,,
print,,imprimir,,GEN,V,WIN,Standard,,
print area,,área de impresión,,GEN,N,WIN,Standard,,
print files over the network,,imprimir archivos a través de la red,,GEN,,WIN,Standard,,
print job,,trabajo de impresión,,GEN,N,WIN,Standard,,tarea de impresión
Print Manager,,Administrador de impresión,,GEN,N,WIN,Standard,,
Print Preview,,Presentación preliminar,,COM,,WIN,Standard,,
print quality,,calidad de impresión,,GEN,N,WIN,Standard,,
print queue,,cola de impresión,,GEN,N,WIN,Standard,,
print range,,rango de impresión,,GEN,,WIN,Standard,,
PRINT SCREEN,,IMPRIMIR PANTALLA ,,KEY,,WIN,Standard,,IMP PANT
PRINT SCREEN,,IMP PANT,,KEY,,WIN,Standard,,
Print Setup,,Configurar impresora,,COM,,WIN,Standard,,
print spooling,,tratamiento de cola de impresión,,GEN,,WIN,Standard,,
print to a file,,imprimir a un archivo,,GEN,,WIN,Standard,,
Print to File,,Imprimir a un archivo,,DIA,,WIN,Standard,,
Print Topic,,Imprimir tema,D,DIA,,WIN,Standard,,
printer,,impresora,,GEN,N,WIN,Standard,,
Printer Guide,,Guía de impresoras,,GEN,,WIN,Standard,,
printer queue,,cola de impresión,,GEN,N,WIN,Standard,,
Printer Setup,,Configurar impresora,E,COM,,WIN,Standard,,
printer-driver file,,archivo de controlador de impresora,,GEN,N,WIN,Standard,,
printing order,,orden de impresión,,GEN,N,WIN,Standard,,
priority,,prioridad,,GEN,N,WIN,Standard,,
privilege level,,nivel de privilegio,,GEN,N,WIN,Standard,,
procedure,,procedimiento,,GEN,N,WIN,Standard,,
Product Support,,soporte técnico,,COM,,WIN,Standard,,
program group,,grupo de programas,,GEN,,WIN,Standard,,
program item,,elemento de programa,,GEN,N,WIN,Standard,,
Program Manager,,Administrador de programas,,GEN,,WIN,Standard,,
Programmer's Guide,,Manual del programador,,GEN,,WIN,Standard,,
Programmer's Reference,,Referencia del programador,,GEN,,WIN,Standard,,
progress indicator,,indicador de progreso,,GEN,N,WIN,Standard,,
promotional sample,,muestra de promoción,,GEN,N,WIN,Standard,,
prompt,,símbolo del sistema,,GEN,N,WIN,Standard,,
prompt,,pedir datos,,GEN,V,WIN,Standard,,
proof of purchase,,prueba de compra,,GEN,N,WIN,Standard,,
PSS (Product Support Services),,servicio de soporte técnico,,GEN,N,WIN,Standard,,Capitalize first letter if it's MS PSS
punctuation,,puntuación,,GEN,N,WIN,Standard,,
QBE (Query-by-Example),,consulta según ejemplo (QBE),,GEN,N,WIN,Standard,,
query,,consulta,,GEN,V,WIN,Standard,,
query by example (QBE),,consulta según ejemplo (QBE),,GEN,N,WIN,Standard,,
question mark pointer,,puntero de interrogación,,GEN,,WIN,Standard,,
queue,,cola de impresión,,GEN,N,WIN,Standard,,
Quick Reference,,Referencia rápida,,GEN,,WIN,Standard,,
Quit,,Salir,B,COM,,WIN,Standard,,
quotation marks,,comillas tipográficas,,GEN,N,WIN,Standard,,
R/W (read/write),,L/E (lectura/escritura),,GEN,,WIN,Standard,,
RAM (random access memory),,RAM (memoria de acceso aleatorio),,GEN,,WIN,Standard,,
range,,rango,,GEN,,WIN,Standard,,[de celdas]
range,,intervalo,,GEN,,WIN,Standard,,Talking in general
RDBMS (relational database management system),,sistema de administración de base de datos relacional (RDBMS),,GEN,,WIN,Standard,,In spreadsheets: a block of selected cells; in general: spread between specified low and high values.
read-only,,sólo lectura,,GEN,,WIN,Standard,,
read-write permission,,permiso de sólo lectura,,GEN,N,WIN,Standard,,
README,,LEAME,,FIL,,WIN,Standard,,
reboot,,reiniciar,,GEN,V,WIN,Standard,,
Record,,Grabar,A,COM,,WIN,Standard,,
record,,registro,,GEN,N,WIN,Standard,,A data structure that is a collection of fields.
recorder,,grabadora,,GEN,N,WIN,Standard,,
recover,,recuperar,,GEN,V,WIN,Standard,,
redirect,,redirigir,,GEN,,WIN,Standard,,
Redo,,Rehacer,,COM,,WIN,Standard,,
redo,,rehacer,,GEN,,WIN,Standard,,
refresh,,actualizar,,GEN,,WIN,Standard,,To reenergize. To retrace the screen at frequent intervalls.
registered trademark,,marca registrada,,GEN,,WIN,Standard,,
registration,,registro,,GEN,N,WIN,Standard,,
Registration API,,Registro de API (interfaz de programa de aplicación),,GEN,,WIN,Standard,,
registration card,,tarjeta de registro,,GEN,,WIN,Standard,,
reinstall,,reinstalar,,GEN,,WIN,Standard,,
related topics,,temas relacionados,,GEN,N,WIN,Standard,,
relational database,,base de datos relacional,,GEN,,WIN,Standard,,
release,,soltar,,GEN,V,WIN,Standard,, (el botón del mouse)
release,,versión de lanzamiento,,GEN,N,WIN,Standard,,A particular version of a software.
remote,,remoto,,GEN,,WIN,Standard,,
remote access,,acceso remoto,,GEN,,WIN,Standard,,
remove,,eliminar,,GEN,V,WIN,Standard,,
rename,,cambiar el nombre ,,GEN,V,WIN,Standard,,
Repeat,,Repetir,W,COM,,WIN,Standard,,
repetition,,repetición,,GEN,,WIN,Standard,,
Replace,,Reemplazar,E,COM,,WIN,Standard,,
replace,,reemplazar,,GEN,,WIN,Standard,,
Replace All,,Reemplazar todo,S,DIA,,WIN,Standard,,
Replace With,,Reemplazar con,D,DIA,,WIN,Standard,,
report,,informe,,GEN,N,WIN,Standard,,The presentation of information about a given topic.
reset,,restablecer,,GEN,,WIN,Standard,,
resident,,residente,,GEN,,WIN,Standard,,
resize,,cambiar el tamaño,,GEN,V,WIN,Standard,,
resolution,,resolución,,GEN,N,WIN,Standard,,
resource,,recursos,,GEN,,WIN,Standard,,
resources on a server,,recursos en un servidor,,GEN,,WIN,Standard,,
restore,,restaurar,,GEN,V,WIN,Standard,,
Restore button,,"botón ""Restaurar""",,GEN,,WIN,Standard,,The preferred syntax for body text. Used this way in the GuiGuide.
resume,,reanudar,,GEN,V,WIN,Standard,,
retrieve,,recuperar,,GEN,,WIN,Standard,,To obtain requested data.
retry,,reintentar,,GEN,,WIN,Standard,,
RETURN (Mac keyboard),,RETORNO,,KEY,,WIN,Standard,,on key pad
reverse,,inverso,,GEN,,WIN,Standard,,
Revert,,Volver,W,COM,,WIN,Standard,,
revoke,,revocar,,GEN,V,WIN,Standard,,
RGB (red-green-blue),,"RGB (rojo, verde y azul)",,GEN,,WIN,Standard,,"A mixing model, or method of describing colors, used with many color monitors."
Ribbon,,Cinta,,COM,,WIN,Standard,,
right aligned,,alineación a la derecha,R,GEN,ADJ,WIN,Standard,,
RIGHT ARROW,,FLECHA DERECHA,,KEY,,WIN,Standard,,
right scroll arrow,,flecha de desplazamiento derecha,,GEN,,WIN,Standard,,
right window border,,borde derecho de la ventana,,GEN,N,WIN,Standard,,
Roadmap,,Guía básica,,GEN,N,WIN,Standard,,
ROM (read-only memory),,ROM (memoria de sólo lectura),,GEN,N,WIN,Standard,,
root directory,,directorio raíz,,GEN,N,WIN,Standard,,
rotate,,rotar,,GEN,V,WIN,Standard,,girar
row,,fila,,GEN,N,WIN,Standard,,A series of items arranged horizontally within a framework.
RTF (rich-text format),,RTF (formato de texto enriquecido),,GEN,,WIN,Standard,,
Ruler,,Regla,,COM,,WIN,Standard,,
Run,,Ejecutar,,COM,,WIN,Standard,,
run,,ejecutar,,GEN,V,WIN,Standard,,To execute a program.
run-time ,,tiempo de ejecución,,GEN,,WIN,Standard,,Either the time period during which a program is running or the amount of time needed to execute the program.
running head,,encabezado,,GEN,,WIN,Standard,,
SAA (Systems Application Architecture),,arquitectura SAA,,GEN,,WIN,Standard,,
sample,,muestra,,GEN,,WIN,Standard,,
sans serif font,,fuente sans serif ,,GEN,,WIN,Standard,,It means fuente sin remate
Save,,Guardar,S,COM,,WIN,Standard,,
save,,guardar,,GEN,V,WIN,Standard,,
Save All,,Guardar todo,A,COM,,WIN,Standard,,
Save As,,Guardar como,U,COM,,WIN,Standard,,
Save File as Type,,Guardar archivos como tipo,D,DIA,,WIN,Standard,,
scalable fonts,,fuentes ajustables a escala,,GEN,N,WIN,Standard,,Fuentes escalables. Any font that can be scaled to produce characters in varying sizes.
scale,,"ajustar proporcionalmente, escalar",,GEN,V,WIN,Standard,,
scale,,escala,,GEN,N,WIN,Standard,,"A horizontal or vertical line on a graph that shows minimum, maximum,and interval values for the data plotted."
scaling,,ajuste a escala,,GEN,N,WIN,Standard,,Escalable. In graphics the process of enlarging or reducing a graphical image.
scan,,"explorar, escanear",,GEN,N,WIN,Standard,,
scan,,barrer,,GEN,V,WIN,Standard,,In video technology
scanner,,escáner,,GEN,,WIN,Standard,,Plural: escáneres
screen,,pantalla,,GEN,N,WIN,Standard,,
screen capture,,captura de pantalla,,GEN,,WIN,Standard,,
scroll,,desplazar,,GEN,V,WIN,Standard,,
scroll arrow,,flecha de desplazamiento,,GEN,N,WIN,Standard,,
scroll bar,,barra de desplazamiento,,GEN,N,WIN,Standard,,
scroll box,,cuadro de desplazamiento,,GEN,N,WIN,Standard,,
SCROLL LOCK,,BLOQ DESPL,,KEY,,WIN,Standard,,
SDK (software development kit),,kit de desarrollo de software (SDK),,GEN,,WIN,Standard,,
Search,,Búsqueda,S,COM,,WIN,Standard,,
Search for Help on,,Buscar Ayuda acerca de,,COM,,WIN,Standard,,
search path,,ruta de búsqueda,,GEN,N,WIN,Standard,,
section,,sección,L,GEN,N,WIN,Standard,,
see also,,véase también,,GEN,,WIN,Standard,,In indexes
see also,,consulte también,,GEN,,WIN,Standard,,In printed documentation
see also,,vea también,,GEN,,WIN,Standard,,In Help or CBT
select,,selección,,GEN,V,WIN,Standard,,
select,,activar,,GEN,V,WIN,Standard,,Talking about check boxes
selected cell,,celda seleccionada,,GEN,,WIN,Standard,,
selected check box,,casilla de verificación activada,,GEN,,WIN,Standard,,
selected command,,comando seleccionado,,GEN,,WIN,Standard,,
selecting a command,,seleccionar un comando,,GEN,,WIN,Standard,,
selecting a dialog box option,,seleccionar una opción de un cuadro de diálogo,,GEN,,WIN,Standard,,
selection,,selección,M,GEN,N,WIN,Standard,,
selection cursor,,cursor de selección,,GEN,N,WIN,Standard,,
semicolon,,punto y coma,,GEN,N,WIN,Standard,,Plural: signos de punto y coma
separator,,separador,,GEN,N,WIN,Standard,,
serial communications port,,puerto de comunicaciones en serie,,GEN,N,WIN,Standard,,
serial mouse,,mouse (ratón) en serie,,GEN,N,WIN,Standard,,mouse in italics
serial printer,,impresora en serie,,GEN,N,WIN,Standard,,
Serif,,Serif,,GEN,N,WIN,Standard,,Font type
server,,servidor,,GEN,N,WIN,Standard,,
server application,,aplicación de servidor,,GEN,N,WIN,Standard,,
server application,,aplicación servidora,,GEN,,WIN,Standard,,In OLE
session,,sesión,,GEN,N,WIN,Standard,,
set,,establecer,,GEN,V,WIN,Standard,,
set,,conjunto,,GEN,N,WIN,Standard,,
set up,,instalar,,GEN,V,WIN,Standard,,
setup,,programa de instalación,,GEN,N,WIN,Standard
Setup disk,,disco de instalación,,GEN,N,WIN,Standard
SETUP.EXE,,INSTALAR.EXE,,FIL,,WIN,Standard
severe error,,error grave,,GEN,,WIN,Standard
severe error,,error grave,,GEN,N,WIN,Standard
share name,,nombre compartido,,GEN,N,WIN,Standard
shared resources,,recursos compartidos ,,GEN,,WIN,Standard
SHIFT,,MAYÚSCULAS,,KEY,,WIN,Standard
Short Menus,,Menús cortos,M,COM,,WIN,Standard
shortcut,,método abreviado,,GEN,,WIN,Standard
shortcut icon,,icono de método abreviado,,GEN,,WIN,Standard
shortcut key,,tecla de método abreviado,,GEN,N,WIN,Standard
shortcut menu,,menú de método abreviado,,GEN,N,WIN,Standard
side effect,,efecto secundario,,GEN,N,WIN,Standard
sidehead,,título lateral,,GEN,N,WIN,Standard
sign off,,finalizar sesión,,GEN,V,WIN,Standard
sign on,,iniciar sesión,,GEN,V,WIN,Standard,,
single quotation mark,,comilla sencilla,,GEN,N,WIN,Standard,,
single user,,usuario único,,GEN,N,WIN,Standard,,
Single-Step Procedures,,procedimientos paso a paso,,GEN,N,WIN,Standard,,
size,,tamaño,,GEN,V,WIN,Standard,,
size,,ajustar tamaño,,GEN,N,WIN,Standard,,
size box,,cuadro de ajustar tamaño,,GEN,N,WIN,Standard,,
sizing handle,,controlador  de tamaño,,GEN,N,WIN,Standard,,
slash,,barra diagonal ,,GEN,N,WIN,Standard,,(/)
slider,,control deslizante,,GEN,N,WIN,Standard,,
slider indicator,,indicador de control deslizante,,GEN,N,WIN,Standard,,
small capitals,,versales,,GEN,N,WIN,Standard,,
small caps,,versales,,GEN,N,WIN,Standard,,
smart quotes,,comillas tipográficas,,GEN,N,WIN,Standard,,
SNA (systems network architecture),,arquitectura SNA,,GEN,N,WIN,Standard,,
soft font,,fuente transferible,,GEN,,WIN,Standard,,
soft return,,retorno de carro automático,,GEN,,WIN,Standard,,
software,,software,,GEN,N,WIN,Standard,,
sort ,,ordenar,,GEN,V,WIN,Standard,,
sort item,,ordenar elemento,,GEN,,WIN,Standard,,
sort key,,criterio de ordenación,,GEN,N,WIN,Standard,,
sorting,,ordenación,,GEN,V,WIN,Standard,,
sorting order,,forma de ordenación,,GEN,N,WIN,Standard,,
sound,,sonido,,GEN,N,WIN,Standard,,
sound card,,tarjeta de sonido,,GEN,,WIN,Standard,,
sound note,,anotación sonora,,GEN,N,WIN,Standard,,
sound recorder,,grabadora de sonidos,,GEN,N,WIN,Standard,,
source application,,aplicación de origen,,GEN,N,WIN,Standard,,
source disk,,disco de origen,,GEN,N,WIN,Standard,,
source document,,documento de origen,,GEN,N,WIN,Standard,,
space,,espacio,,GEN,N,WIN,Standard,,
SPACEBAR,,BARRA ESPACIADORA,,KEY,,WIN,Standard,,Or ESPACIO
special character,,carácter especial,,GEN,N,WIN,Standard,,
spell check,,comprobación de la ortografía,,GEN,V,WIN,Standard,,
spell checker,,corrector ortográfico,,GEN,N,WIN,Standard,,
spelling checker ,,corrector ortográfico,,GEN,N,WIN,Standard,,
spin box,,cuadro de número,,GEN,N,WIN,Standard,,cuadro [selector] de número
Split,,Dividir,T,COM,,WIN,Standard,,
split,,división,,GEN,V,WIN,Standard,,
split bar,,barra de división,,GEN,N,WIN,Standard,,
split box,,cuadro de división,,GEN,N,WIN,Standard,,
spooling,,envío a cola de impresión,,GEN,N,WIN,Standard,,colocación en cola de impresión
spooling (Simultaneous Peripheral Operations OnLine),,operaciones periféricas simultáneas en línea,,GEN,,WIN,Standard,,
spreadsheet,,hoja de cálculo,,GEN,N,WIN,Standard,,
spreadsheet program,,programa para hoja de cálculo,,GEN,N,WIN,Standard,,
SQL (Structured Query Language),,lenguaje de consulta estructurado SQL,,GEN,,WIN,Standard,,
stack,,pila,,GEN,,WIN,Standard,,
stand-alone mode,,modo autónomo,,GEN,ADJ,WIN,Standard,,
start up,,iniciar,,GEN,V,WIN,Standard,,
start-up,,inicio,,GEN,ADJ,WIN,Standard,,
statement,,instrucción,,GEN,N,WIN,Standard,,The smallest executable entity within a programming language.
statement,,declaración,,GEN,,WIN,Standard,,Generally talking
static,,estático,,GEN,,WIN,Standard,,
status bar,,barra de estado,,GEN,ADJ,WIN,Standard,,
status-bar indicator,,indicador de la barra de estado,,GEN,,WIN,Standard,,
string,,cadena,,GEN,N,WIN,Standard,,
style sheet,,hoja de estilo,,GEN,N,WIN,Standard,,
subcript,,subíndice,,GEN,,WIN,Standard,,One or more characters printed slightly below the baseline of surrounding text.
subdirectory,,subdirectorio,,GEN,N,WIN,Standard,,
subentry,,subelemento,,GEN,N,WIN,Standard,,
subheading,,subtítulo,,GEN,,WIN,Standard,,
subkey,,subtecla,,GEN,N,WIN,Standard,,
submenu,,submenú,,GEN,N,WIN,Standard,,
subroutine,,subrutina,,GEN,,WIN,Standard,,"A common term for ""routine"". Often used for shorter, general routines that are likely to be called often."
subsidiary,,subsidiaria,,GEN,N,WIN,Standard,,
supercript,,superíndice,,GEN,,WIN,Standard,,A character printed slightly above the surrounding text.
supplier,,proveedor,,GEN,N,WIN,Standard,,
support,,aceptar,,GEN,V,WIN,Standard,,
support,,ser compatible con,,GEN,,WIN,Standard,,
support,,respaldar,,GEN,,WIN,Standard,,
support card,,tarjeta de asistencia,,GEN,N,WIN,Standard,,
switch,,cambiar,,GEN,V,WIN,Standard,,cambiar [a]
switch,,conmutar,,GEN,V,WIN,Standard,,
switch,,conmutador,,GEN,N,WIN,Standard,,"A circuit element that has two states, on and off. In MS-DOS, an argument used to control the execution of a command or application."
SYLK (SYmbolic LinK file format),,archivo de vínculo sinmbólico (SILK),,GEN,,WIN,Standard,,Multiplan file format
syntax,,sintaxis,,GEN,N,WIN,Standard,,
system,,sistema,,GEN,N,WIN,Standard,,
TAB,,TAB,,KEY,,WIN,Standard,,
tab stop,,tabulación,,GEN,N,WIN,Standard,,
table,,tabla,,GEN,N,WIN,Standard,,
TB (terabyte),,TB (terabyte),,GEN,N,WIN,Standard,,
TCP/IP (Transport Control Protocol/Internet Protocol),,Protocolo de control de transmisiones/protocolo Internet (TCP/IP),,GEN,,WIN,Standard,,Internet standard
Technical Reference,,Referencia técnica,,GEN,,WIN,Standard,,
Technical Support,,Soporte técnico,,GEN,,WIN,Standard,,
template,,plantilla,,GEN,N,WIN,Standard,,A package or a form.
terabyte,,terabyte,,GEN,N,WIN,Standard,,
terminate,,finalizar,,GEN,V,WIN,Standard,,
terminology,,terminología,,GEN,N,WIN,Standard,,
terminology database,,base de datos de terminología,,GEN,N,WIN,Standard,,
text box,,cuadro de texto,,GEN,N,WIN,Standard,,
text frame,,marco de texto,,GEN,N,WIN,Standard,,
This package can be recycled,,Este paquete puede ser reciclado,,GEN,,WIN,Standard,,
TIFF (tagged image file format),,formato TIFF,,GEN,,WIN,Standard,,
tilde,,tilde,,GEN,,WIN,Standard,,
Tile,,Mosaico,N,COM,,WIN,Standard,,
tiled windows,,ventanas en mosaico,,GEN,,WIN,Standard,,
time,,hora,,GEN,,WIN,Standard,,
time,,"hora, fecha",,GEN,,WIN,Standard,,
Times Roman,,Times Roman,,GEN,,WIN,Standard,,
tip,,sugerencia,,GEN,N,WIN,Standard,,Used in manuals to alert the reader to some potential problem.
title,,título,,GEN,N,WIN,Standard,,
title bar,,barra de título,,GEN,N,WIN,Standard,,
toggle,,alternar,,GEN,V,WIN,Standard,,
tool,,herramienta,,GEN,N,WIN,Standard,,
Tool Tip,,indicador de herramienta,,GEN,,WIN,Standard,,denominación de herramienta
toolbar,,barra de herramientas,,GEN,N,WIN,Standard,,
toolbox,,cuadro de herramientas,,GEN,N,WIN,Standard,,
toolkit,,kit de herramientas,,GEN,N,WIN,Standard,,
Tools,,Herramientas,X,MNU,,WIN,Standard,,
top window border,,borde superior de la ventana,,GEN,N,WIN,Standard,,
tracking,,seguimiento,,GEN,,WIN,Standard,,The act of following a path.
trademark,,marca,,GEN,N,WIN,Standard,,marca [comercial]
transfer,,transferencia,,GEN,N,WIN,Standard,,The movement of data from one location to another.
transmit,,transmitir,,GEN,V,WIN,Standard,,Sending information over a communications line or a circuit.
transparent,,transparente,,GEN,,WIN,Standard,,
trap,,captura,,GEN,N,WIN,Standard,,
trapping,,captura,,GEN,,WIN,Standard,,
"Trash, the",,"Papelera, la",,GEN,N,WIN,Standard,,
tree structure,,estructura en forma de árbol,,GEN,,WIN,Standard,,estructura arborescente
troubleshoot,,determinar y solucionar problemas,,GEN,,WIN,Standard,,
troubleshooting,,determinación y solución de problemas,,GEN,,WIN,Standard,,
truncated,,truncado,,GEN,,WIN,Standard,,To cut off the beginning or end or a series of characters or numbers.
TSR (terminate-and-stay-resident),,programa residente (TSR),,GEN,,WIN,Standard,,
TTY (teletype/teletypewriter),,teletipo,,GEN,,WIN,Standard,,
Tutorial,,Tutorial,P,COM,N,WIN,Standard,,
twip,,vigésima parte  de un punto,,GEN,N,WIN,Standard,,1/20 de punto = 1/1.440 de pulgada
type,,escribir,,GEN,V,WIN,Standard,,To enter information by means of the keyboard
type style,,estilo de tipo,,GEN,N,WIN,Standard,,estilo de fuente
typographic conventions,,convenciones tipográficas,,GEN,,WIN,Standard,,
unavailable command,,comando no disponible,,GEN,,WIN,Standard,,
UNC (universal naming convention),,Convención de nomenclatura universal (UNC),,GEN,,WIN,Standard,,
undelete,,recuperar,,GEN,,WIN,Standard,,
Underline,,Línea,,DIA,,WIN,Standard,,
underline,,subrayar,,GEN,V,WIN,Standard,,
underscore,,subrayado,,GEN,,WIN,Standard,,[carácter de]
Undo,,Deshacer,,COM,,WIN,Standard,,
unfreeze,,liberar,,GEN,V,WIN,Standard,,
unhide,,descubrir,,GEN,,WIN,Standard,,
unselect,,deseleccionar,,GEN,V,WIN,Standard,,anular la selección
Up,,Arriba,,DIA,,WIN,Standard,,
UP ARROW,,FLECHA  ARRIBA,,KEY,,WIN,Standard,,
up scroll arrow,,flecha de desplazamiento hacia arriba,,GEN,,WIN,Standard,,
