"""from"" file",,källfil,,GEN,N,DOS,MS-DOS,generell term
"""to"" file",,målfil,,GEN,N,DOS,MS-DOS,generell term
#,,#-tecken,,GEN,N,DOS,MS-DOS,generell term
@,,"""@-tecken""",,GEN,N,DOS,MS-DOS,generell term
"1.2 Mb 5¼"" High Density",,"1,2 Mb 5,25-tums högdensitetsdiskett  ",,DIA,N,DOS,MS-DOS,Backup-modul
"1.44 Mb 3½"" High Density",,"1,44 Mb 3,5-tums högdensitetsdiskett",,DIA,N,DOS,MS-DOS,Backup-modul
25 lines ,,25 rader,2,DIA,N,DOS,MS-DOS,Backup-modul
"360 Kb 5¼"" Low-Density",,"360 kb 5,25-tums lågdensitetsdiskett",,DIA,N,DOS,MS-DOS,Backup-modul
50 lines,,50 rader,5,DIA,N,DOS,MS-DOS,Backup-modul
"720 Kb 3½"" Low-Density",,"720 kb 3,5-tums lågdensitetsdiskett",,DIA,N,DOS,MS-DOS,Backup-modul
"720 Kb 5¼"" Low-Density",,"720 kb 5,25-tums lågdensitetsdiskett",,DIA,N,DOS,MS-DOS,Backup-modul
A&B,,A&B,,DIA,N,DOS,MS-DOS,Backup-modul
abort,,avbryta,,GEN,V,DOS,MS-DOS,generell term
"Abort, Retry, Ignore, Fail,  ",,"Avbryt, Försök igen, Ignorera, Fortsätt",,GEN,V,DOS,MS-DOS,generell term
About to delete: EXEMPLE.XYZ,,Kommer att ta bort EXAMPLE.XYZ,,TXT,N,DOS,MS-DOS,Backup-modul
About Undelete...,,   Om Undelete...,O,COM,N,DOS,MS-DOS,Undel-modul
About Windows Backup,,   Om Backup för Windows,O,COM,N,DOS,MS-DOS,Backup-modul
About...,,   Om Undelete...,O,COM,N,DOS,MS-DOS,Undel-modul
"absolut (disk sector,DEBUG)",,absolut,,GEN,ADV,DOS,MS-DOS,generell term
access,,åtkomst,,GEN,N,DOS,MS-DOS,generell term
access right,,behörighet,,GEN,N,DOS,MS-DOS,generell term
Activate,,Aktivera,,COM,V,DOS,MS-DOS,Defrag
active (DOS partition),,aktiv,,GEN,ADJ,DOS,MS-DOS,generell term
active directory (same as 'current...'),,aktuell katalog,,GEN,N,DOS,MS-DOS,generell term
active drive (same as 'current...'),,aktuell enhet,,GEN,N,DOS,MS-DOS,generell term
Activity log,,Händelse-/Aktivitetslogg,,TXT,N,DOS,MS-DOS,MSAVF-modul
adapter,,adapter,,GEN,N,DOS,MS-DOS,generell term
add,,"addera, lägga till",,GEN,V,DOS,MS-DOS,generell term + Backup-modul
Administrator(s),,administratör(er),,TXT,N,DOS,MS-DOS,Backup-modul
Alarm sound,,Varningssignal,,TXT,N,DOS,MS-DOS,MSAVF-modul
alert box,,varningsruta,,GEN,N,DOS,MS-DOS,Backup-modul
alignment,,justering,,GEN,N,DOS,MS-DOS,generell term
All Files,,Alla filer på disken,,DIA,N,DOS,MS-DOS,Backup-modul
allocate,,"allokera, tilldela",,GEN,V,DOS,MS-DOS,generell term
allocation unit,,datablock,,GEN,N,DOS,MS-DOS,generell term
ALT,,ALT,,GEN,N,DOS,MS-DOS,generell term
Alternate Directories,,Alternativa kataloger,,DIA,N,DOS,MS-DOS,Backup-modul
Alternate Directory Too long,,Katalognamnet är för långt,,TXT,N,DOS,MS-DOS,Backup-modul
Alternate Drives,,Alternativa enheter,,DIA,N,DOS,MS-DOS,Backup-modul
Always Format Diskettes,,formatera alltid disketter,,CHX,N,DOS,MS-DOS,Backup-modul
Always Overwrite,,Ersätt alltid,,CHX,N,DOS,MS-DOS,Backup-modul
ampersand (&),,&-tecken,,GEN,N,DOS,MS-DOS,generell term
Anti-Stealth,,Sök smygvirus,Ö,CHX,N,DOS,MS-DOS,MSAVF-modul
Anti-Stealth option,,alternativet Sök smygvirus,,CHX,N,DOS,MS-DOS,MSAVF-modul
Anti-virus,,Antivirus,,TXT,N,DOS,MS-DOS,MSAVF-modul
append,,"lägga till, bifoga",,GEN,V,DOS,MS-DOS,generell term
appended path (APPEND),,(tillagd) sökväg,,GEN,N,DOS,MS-DOS,generell term
appendix,,bilaga,,GEN,N,DOS,MS-DOS,generell term
application,,"program, applikation",,GEN,N,DOS,MS-DOS,generell term
application program,,"program, applikation",,GEN,N,DOS,MS-DOS,generell term
application software,,"program, programvara",,GEN,N,DOS,MS-DOS,generell term
Apply Date Range,,Använd datumintervall,A,CHX,N,DOS,MS-DOS,Backup-modul
Apply to Subdirectories,,Använd i underkataloger ,A,OPT,N,DOS,MS-DOS,Backup-modul
archive,,arkiv,,GEN,N,DOS,MS-DOS,generell term
Archive,,arkiv,,TXT,N,DOS,MS-DOS,Backup-modul
archive bit,,arkivbit,,TXT,N,DOS,MS-DOS,Backup-modul
archive flag,,arkivflagga,,TXT,N,DOS,MS-DOS,Backup-modul
Are you sure you want to cancel the backup?,,Vill du avbryta Säkerhetskopiera?,,TXT,N,DOS,MS-DOS,Backup-modul
Are you sure you want to cancel the compare?,,Vill du avbryta Jämför?,,TXT,N,DOS,MS-DOS,Backup-modul
Are you sure you want to cancel the rebuild?,,Vill du avbryta Återskapa?,,TXT,N,DOS,MS-DOS,Backup-modul
Are you sure you want to cancel the restore?,,Vill du avbryta Återställ?,,TXT,N,DOS,MS-DOS,Backup-modul
Are you sure you want to cancel the retrieve?,,Vill du avbryta Hämta?,,TXT,N,DOS,MS-DOS,Backup-modul
argument,,argument,,GEN,N,DOS,MS-DOS,generell term
arrow key,,piltangent,,GEN,N,DOS,MS-DOS,generell term
assembler  (DEBUG),,assemblerare,,GEN,N,DOS,MS-DOS,generell term
assembler statement,,assemblersats,,GEN,N,DOS,MS-DOS,generell term
assembly language,,assemblerspråk,,GEN,N,DOS,MS-DOS,generell term
assign,,"Allokera, tilldela",,GEN,V,DOS,MS-DOS,generell term
Assign,,"Allokera, Tilldela",,MNU,V,DOS,MS-DOS,Defrag
assign (ASSIGN),,tilldela,,GEN,V,DOS,MS-DOS,generell term
associate,,associera,,GEN,V,DOS,MS-DOS,generell term
associate (a code page),,ansluta,,GEN,V,DOS,MS-DOS,generell term
Associate (to a file extension),,koppla,,GEN,V,DOS,MS-DOS,generell term
associate (with a DOS partition),,associera,,GEN,V,DOS,MS-DOS,generell term
asterisk,,asterisk,,GEN,N,DOS,MS-DOS,generell term
asterisk wildcard,,asterisk - jokertecken,,GEN,N,DOS,MS-DOS,generell term
asynchronous,,asynkron,,GEN,ADJ,DOS,MS-DOS,generell term
attribute,,"attribut, egenskap, kännetecken",,GEN,N,DOS,MS-DOS,generell term
Attribute,,attribut,,TXT,N,DOS,MS-DOS,MSAVF-modul
attributes,,Attribut,A,TXT,N,DOS,MS-DOS,Backup-modul
Audible Prompts (Beep),,Ljudsignal,,CHX,N,DOS,MS-DOS,Backup-modul
Auto Config,,Automatisk konfiguration,,BUT,N,DOS,MS-DOS,Backup-modul
Auto Configure,,Konfigurera automatiskt,,BUT,N,DOS,MS-DOS,Backup-modul
Auto Floppy Config,,Automatisk diskettkonfiguration ,,OPT,N,DOS,MS-DOS,Backup-modul
Auto Floppy Configure,,Konfigurera diskett automatiskt,,BUT,N,DOS,MS-DOS,Backup-modul
Auto Flush,,automatisk bufferttömning,,GEN,N,DOS,MS-DOS,generell term
Autoconfig,,Automatisk konfiguration,,OPT,N,DOS,MS-DOS,Backup-modul
automated backup,,automatisk säkerhetskopiering,,TXT,N,DOS,MS-DOS,Backup-modul
Automating Backup(s),,automatisera säkerhetskopiering,,TXT,N,DOS,MS-DOS,Backup-modul
Automating Backups Using Setup Files,,automatisera säkerhetskopiering med hjälp av inställningsfiler ,,TXT,N,DOS,MS-DOS,Backup-modul
available (space),,"tillgängligt, ledigt (Om ""ledigt minne"")",,GEN,ADJ,DOS,MS-DOS,generell term
BACK SPACE,,BACKSTEG,,GEN,N,DOS,MS-DOS,generell term
Back up Hidden Files,,Säkerhetskopiera dolda filer,,OPT,N,DOS,MS-DOS,Backup-modul
Back up Read-Only Files,,Säkerhetskopiera skrivskyddade filer ,,OPT,N,DOS,MS-DOS,Backup-modul
Back up System Files,,Säkerhetskopiera systemfiler,,OPT,N,DOS,MS-DOS,Backup-modul
background,,bakgrund,,GEN,N,DOS,MS-DOS,generell term
Background Backup,,Säkerhetskopiering i bakgrunden?,,TXT,N,DOS,MS-DOS,Backup-modul
background color,,bakgrundsfärg,,GEN,N,DOS,MS-DOS,generell term
background printing,,bakgrundsutskrift,,GEN,N,DOS,MS-DOS,generell term
backslash (\),,omvänt snedstreck (\),,GEN,N,DOS,MS-DOS,generell term
Backup,,   Säkerhetskopiera,S,COM,V,DOS,MS-DOS,Backup-modul
backup,,Säkerhetskopia,,GEN,N,DOS,MS-DOS,generell term
Backup,,"Säkerhetskopiera, säkerhetskopia",,BUT,N,DOS,MS-DOS,Backup-modul
backup [n],,säkerhetskopia,,GEN,N,DOS,MS-DOS,generell term
backup [v],,säkerhetskopiera,,GEN,V,DOS,MS-DOS,generell term
Backup canceled.,,Säkerhetskopiera avbrutet,,TXT,N,DOS,MS-DOS,Backup-modul
Backup Catalog,,Förteckning över säkerhetskopierade filer,,TDB,N,DOS,MS-DOS,Backup-modul
Backup Complete,,Säkerhetskopiera färdigt,,DIA,N,DOS,MS-DOS,Backup-modul
backup copy,,säkerhetskopia,,GEN,N,DOS,MS-DOS,generell term
backup cycle,,"tidsintervall mellan säkerhetskopieringar, säkerhetskopieringscykel",,MNU,N,DOS,MS-DOS,Backup-modul
Backup Devices,,Utrustning för säkerhetskopiering,,DIA,N,DOS,MS-DOS,Backup-modul
backup disk,,disk/diskett med säkerhetskopia,,GEN,N,DOS,MS-DOS,generell term
Backup drive,,enhet för säkerhetskopiering,,GEN,N,DOS,MS-DOS,generell term
Backup files,,säkerhetskopierade filer,,TXT,N,DOS,MS-DOS,Backup-modul
Backup Files in Date Range,,Säkerhetskopierade filer i datumintervall,,TDB,N,DOS,MS-DOS,Backup-modul
Backup Fixed Disk,,hårddisk att säkerhetskopiera / säkerhetskopiera hårddisk,,GEN,N,DOS,MS-DOS,generell term
Backup From,,Säkerhetskopiera från,F,DIA,N,DOS,MS-DOS,Backup-modul
Backup from drive,,Säkerhetskopiera från enhet,,DIA,N,DOS,MS-DOS,Backup-modul
backup log file,,loggfil för säkerhetskopiering,,GEN,N,DOS,MS-DOS,generell term
backup media,,säkerhetskopieringsmedia,,TXT,N,DOS,MS-DOS,Backup-modul
Backup options,,Alternativ för Säkerhetskopiera,,TDB,N,DOS,MS-DOS,Backup-modul
Backup Program Window,,Fönster för säkerhetskopieringsprogram ,,TDB,N,DOS,MS-DOS,Backup-modul
Backup Progress window,,Förloppsfönster för Säkerhetskopiera,,DIA,N,DOS,MS-DOS,Backup-modul
Backup Selection Legend,,Förklaring av markering vid säkerhetskopiering,,DIA,N,DOS,MS-DOS,Backup-modul
backup session,,säkerhetskopiering,,TXT,N,DOS,MS-DOS,Backup-modul
backup set,,uppsättning med säkerhetskopior,,TXT,N,DOS,MS-DOS,Backup-modul
Backup Set Catalog,,förteckning över uppsättning med säkerhetskopior,,DIA,N,DOS,MS-DOS,Backup-modul
Backup Time,,Säkerhetskopieringstid ,,DIA,N,DOS,MS-DOS,Backup-modul
Backup To,,Säkerhetskopiera till,T,DIA,N,DOS,MS-DOS,Backup-modul
Backup Type,,Säkerhetskopieringstyp,Y,DIA,N,DOS,MS-DOS,Backup-modul
Backup window,,Fönster där säkerhetskopieringen visas/kan följas,,DIA,N,DOS,MS-DOS,Backup-modul
"bad (allocation unit, link)",,felaktig,,GEN,ADJ,DOS,MS-DOS,generell term
bad (attribute),,ogiltigt (attribut),,GEN,ADJ,DOS,MS-DOS,generell term
"bad (command, device name)",,felaktigt (kommando),,GEN,ADJ,DOS,MS-DOS,generell term
"bad (disk, sector, track)",,"skadad  (disk/sektor), ogiltig (sektorangivelse)",,GEN,N,DOS,MS-DOS,generell term
bad (file size),,ogiltig,,GEN,ADJ,DOS,MS-DOS,generell term
bad req. struct.,,felaktig registreringsstruktur,,GEN,N,DOS,MS-DOS,generell term
Bad request,,Felaktig begäran,,TXT,N,DOS,MS-DOS,Backup-modul
Base Configuration,,Baskonfiguration,,TDB,N,DOS,MS-DOS,Defrag
Basic Skills,,   Grundkunskaper,G,COM,N,DOS,MS-DOS,Backup-modul
Basic Skills,,Grundkunskaper,,GEN,N,DOS,MS-DOS,Undel-modul
Basic/Edit (disk),,Basic/Edit,,GEN,N,DOS,MS-DOS,generell term
batch,,"sats, satsvis",,GEN,N,DOS,MS-DOS,generell term
batch file,,kommandofil,,GEN,N,DOS,MS-DOS,generell term
batch parameter processor,,kommandofilstolk,,GEN,N,DOS,MS-DOS,generell term
batch processing,,satsvis bearbetning,,GEN,N,DOS,MS-DOS,generell term
batch program,,kommandoprogram,,GEN,N,DOS,MS-DOS,generell term
baud rate,,överföringshastighet i baud,,GEN,N,DOS,MS-DOS,generell term
beep (warning),,signal,,GEN,N,DOS,MS-DOS,generell term
Bernouilli,,Bernouilli,,TXT,ADJ,DOS,MS-DOS,Backup-modul
binary,,binär,,GEN,N,DOS,MS-DOS,generell term
binary file,,binärfil,,GEN,N,DOS,MS-DOS,generell term
bit,,bit,,GEN,N,DOS,MS-DOS,generell term
Black & Red,,Svart & röd,,OPT,ADJ,DOS,MS-DOS,Backup-modul
Black and White,,Svartvit,,OPT,ADJ,DOS,MS-DOS,Backup-modul
blank disk,,tom disk/diskett,,GEN,N,DOS,MS-DOS,generell term
blank line,,blankrad,,GEN,N,DOS,MS-DOS,generell term
blank space,,blanksteg,,GEN,N,DOS,MS-DOS,generell term
blink (cursor),,blinkning,,GEN,N,DOS,MS-DOS,generell term
block device,,blockenhet,,GEN,N,DOS,MS-DOS,generell term
block device driver,,drivrutin för blockenhet,,GEN,N,DOS,MS-DOS,generell term
boot,,"starta, systemstart",,GEN,N,DOS,MS-DOS,generell term
boot disk (drive),,startdiskett,,GEN,N,DOS,MS-DOS,generell term
boot drive,,startenhet,,GEN,N,DOS,MS-DOS,generell term
Boot sector,,Startsektor,,TXT,N,DOS,MS-DOS,Backup-modul
Boot sector virus,,Startsektorvirus,,TXT,N,DOS,MS-DOS,MSAVF-modul
bootable,,"möjlig att starta, startbar",,GEN,N,DOS,MS-DOS,generell term
bootstrap,,startprogram,,GEN,N,DOS,MS-DOS,generell term
bracket,,hakparentes,,GEN,N,DOS,MS-DOS,generell term
"BREAK, break key",,"BREAK, bryttangent",,GEN,N,DOS,MS-DOS,generell term
breakpoint,,brytpunkt,,GEN,N,DOS,MS-DOS,generell term
"breakpoint (assembler,DEBUG)",,brytpunkt,,GEN,N,DOS,MS-DOS,generell term
Browse,,Bläddra,,BUT,V,DOS,MS-DOS,Backup-modul
browse key(s),,bläddringstangenter/bläddringsknappar i Hjälp,,GEN,N,DOS,MS-DOS,Backup-modul
buffer,,buffert,,GEN,N,DOS,MS-DOS,generell term
buffers,,buffertar,,TXT,N,DOS,MS-DOS,Backup-modul
Building table,,Skapar tabell,,TXT,N,DOS,MS-DOS,Defrag
busy (port),,upptagen,,GEN,ADJ,DOS,MS-DOS,generell term
button bar,,knappfält,,BUT,N,DOS,MS-DOS,Backup-modul
bypass,,"kringgå, gå förbi",,GEN,V,DOS,MS-DOS,generell term
byte,,byte,,GEN,N,DOS,MS-DOS,generell term
byte string,,bytesträng,,GEN,N,DOS,MS-DOS,generell term
Bytes,,byte,,DIA,N,DOS,MS-DOS,Backup-modul
"call (assembler,DEBUG)",,anrop,,GEN,N,DOS,MS-DOS,generell term
cancel,,"Avbryt, avbryta",,GEN,V,DOS,MS-DOS,generell term
Cancel,,"Avbryt, avbryta",,BUT,V,DOS,MS-DOS,Backup-modul
Cancel Load,,Avbryt Ladda,,TXT,N,DOS,MS-DOS,Backup-modul
cancel mode,,annulleringsläge,,GEN,N,DOS,MS-DOS,generell term
Capacity,,Kapacitet,,COM,N,DOS,MS-DOS,Defrag
CAPS LOCK,,CAPS LOCK,,GEN,N,DOS,MS-DOS,generell term
caret (^),,insättningstecken,,GEN,N,DOS,MS-DOS,generell term
Catalog,,Filförteckning,,MNU,N,DOS,MS-DOS,Backup-modul
Catalog,,Filförteckning,F,DIA,N,DOS,MS-DOS,Backup-modul
Catalog File Path,,Sökväg för fil med filförteckning,,TXB,N,DOS,MS-DOS,Backup-modul
catalog file(s),,(filer med) filförteckningar,,TXT,N,DOS,MS-DOS,Backup-modul
Catalog menu,,Filförteckningsmeny,,DIA,N,DOS,MS-DOS,Backup-modul
catalog path,,sökväg för filförteckning,,TXT,N,DOS,MS-DOS,Backup-modul
Catalog rebuild,,Återskapande av filförteckning,,DIA,N,DOS,MS-DOS,Backup-modul
CAUTION,,Varning!,,GEN,N,DOS,MS-DOS,generell term
CGA Colors,,CGA-färger,G,OPT,N,DOS,MS-DOS,Backup-modul
"chain, lost (CHKDSK)",,förlorade kedjor,,GEN,N,DOS,MS-DOS,generell term
change,,"ändra, byta",,GEN,N,DOS,MS-DOS,generell term
Change Drive/Directory,,   Ändra enhet/katalog ,E,BUT,N,DOS,MS-DOS,Undel-modul
change-line (doorlock) support,,stöd för kontroll av diskettlucka,,GEN,N,DOS,MS-DOS,generell term
character,,tecken,,GEN,N,DOS,MS-DOS,generell term
character set,,teckenuppsättning,,GEN,N,DOS,MS-DOS,generell term
character table,,teckentabell,,GEN,N,DOS,MS-DOS,generell term
check,,"markera/bocka för, kontrollera, även ""kryssa för""",,GEN,N,DOS,MS-DOS,generell term
Check All Files,,Kontrollera alla filer,F,CHX,N,DOS,MS-DOS,MSAVF-modul
check box,,kryssruta,,GEN,N,DOS,MS-DOS,generell term
Checklist file,,Checklistefil ,,DIA,N,DOS,MS-DOS,MSAVF-modul
Checksum,,Kontrollsumma,,TXT,N,DOS,MS-DOS,MSAVF-modul
child directory,,underkatalog,,GEN,N,DOS,MS-DOS,generell term
choose,,välja,,GEN,V,DOS,MS-DOS,generell term
Choose (Y),,"Välj ""J"" ",,GEN,N,DOS,MS-DOS,generell term
Choose OK,,"Välj ""OK""",,GEN,N,DOS,MS-DOS,generell term
Choosing the catalog...=Catalog,,Filförteckning,,BUT,N,DOS,MS-DOS,Backup-modul
class name,,klassnamn,,GEN,N,DOS,MS-DOS,generell term
Clean,,Rensa,,COM,V,DOS,MS-DOS,MSAVF-modul
clear,,ta bort,,GEN,N,DOS,MS-DOS,generell term
click,,klicka,,TXT,V,DOS,MS-DOS,Backup-modul
click (on),,"klicka (på), även ""klicka i""",,GEN,N,DOS,MS-DOS,generell term
cluster,,grupp,,GEN,N,DOS,MS-DOS,generell term + Undel-modul
"cluster, lost (CHKDSK)",,förlorade grupper,,GEN,N,DOS,MS-DOS,generell term
co-processor,,hjälpprocessor,,GEN,N,DOS,MS-DOS,generell term
code character table (GRAFTABL),,kodteckentabell,,GEN,N,DOS,MS-DOS,generell term
"code page (MODE,DRIVER)",,teckentabell,,GEN,N,DOS,MS-DOS,generell term
code page support,,stöd för teckentabell,,GEN,N,DOS,MS-DOS,generell term
code page switching,,byte  (växlling) av teckentabell,,GEN,N,DOS,MS-DOS,generell term
code segment,,kodsegment,,GEN,N,DOS,MS-DOS,generell term
Collapse Branch,,Dölj underkataloger,,COM,N,DOS,MS-DOS,Backup-modul
collating sequence,,sorteringsordning,,GEN,N,DOS,MS-DOS,generell term
colon,,kolon,,GEN,N,DOS,MS-DOS,generell term
"com port, communication port",,kommunikationsport,,GEN,N,DOS,MS-DOS,generell term
combination box,,kombinationsruta,,TXT,N,DOS,MS-DOS,Backup-modul
combine files [v],,kombinera filer,,GEN,N,DOS,MS-DOS,generell term
combined stack segment,,kombinerat stacksegment,,GEN,N,DOS,MS-DOS,generell term
combined type,,kombinerad typ,,GEN,N,DOS,MS-DOS,generell term
command,,kommando,,GEN,N,DOS,MS-DOS,generell term + Undel-modul
command button,,kommandoknapp,,GEN,N,DOS,MS-DOS,generell term + Backup-modul
command completion (interruptable by  BREAK),,slutförande av kommando,,GEN,N,DOS,MS-DOS,generell term
command editing keys,,tangenter för kommandoredigering,,GEN,N,DOS,MS-DOS,generell term
command input,,indata till kommando,,GEN,N,DOS,MS-DOS,generell term
command interpreter,,kommandotolk,,GEN,N,DOS,MS-DOS,generell term
command line,,kommandorad,,GEN,N,DOS,MS-DOS,generell term
command line screen,,skärmsida med kommandorad ,,GEN,N,DOS,MS-DOS,generell term
command macro,,kommandomakro,,GEN,N,DOS,MS-DOS,generell term
command name,,kommandonamn,,GEN,N,DOS,MS-DOS,generell term
command output,,utdata från kommando,,GEN,N,DOS,MS-DOS,generell term
command path,,kommandosökväg,,GEN,N,DOS,MS-DOS,generell term
command processor,,kommandotolk,,GEN,N,DOS,MS-DOS,generell term
command prompt,,DOS-prompt,,GEN,N,DOS,MS-DOS,generell term
Command-Line,,Kommandorad,,GEN,N,DOS,MS-DOS,Undel-modul
command-line option,,kommandoradsalternativ,,TXT,N,DOS,MS-DOS,Backup-modul
Commands,,   Kommandon,,COM,N,DOS,MS-DOS,Undel-modul
comment,,kommentar,,GEN,N,DOS,MS-DOS,generell term
Compare,,   Jämför,J,COM,V,DOS,MS-DOS,Backup-modul
Compare,,Jämför,J,DIA,V,DOS,MS-DOS,Backup-modul
Compare canceled.,,Jämför avbrutet.,,TXT,N,DOS,MS-DOS,Backup-modul
Compare Complete,,Jämför klart,,DIA,N,DOS,MS-DOS,Backup-modul
Compare Files,,Jämför filer,J,DIA,N,DOS,MS-DOS,Backup-modul
Compare From,,Jämför från,N,DIA,N,DOS,MS-DOS,Backup-modul
Compare Options,,Alternativ för Jämför,,TDB,N,DOS,MS-DOS,Backup-modul
Compare phase of the compatibility test is complete.,,Jämförfasen av kompatibilitetstestet är färdig.,,TXT,N,DOS,MS-DOS,Backup-modul
Compare Progress window,,Förloppsfönster för Jämför,,DIA,N,DOS,MS-DOS,Backup-modul
Compare Time,,Jämför tid,,DIA,N,DOS,MS-DOS,Backup-modul
Compare To,,Jämför till ,T,DIA,N,DOS,MS-DOS,Backup-modul
Comparing and tracking files,,Jämför och spårar filer,,GEN,N,DOS,MS-DOS,generell term
compatibility,,kompatibilitet,,GEN,N,DOS,MS-DOS,generell term
Compatibility Options,,Kompatibilitetsalternativ,,DIA,N,DOS,MS-DOS,Backup-modul
Compatibility Test,,Kompatibilitetstest,K,BUT,N,DOS,MS-DOS,Backup-modul
compiler,,kompilator,,GEN,N,DOS,MS-DOS,generell term
Complete,,fullständig,F,DIA,ADJ,DOS,MS-DOS,Backup-modul
Complete (adj),,Klar(t),,DIA,ADJ,DOS,MS-DOS,Backup-modul
complex,,komplex,,GEN,ADJ,DOS,MS-DOS,generell term
component file,,komponentfil,,TXT,N,DOS,MS-DOS,Backup-modul
component files,,komponentfiler,,TXT,N,DOS,MS-DOS,Backup-modul
Compress Backup Data,,Komprimera säkerhetskopierade data,,CHX,N,DOS,MS-DOS,Backup-modul
Compression header,,komprimeringsrubrik,,TXT,N,DOS,MS-DOS,Backup-modul
concatenate [v],,länka samman,,GEN,N,DOS,MS-DOS,generell term
concealed,,dold,,GEN,ADJ,DOS,MS-DOS,generell term
Condition,,Tillstånd,,DIA,N,DOS,MS-DOS,Undel-modul
Condition Destroyed,,Tillstånd: Förstörd,,DIA,N,DOS,MS-DOS,Undel-modul
Condition Excellent,,Tillstånd: Utmärkt,,DIA,N,DOS,MS-DOS,Undel-modul
Condition Lost File,,Tillstånd: Förlorad fil,,DIA,N,DOS,MS-DOS,Undel-modul
Condition None,,Tillstånd: Inget,,DIA,N,DOS,MS-DOS,Undel-modul
Condition Poor,,Tillstånd: Dåligt,,DIA,N,DOS,MS-DOS,Undel-modul
Condition Recovered,,Tillstånd: Återskapad,,DIA,N,DOS,MS-DOS,Undel-modul
conditional,,"villkorlig, villkorligt",,GEN,ADJ/ADV,DOS,MS-DOS,generell term
configuration,,konfiguration,,GEN,N,DOS,MS-DOS,generell term
configuration file,,konfigurationsfil,,GEN,N,DOS,MS-DOS,generell term
Configure,,   Konfigurera,K,COM,V,DOS,MS-DOS,Backup-modul
configure,,konfigurera,,GEN,V,DOS,MS-DOS,generell term
Configure ,,konfigurera,K,TXB,V,DOS,MS-DOS,Backup-modul
Configure Delete Protection,,   Konfigurera borttagningsskydd...,K,COM,N,DOS,MS-DOS,Undel-modul
confirm on delete,,bekräfta borttagning,,GEN,N,DOS,MS-DOS,generell term
confirm on replace,,bekräfta ersättning,,GEN,N,DOS,MS-DOS,generell term
Connect to,,Anslut till,,DIA,N,DOS,MS-DOS,Backup-modul
connector,,"(anslutnings)kontakt, (port)kontakt",,GEN,N,DOS,MS-DOS,generell term
console,,"konsol, skärm och tangentbord",,GEN,N,DOS,MS-DOS,generell term
console driver,,drivrutin för konsol,,GEN,N,DOS,MS-DOS,generell term
console screen device,,bildskärm,,GEN,N,DOS,MS-DOS,generell term
Contents,,Innehåll,I,DIA,N,DOS,MS-DOS,Undel-modul
context-sensitive help,,sammanhangsberoende hjälp,,TXT,N,DOS,MS-DOS,Backup-modul
contiguous,,"sammanhängande, angränsande",,GEN,ADJ,DOS,MS-DOS,generell term
Continue,,Fortsätt,,TXT,V,DOS,MS-DOS,Backup-modul
Continue Scan,,Fortsätt scanning,,GEN,N,DOS,MS-DOS,Undel-modul
continuous (disk space),,sammanhängande,,GEN,ADJ,DOS,MS-DOS,generell term
control character,,"kontrolltecken, styrtecken",,GEN,N,DOS,MS-DOS,generell term
"conventional (memory, XMA2EMS)",,konventionellt,,GEN,ADJ,DOS,MS-DOS,generell term
copy,,"kopia, kopiera",,GEN,N,DOS,MS-DOS,generell term
Copy All Files,,Kopiera alla filer,,BUT,N,DOS,MS-DOS,Backup-modul
copy protected,,kopieringsskyddad,,GEN,ADJ,DOS,MS-DOS,generell term
copy protection,,kopieringsskydd,,GEN,N,DOS,MS-DOS,generell term
copy-protected files,,kopieringsskyddade filer,,DIA,N,DOS,MS-DOS,Backup-modul
Corrections,,"rättningar, även ""korrigeringar""",,DIA,N,DOS,MS-DOS,Backup-modul
corruption,,"trasig (om data), skada (fil)",,GEN,N,DOS,MS-DOS,generell term
country code (MODE),,landskod,,GEN,N,DOS,MS-DOS,generell term
country-dependent,,landsberoende,,GEN,ADJ,DOS,MS-DOS,generell term
country-specific,,landsspecifik,,GEN,ADJ,DOS,MS-DOS,generell term
CPU (Central Processing Unit) chip,,CPU (mikroprocessor),,GEN,N,DOS,MS-DOS,generell term
crash,,"krasch, haverera",,GEN,N,DOS,MS-DOS,generell term
crash (computer.OS ),,"haveri, haverera",,GEN,N,DOS,MS-DOS,generell term
create,,skapa,,GEN,V,DOS,MS-DOS,generell term
Create,,Skapa,,MNU,V,DOS,MS-DOS,Defrag
Create Backup,,Skapa säkerhetskopia,S,CHX,N,DOS,MS-DOS,MSAVF-modul
Create Directory,,Skapa katalog,,GEN,N,DOS,MS-DOS,generell term
Create Directory,,Skapa katalog,,TDB,N,DOS,MS-DOS,Backup-modul
Create File,,Skapa fil,,TDB,N,DOS,MS-DOS,Backup-modul
Create New Checksums,,Skapa nya kontrollsummor,N,CHX,N,DOS,MS-DOS,MSAVF-modul
Create Report,,Skapa rapport,P,CHX,N,DOS,MS-DOS,MSAVF-modul
"cross-linked (allocation units, CHKDSK)",,korslänkad,,GEN,ADJ,DOS,MS-DOS,generell term
CTRL,,CTRL,,GEN,N,DOS,MS-DOS,generell term
current,,aktuell,,GEN,ADJ,DOS,MS-DOS,generell term
current (codepage),,aktuell (teckentabell),,GEN,ADJ,DOS,MS-DOS,generell term
"current (time, date)",,"aktuell (tid), aktuellt (datum)",,GEN,ADJ,DOS,MS-DOS,generell term
Current capacity ratio,,Aktuellt kapacitetsförhållande,,TXT,N,DOS,MS-DOS,Defrag
current date,,aktuellt datum,,GEN,N,DOS,MS-DOS,generell term
current file,,aktuell fil,,TXT,N,DOS,MS-DOS,Backup-modul
Current Physical Size,,Aktuell fysisk storlek,,OPT,N,DOS,MS-DOS,Defrag
current time,,"aktuell tid, aktuellt klockslag",,GEN,N,DOS,MS-DOS,generell term
cursor,,markör,,GEN,N,DOS,MS-DOS,generell term
cursor key,,markörtangent,,GEN,N,DOS,MS-DOS,generell term
cyclic copy,,periodisk (cyklisk) kopiering,,GEN,N,DOS,MS-DOS,generell term
cylinder,,cylinder,,GEN,N,DOS,MS-DOS,generell term
daisy wheel printer,,typhjulskrivare,,GEN,N,DOS,MS-DOS,generell term
data,,data,,GEN,N,DOS,MS-DOS,generell term
data area (of a file),,dataarea,,GEN,N,DOS,MS-DOS,generell term
Data Compression,,Komprimering av information/data,,DIA,N,DOS,MS-DOS,Backup-modul
Data error (CRC),,Datafel,,TXT,N,DOS,MS-DOS,Backup-modul
data file,,datafil,,GEN,N,DOS,MS-DOS,generell term
Data Verification,,Kontroll av data,,DIA,N,DOS,MS-DOS,Backup-modul
database,,databas,,GEN,N,DOS,MS-DOS,generell term
databit,,databit,,GEN,N,DOS,MS-DOS,generell term
date,,datum,,GEN,N,DOS,MS-DOS,generell term
Date not entered properly.,,Felaktigt (inskrivet) datum,,TXT,N,DOS,MS-DOS,Backup-modul
Date range,,Datumintervall,,DIA,N,DOS,MS-DOS,Backup-modul
Dates out of order.,,Felaktiga datum.,,TXT,N,DOS,MS-DOS,Backup-modul
Day of the month,,dag i månaden,,TXT,N,DOS,MS-DOS,Backup-modul
Deactivate,,deaktivera,,COM,V,DOS,MS-DOS,Defrag
"deallocate(expanded memory, handle)",,frigöra,,GEN,V,DOS,MS-DOS,generell term
debug,,felsöka,,GEN,V,DOS,MS-DOS,generell term
debugging,,felsökning,,GEN,N,DOS,MS-DOS,generell term
decimal,,decimal,,GEN,N,DOS,MS-DOS,generell term
default,,standard,,GEN,N,DOS,MS-DOS,generell term
default directory (same as 'current ...'),,standardkatalog / aktuell katalog,,GEN,N,DOS,MS-DOS,generell term
default disk ,,"standarddisk, även ""aktuell disk/enhet""",,GEN,N,DOS,MS-DOS,generell term
default drive (same as 'current drive'),,standardenhet / aktuell enhet,,GEN,N,DOS,MS-DOS,generell term
Default Lines,,standardlinjer/standardrader,,OPT,N,DOS,MS-DOS,Backup-modul
default option settings,,standardinställningar av alternativ,,TXT,N,DOS,MS-DOS,Backup-modul
Defaults,,Standardinställningar,,COM,N,DOS,MS-DOS,Defrag
defragmentation utility,,defragmenteringsverktyg,,GEN,N,DOS,MS-DOS,generell term
Delete,,   Ta bort,,COM,V,DOS,MS-DOS,Backup-modul
delete,,ta bort,,GEN,N,DOS,MS-DOS,generell term
Delete,,Ta bort,,BUT,N,DOS,MS-DOS,Backup-modul
Delete,,Ta bort,,MNU,N,DOS,MS-DOS,Defrag
Delete,,Ta bort,,COM,N,DOS,MS-DOS,MSAVF-modul
DELETE (DEL),,DEL,,GEN,N,DOS,MS-DOS,generell term
Delete Catalog,,Ta bort filförteckning,,TDB,N,DOS,MS-DOS,Backup-modul
Delete Date,,Borttagningsdatum,,DIA,N,DOS,MS-DOS,Undel-modul
Delete files,,Ta bort filer,,BUT,N,DOS,MS-DOS,Backup-modul
Delete Protection,,Borttagningsskydd,,DIA,N,DOS,MS-DOS,Undel-modul
Delete Sentry,,Filvakt,V,CHX,N,DOS,MS-DOS,Undel-modul
Delete Setup,,   Ta bort inställningsfil,T,COM,V,DOS,MS-DOS,Backup-modul
Delete Setup File,,Ta bort inställningsfil,,DIA,N,DOS,MS-DOS,Backup-modul
Delete Setup Files,,Ta bort inställningsfiler,,DIA,N,DOS,MS-DOS,Backup-modul
delete this item,,"Ta bort element, även ""ta bort objekt""",,GEN,N,DOS,MS-DOS,generell term
Delete Time,,Borttagningstid,,DIA,N,DOS,MS-DOS,Undel-modul
Delete Tracker,,Filspårning,F,CHX,N,DOS,MS-DOS,Undel-modul
Delete tracking file,,Filspårningsfil,,GEN,N,DOS,MS-DOS,generell term
delimiter,,"gränstecken, avgränsare",,GEN,N,DOS,MS-DOS,generell term
Description ,,Beskrivning,,DIA,N,DOS,MS-DOS,Backup-modul
deselect,,Välja bort,,MNU,N,DOS,MS-DOS,Backup-modul
Deselect All,,Välja bort alla,,COM,N,DOS,MS-DOS,Backup-modul
Designing Backup Routines,,utformar rutiner för säkerhetskopiering,,TXT,N,DOS,MS-DOS,Backup-modul
desktop,,skrivbord,,TXT,N,DOS,MS-DOS,Backup-modul
destination,,"mål, destination",,GEN,N,DOS,MS-DOS,generell term
"destination (drive, directory)",,"mål (målenhet, målkatalog)",,GEN,N,DOS,MS-DOS,generell term
Destroyed,,"Förstörd,  förstört",,GEN,ADJ,DOS,MS-DOS,generell term
Detect,,Sök,S,COM,V,DOS,MS-DOS,MSAVF-modul
device,,enhet,,GEN,N,DOS,MS-DOS,generell term
device driver,,drivrutin,,GEN,N,DOS,MS-DOS,generell term
device error,,enhetsfel,,GEN,N,DOS,MS-DOS,generell term
device name,,enhetsnamn,,GEN,N,DOS,MS-DOS,generell term
dialog box,,dialogruta,,GEN,N,DOS,MS-DOS,generell term
Differential,,Differentiell,D,DIA,ADJ,DOS,MS-DOS,Backup-modul
Differential backup,,Differentiell säkerhetskopiering,,DIA,N,DOS,MS-DOS,Backup-modul
Differential backup type ,,Differentiell säkerhetskopieringstyp,,TXT,N,DOS,MS-DOS,Backup-modul
digit,,siffra,,GEN,N,DOS,MS-DOS,generell term
dimmed,,nedtonat,,TXT,ADJ,DOS,MS-DOS,Backup-modul
direction keys (see: arrow keys),,piltangenter,,GEN,N,DOS,MS-DOS,generell term
Directories Rebuilt,,Återskapade kataloger,,DIA,N,DOS,MS-DOS,Backup-modul
Directories to scan,,Kataloger att scanna,,DIA,N,DOS,MS-DOS,MSAVF-modul
directory,,katalog,,GEN,N,DOS,MS-DOS,generell term
Directory,,katalog,,DIA,N,DOS,MS-DOS,Undel-modul
directory listing,,"Kataloglistning, lista över filer och kataloger",,GEN,N,DOS,MS-DOS,generell term
directory name,,katalognamn,,GEN,N,DOS,MS-DOS,generell term
Directory pane,,Katalogruta,,DIA,N,DOS,MS-DOS,Backup-modul
directory tree,,katalogträd,,GEN,N,DOS,MS-DOS,generell term + Backup-modul
Disable Alarm Sound,,Stäng av varningssignal,,OPT,N,DOS,MS-DOS,MSAVF-modul
Disable this message,,Spärra detta meddelande,,CHX,N,DOS,MS-DOS,Backup-modul
disassemble [v] (DEBUG),,disassemblera,,GEN,V,DOS,MS-DOS,generell term
Discard Changes,,ignorera ändringar,,TXT,N,DOS,MS-DOS,Backup-modul
disk,,disk/diskett,,GEN,N,DOS,MS-DOS,generell term + Undel-modul
"Disk 1,2,.. (installation disk)",,"Installationsdiskett 1,2,...",,GEN,N,DOS,MS-DOS,generell term
disk buffer,,diskbuffert,,GEN,N,DOS,MS-DOS,generell term
disk cache,,cache / disk-cache,,GEN,N,DOS,MS-DOS,generell term
Disk Change Detection,,Diskettbytesavkänning,,DIA,N,DOS,MS-DOS,Backup-modul
Disk Change Test,,Diskettbytestest,,DIA,N,DOS,MS-DOS,Backup-modul
Disk compaction,,komprimering av disk,,GEN,N,DOS,MS-DOS,generell term
Disk Compare,,Diskjämförelse,,GEN,N,DOS,MS-DOS,generell term
Disk Copy,,Kopiera disketter,,GEN,N,DOS,MS-DOS,generell term
disk drive,,disk/diskettenhet,,GEN,N,DOS,MS-DOS,generell term
disk drive door,,diskettlucka,,GEN,N,DOS,MS-DOS,generell term
disk partition,,diskpartition,,GEN,N,DOS,MS-DOS,generell term
disk protection,,skrivskydd,,GEN,N,DOS,MS-DOS,generell term
disk space (CHKDSK),,diskutrymme,,GEN,N,DOS,MS-DOS,generell term
disk space (SYS),,diskutrymme,,GEN,N,DOS,MS-DOS,generell term
disk-caching program,,cache-program / diskcache-program,,GEN,N,DOS,MS-DOS,generell term
diskette,,diskett,,GEN,N,DOS,MS-DOS,generell term
Diskette Overwrite Warning,,Varning när innehåll på diskett ersätts,,OPT,N,DOS,MS-DOS,Backup-modul
Disks,,Disketter/Diskar,,DIA,N,DOS,MS-DOS,Backup-modul
Display,,"Visa (v) Skärm, Bildskärm (s)",,BUT,N,DOS,MS-DOS,Backup-modul
display (v),,visa,,GEN,V,DOS,MS-DOS,generell term
display [n],,bildskärm,,GEN,N,DOS,MS-DOS,generell term
Display Directory Before Backup,,Visa katalog före säkerhetskopiering ,,OPT,N,DOS,MS-DOS,Backup-modul
Display Directory Prior to Backup,,Visa katalog före säkerhetskopiering,,OPT,N,DOS,MS-DOS,Backup-modul
display driver,,drivrutin för bildskärm,,GEN,N,DOS,MS-DOS,generell term
Display Lines,,Visa linjer,,DIA,N,DOS,MS-DOS,Backup-modul
display options,,visningsalternativ,,GEN,N,DOS,MS-DOS,generell term
Display Options,,visningsalternativ,,DIA,N,DOS,MS-DOS,Backup-modul
Divide Overflow Error,,Divisionsfel (spill),,TXT,N,DOS,MS-DOS,Backup-modul
DMA buffer memory,,DMA-buffertminne,,TXT,N,DOS,MS-DOS,Backup-modul
DMA(direct memory acces),,direkt minnesåtkomst (DMA),,GEN,N,DOS,MS-DOS,generell term
DOCFILES.SET setup file not found.,,Kan inte hitta inställningsfilen DOCFILES.SET.,,TXT,N,DOS,MS-DOS,Backup-modul
DOS compatible tape drives,,MS-DOS-kompatibla bandenheter,,TXT,N,DOS,MS-DOS,Backup-modul
DOS Drive and Path,,MS-DOS-enhet och -sökväg ELLER sökväg,,BUT,N,DOS,MS-DOS,Backup-modul
DOS partition,,DOS-partition,,GEN,N,DOS,MS-DOS,generell term
DOS Path,,MS-DOS-sökväg ELLER Sökväg,,DIA,N,DOS,MS-DOS,Backup-modul
DOS Utilities,,DOS-tillbehör,,GEN,N,DOS,MS-DOS,generell term
dot matrix printer,,(punkt)matrisskrivare,,GEN,N,DOS,MS-DOS,generell term
double click,,dubbelklicka,,GEN,V,DOS,MS-DOS,generell term
double-click,,dubbelklickning,,TXT,N,DOS,MS-DOS,Backup-modul
Double-click Speed (slow/fast),,Dubbelklickning (snabb/långsam),D,OPT,N,DOS,MS-DOS,Backup-modul
double-density disk,,diskett med dubbel densitet,,GEN,N,DOS,MS-DOS,generell term
double-sided,,dubbelsidig,,GEN,ADJ,DOS,MS-DOS,generell term
down arrow,,NEDPIL,,GEN,N,DOS,MS-DOS,generell term
drag,,dra,,TXT,V,DOS,MS-DOS,Backup-modul
drag (Mouse),,dra (musen),,GEN,V,DOS,MS-DOS,generell term
drag and drop,,dra och släpp,,TXT,N,DOS,MS-DOS,Backup-modul
Drag-and-Drop Backup,,säkerhetskopiera med musen,,TXT,N,DOS,MS-DOS,Backup-modul
drive,,enhet,,GEN,N,DOS,MS-DOS,generell term
Drive ,,Enhet,,TXB,N,DOS,MS-DOS,Backup-modul
Drive (Path) Too long,,För lång sökväg till enheten ,,TDB,N,DOS,MS-DOS,Backup-modul
drive (re)assignment,,enhetstilldelning,,GEN,N,DOS,MS-DOS,generell term
Drive A,,Enhet A,,DIA,N,DOS,MS-DOS,Backup-modul
Drive A Configuration,,Konfiguration för enhet A,,DIA,N,DOS,MS-DOS,Backup-modul
Drive B,,Enhet B,,DIA,N,DOS,MS-DOS,Backup-modul
Drive B Configuration,,Konfiguration för enhet B,,DIA,N,DOS,MS-DOS,Backup-modul
Drive Configuration,,Enhetskonfiguration,,DIA,N,DOS,MS-DOS,Backup-modul
drive door,,diskettlucka,,GEN,N,DOS,MS-DOS,generell term
drive icon,,enhetsikon,,TXT,N,DOS,MS-DOS,Backup-modul
"Drive is active, Format?",,Aktiv enhet. Vill du formatera?,,TXT,N,DOS,MS-DOS,Defrag
drive LED,,(LED-)indikator för aktiv enhet,,GEN,N,DOS,MS-DOS,generell term
drive letter,,Enhetsbeteckning,,GEN,N,DOS,MS-DOS,generell term
Drive line,,Enhetsfält,,TXT,N,DOS,MS-DOS,MSAVF-modul
Drive List,,Enheter/Tillgängliga enheter ?,,DIA,N,DOS,MS-DOS,Backup-modul
"drive name, letter",,enhetsbeteckning,,GEN,N,DOS,MS-DOS,generell term
Drive not ready,,Enheten är inte klar,,TXT,N,DOS,MS-DOS,Backup-modul
drive progress bar,,Förloppsindikator ?,,TXT,N,DOS,MS-DOS,Backup-modul
Drive to test,,Testenhet,,TXT,N,DOS,MS-DOS,Backup-modul
drop-down list box,,listruta,,TXT,N,DOS,MS-DOS,Backup-modul
drop-down menus,,menyer,,GEN,N,DOS,MS-DOS,generell term
Dual drive rebuild not supported.,,Återskapande av dubbla enheter stöds inte.,,TXT,N,DOS,MS-DOS,Backup-modul
dummy (replacable parameter),,dummy (utbytbar parameter) ,,GEN,N,DOS,MS-DOS,generell term
dump (memory),,dump,,GEN,N,DOS,MS-DOS,generell term
echo (ECHO),,skriva på skärmen,,GEN,N,DOS,MS-DOS,generell term
Edit,,Redigera,,GEN,V,DOS,MS-DOS,generell term
Edit,,Redigera,R,BUT,V,DOS,MS-DOS,Backup-modul
edit box,,skrivruta,,TXT,N,DOS,MS-DOS,Backup-modul
Edit Include/Exclude List,,Redigera lista över Inkludera/Undanta,,TDB,N,DOS,MS-DOS,Backup-modul
editing key,,redigeringstangent,,GEN,N,DOS,MS-DOS,generell term
editing template,,redigeringsmall,,GEN,N,DOS,MS-DOS,generell term
editor,,"redigeringsprogram, redigerare",,GEN,N,DOS,MS-DOS,generell term
EDLIN,,EDLIN (radredigerare),,GEN,N,DOS,MS-DOS,generell term
EGA/VGA Colors #1,,EGA/VGA-färger  (grupp 1),,OPT,N,DOS,MS-DOS,Backup-modul
EGA/VGA Colors #2,,EGA/VGA-färger  (grupp 2),,OPT,N,DOS,MS-DOS,Backup-modul
ellipses (...),,punkter (...),,GEN,N,DOS,MS-DOS,generell term
EMM(Expanded Memory Manager),,hanterare för expanderat minne (EMM),,GEN,N,DOS,MS-DOS,generell term
EMS driver (expanded memory),,drivrutin för expanderat minne,,GEN,N,DOS,MS-DOS,generell term
emulator,,emulator,,GEN,N,DOS,MS-DOS,generell term
END,,END,,GEN,N,DOS,MS-DOS,generell term
end-of-file (EOF),,"filslut, filslutstecken (EOF)",,GEN,N,DOS,MS-DOS,generell term
end-of-line,,radens slut/radslut/radslutstecken (EOL),,GEN,N,DOS,MS-DOS,generell term
enhancement,,förbättring,,GEN,N,DOS,MS-DOS,generell term
enter,,skriva in,,GEN,N,DOS,MS-DOS,generell term
ENTER,,RETUR,,GEN,N,DOS,MS-DOS,generell term
Enter disk letter for,,Skriv (ange) enhetsbeteckning för,,TXT,N,DOS,MS-DOS,Defrag
Enter New Password,,Skriv in nytt lösenord,,OPT,N,DOS,MS-DOS,Defrag
Enter Old Password,,Skriv in gammalt lösenord,,OPT,N,DOS,MS-DOS,Defrag
Enter Password,,Ange lösenord,,TDB,N,DOS,MS-DOS,Backup-modul
"entry (directory, extent, allocation unit, log)",,post,,GEN,N,DOS,MS-DOS,generell term
entry (keyboard),,"inmatning, omskrivning med ""skriva in""",,GEN,N,DOS,MS-DOS,generell term
Entry error. Title is entered incorrectly,,Inmatningsfel. Felaktig inmatning av rubrik,,TXT,N,DOS,MS-DOS,Backup-modul
environment,,miljö,,GEN,N,DOS,MS-DOS,generell term
environment size,,miljöstorlek,,GEN,N,DOS,MS-DOS,generell term
environment space,,minnesområde för miljön,,GEN,N,DOS,MS-DOS,generell term
equal sign (=),,likhetstecken,,GEN,N,DOS,MS-DOS,generell term
error,,fel,,GEN,N,DOS,MS-DOS,generell term
Error Correction (ECC)=Error Correction Code,,Felrättningskod,,CHX,N,DOS,MS-DOS,Backup-modul
error message,,felmeddelande,,GEN,N,DOS,MS-DOS,generell term
ESC,,ESC,,GEN,N,DOS,MS-DOS,generell term
escape sequence,,"ESC-sekvens, skiftsekvens",,GEN,N,DOS,MS-DOS,generell term
Examine,,"undersöka, pröva",,GEN,V,DOS,MS-DOS,Undel-modul
Exclude,,Undanta,N,BUT,V,DOS,MS-DOS,Backup-modul
Exclude Copy Protected Files,,Undanta kopieringsskyddade filer,,OPT,N,DOS,MS-DOS,Backup-modul
Exclude File Specification,,Specifikation av Undanta filer,,OPT,N,DOS,MS-DOS,Backup-modul
Exclude Files,,Undanta filer,,DIA,N,DOS,MS-DOS,Backup-modul
Exclude Hidden Files,,Undanta dolda filer,D,CHX,N,DOS,MS-DOS,Backup-modul
Exclude Read-Only Files,,Undanta skrivskyddade filer,S,CHX,N,DOS,MS-DOS,Backup-modul
Exclude System Files,,Undanta systemfiler,Y,CHX,N,DOS,MS-DOS,Backup-modul
executable file,,körbar fil,,TXT,N,DOS,MS-DOS,Backup-modul
"execute, executable",,"köra, körbar",,GEN,N,DOS,MS-DOS,generell term
Existing File,,befintlig fil,,GEN,N,DOS,MS-DOS,Undel-modul
Exit,,   Avsluta,V,COM,V,DOS,MS-DOS,Backup-modul
Exit,,   Avsluta,A,COM,V,DOS,MS-DOS,Undel-modul
exit,,avsluta,,GEN,V,DOS,MS-DOS,generell term
Exit,,Avsluta,A,COM,V,DOS,MS-DOS,MSAVF-modul
exit code,,slutkod,,GEN,N,DOS,MS-DOS,generell term
Exit File System,,Avsluta Filsystem,,GEN,N,DOS,MS-DOS,generell term
Exit Program,,Avsluta ,A,OPT,V,DOS,MS-DOS,Backup-modul
Exit Shell,,Avsluta Skal,,GEN,N,DOS,MS-DOS,generell term
expand (compressed files),,expandera,,GEN,V,DOS,MS-DOS,generell term
Expand All,,Utöka alla,,MNU,N,DOS,MS-DOS,Backup-modul
Expand Branch,,Visa underkataloger,,MNU,N,DOS,MS-DOS,Backup-modul
Expand One Level,,Utöka en nivå,,MNU,N,DOS,MS-DOS,Backup-modul
expandable device driver,,expanderbar drivrutin,,GEN,N,DOS,MS-DOS,generell term
expanded memory,,expanderat minne,,GEN,N,DOS,MS-DOS,generell term
Expanded Memory Adapter (EMS),,adapter för expanderat minne,,GEN,N,DOS,MS-DOS,generell term
expanded memory card,,kretskort för expanderat minne,,GEN,N,DOS,MS-DOS,generell term
Expanded Memory Manager,,hanterare för expanderat minne (EMM),,GEN,N,DOS,MS-DOS,generell term
Expanding Dialogs,,Förstora dialogrutor,F,OPT,N,DOS,MS-DOS,Backup-modul
Express menu,,"Expressmeny, Snabbmeny",,TXT,N,DOS,MS-DOS,MSAVF-modul
extend,,"utvidga, utöka",,GEN,V,DOS,MS-DOS,generell term
Extend,,utvidga,,TDB,V,DOS,MS-DOS,Defrag
extended character set (GRAFTABL),,utökad teckenuppsättning,,GEN,N,DOS,MS-DOS,generell term
"extended memory (XMS,XMA)",,utökat minne,,GEN,N,DOS,MS-DOS,generell term
Extended Memory Manager,,hanterare för utökat minne (XMM),,GEN,N,DOS,MS-DOS,generell term
Extended Memory Specification,,specifikation av utökat minne (XMS),,GEN,N,DOS,MS-DOS,generell term
extended partition,,utökad partition,,GEN,N,DOS,MS-DOS,generell term
extension,,tillägg,,GEN,N,DOS,MS-DOS,generell term + Undel-modul
external command,,externt kommando,,GEN,N,DOS,MS-DOS,generell term
external drive,,extern enhet,,GEN,N,DOS,MS-DOS,generell term
External Floppy Drives,,Externa diskettenheter,,TXT,N,DOS,MS-DOS,Backup-modul
Fail,,Fortsätt,,GEN,V,DOS,MS-DOS,generell term
"far (jump,call,DEBUG)",,lång(t),,GEN,ADJ,DOS,MS-DOS,generell term
fatal (error),,oåterkalleligt (fel),,GEN,ADJ,DOS,MS-DOS,generell term
"fault (write, read, network data)",,fel,,GEN,N,DOS,MS-DOS,generell term
Field,,fält,,TXT,N,DOS,MS-DOS,Backup-modul
file,,fil,,GEN,N,DOS,MS-DOS,generell term
File,,Arkiv,R ,MNU,N,DOS,MS-DOS,Backup-modul
File,,fil,,TXB,N,DOS,MS-DOS,Backup-modul
File,,fil,,TXT,N,DOS,MS-DOS,MSAVF-modul
File,,Arkiv,A,MNU,N,DOS,MS-DOS,Undel-modul
File Allocation Table (FAT),,filallokeringstabell (FAT),,GEN,N,DOS,MS-DOS,Undel-modul
File Attributes,,Filattribut,,DIA,N,DOS,MS-DOS,Backup-modul
file commands,,filkommandon,,GEN,N,DOS,MS-DOS,generell term
file control block (FCB),,filstyrblock,,GEN,N,DOS,MS-DOS,generell term
File Date,,Fildatum,,DIA,N,DOS,MS-DOS,Backup-modul
File Extension,,Filtillägg,,DIA,N,DOS,MS-DOS,Backup-modul
File Filter,,Filfilter,F,TXT,N,DOS,MS-DOS,Backup-modul
file folder icon,,filmappsikon,,TXT,N,DOS,MS-DOS,Backup-modul
file handle (APPEND),,filhantering,,GEN,N,DOS,MS-DOS,generell term
file handler  ,,filhanterare,,GEN,N,DOS,MS-DOS,generell term
File infectors,,Filinfekterare ,,TXT,N,DOS,MS-DOS,MSAVF-modul
File Info...,,   Filinformation,I,COM,N,DOS,MS-DOS,Undel-modul
File List,,Fillista,,DIA,N,DOS,MS-DOS,Backup-modul
File Name,,Filnamn,N,DIA,N,DOS,MS-DOS,Backup-modul
File name entered incorrectly.,,Felaktigt angivet filnamn.,,TXT,N,DOS,MS-DOS,Backup-modul
file name; filename; file name extension,,filnamn,,GEN,N,DOS,MS-DOS,generell term
File Options,,Filalternativ,,GEN,N,DOS,MS-DOS,generell term
file pane,,filfönsterruta,,TXT,N,DOS,MS-DOS,Backup-modul
File Selection,,filmarkering/filval,,DIA,N,DOS,MS-DOS,Backup-modul
file sharing,,fildelning,,GEN,N,DOS,MS-DOS,generell term
File Size,,Filstorlek,,DIA,N,DOS,MS-DOS,Backup-modul
file specification,,filspecifikation,,GEN,N,DOS,MS-DOS,Backup-modul + Undel-modul
File Status,,filstatus,,GEN,N,DOS,MS-DOS,Undel-modul
file summary line,,rad med filinformation,,TXT,N,DOS,MS-DOS,Backup-modul
file system,,filsystem,,GEN,N,DOS,MS-DOS,generell term
file table information,,information i filtabell,,GEN,N,DOS,MS-DOS,generell term
File Time,,Filtid ,,DIA,N,DOS,MS-DOS,Backup-modul
Files,,Filer,F,DIA,N,DOS,MS-DOS,Backup-modul
Files Backed Up,,Säkerhetskopierade filer,,DIA,N,DOS,MS-DOS,Backup-modul
Files Compared,,Jämförda filer,,DIA,N,DOS,MS-DOS,Backup-modul
Files in current dir,,Filer i aktuell katalog,,DIA,N,DOS,MS-DOS,MSAVF-modul
Files Rebuilt,,Återskapade filer,,DIA,N,DOS,MS-DOS,Backup-modul
Files Restored,,Återställda filer,,DIA,N,DOS,MS-DOS,Backup-modul
Files Selected,,Valda/markerade filer,,DIA,N,DOS,MS-DOS,Backup-modul
filter,,filter,,GEN,N,DOS,MS-DOS,generell term
filter command,,filterkommando,,GEN,N,DOS,MS-DOS,generell term
Find Deleted Files...,,   Sök borttagna filer,S,COM,N,DOS,MS-DOS,Undel-modul
Find Next,,Sök nästa,N,TXT,N,DOS,MS-DOS,MSAVF-modul
Finished Optimizing,,Optimeringen klar,,DIA,N,DOS,MS-DOS,Defrag
fixed disk,,hårddisk,,GEN,N,DOS,MS-DOS,generell term
fixed disk drive,,hårddisk,,GEN,N,DOS,MS-DOS,generell term
flag,,flagga,,GEN,N,DOS,MS-DOS,generell term
"flag (assembler,DEBUG)",,flagga,,GEN,N,DOS,MS-DOS,generell term
Floppy Configuration,,Diskettkonfiguration,,BUT,N,DOS,MS-DOS,Backup-modul
floppy disk,,diskett,,TXT,N,DOS,MS-DOS,Backup-modul
Floppy Disk Drive,,diskettenhet,,DIA,N,DOS,MS-DOS,Backup-modul
"floppy disk, floppy disk drive",,"diskett, diskettenhet",,GEN,N,DOS,MS-DOS,generell term
Floppy Drive A,,Diskettenhet A,A,BUT,N,DOS,MS-DOS,Backup-modul
Floppy Drive B,,Diskettenhet B,B,BUT,N,DOS,MS-DOS,Backup-modul
Floppy Drive Configuration,,konfiguration för/konfigurering av diskettenhet,,DIA,N,DOS,MS-DOS,Backup-modul
Floppy Drive Type,,diskettenhetstyp,,DIA,N,DOS,MS-DOS,Backup-modul
flush (buffers),,tömma (buffertar),,GEN,V,DOS,MS-DOS,generell term
font,,teckensnitt,,GEN,N,DOS,MS-DOS,generell term
foreground,,förgrund,,GEN,N,DOS,MS-DOS,generell term + Backup-modul
form factor (DRIVPARM),,formfaktor,,GEN,N,DOS,MS-DOS,generell term
Format,,format,,MNU,N,DOS,MS-DOS,Defrag
Format ,,Format,,TDB,N,DOS,MS-DOS,Defrag
format [n],,format,,GEN,N,DOS,MS-DOS,generell term
format [v],,formatera,,GEN,V,DOS,MS-DOS,generell term
forward slash,,snedstreck (/),,GEN,N,DOS,MS-DOS,generell term
Fragment,,fragment / fragmentera,,GEN,N,DOS,MS-DOS,Undel-modul
fragmented (file),,fragmenterad,,GEN,ADJ,DOS,MS-DOS,generell term
frame segment (memory),,ramsegment,,GEN,N,DOS,MS-DOS,generell term
free (space),,"tillgängligt utrymme, ledigt utrymme",,GEN,N,DOS,MS-DOS,generell term
Free Clusters,,lediga grupper,,GEN,N,DOS,MS-DOS,Undel-modul
freeze (display),,låsa,,GEN,V,DOS,MS-DOS,generell term
From (intervalle de temps),,från,,TXT,PREP,DOS,MS-DOS,Backup-modul
Full,,"hel, fullständig, full",,DIA,ADJ,DOS,MS-DOS,Backup-modul
Full backup,,Fullständig säkerhetskopiering,,DIA,N,DOS,MS-DOS,Backup-modul
function (system call),,funktion,,GEN,N,DOS,MS-DOS,generell term
General failure,,Allmänt fel,,TXT,N,DOS,MS-DOS,Backup-modul
General Help Topics,,Allmänna hjälpavsnitt,,DIA,N,DOS,MS-DOS,Backup-modul
Getting Started (MS-DOS Guide),,Startbok (MS-DOS-handbok)/kapitlet 'Installera MS-DOS',,GEN,N,DOS,MS-DOS,generell term
"Getting Started (QBasic, Edit Help)",,Startbok ,,GEN,N,DOS,MS-DOS,generell term
Glossary,,   Ordlista,L,COM,N,DOS,MS-DOS,Backup-modul + Undel-modul
Graphic Rendition,,Grafisk presentation ?,,GEN,N,DOS,MS-DOS,generell term
Graphical controls,,Grafikläge 1: Knappar,,OPT,N,DOS,MS-DOS,Backup-modul
Graphical Controls and Mouse ,,Grafikläge 2: Knappar och mus,,OPT,N,DOS,MS-DOS,Backup-modul
"Graphical Controls, Mouse and Dialogs",,"Grafikläge 3: Knappar, mus och dialogrutor",,OPT,N,DOS,MS-DOS,Backup-modul
Graphical Display,,Visningsalternativ ,V,OPT,N,DOS,MS-DOS,Backup-modul
graphical interface,,grafiskt gränssnitt,,GEN,N,DOS,MS-DOS,generell term
Graphics,,Grafik,,OPT,N,DOS,MS-DOS,Backup-modul
grayed out,,nedtonat,,TXT,ADJ,DOS,MS-DOS,Backup-modul
greater-than sign (>),,större än-tecken,,GEN,N,DOS,MS-DOS,generell term
Green & Brown,,Grön & brun,,OPT,ADJ,DOS,MS-DOS,Backup-modul
group,,"gruppera, grupp",,GEN,N,DOS,MS-DOS,generell term
group box,,gruppruta,,TXT,N,DOS,MS-DOS,Backup-modul
group list,,grupplista,,GEN,N,DOS,MS-DOS,generell term
Group Selected Files,,Gruppera valda filer,G,OPT,N,DOS,MS-DOS,Backup-modul
handle,,handtag,,GEN,N,DOS,MS-DOS,generell term
handler,,hanterare,,GEN,N,DOS,MS-DOS,generell term
hard disk,,hårddisk,,TXT,N,DOS,MS-DOS,Backup-modul
hard disk settings,,hårddiskinställning,,GEN,N,DOS,MS-DOS,generell term
hard disk; hard disk drive,,hårddisk,,GEN,N,DOS,MS-DOS,generell term
Hard Mouse Reset,,Återställning av mus,T,OPT,N,DOS,MS-DOS,Backup-modul
hardcard,,kretskort med hårddisk,,GEN,N,DOS,MS-DOS,generell term
hardware code pages,,inbyggd teckentabell,,GEN,N,DOS,MS-DOS,generell term
hardware trace mode,,spårnings/felsökningsläge,,GEN,N,DOS,MS-DOS,generell term
header (of an .EXE file),,filhuvud,,GEN,N,DOS,MS-DOS,generell term
help,,hjälp,,GEN,N,DOS,MS-DOS,generell term
Help,,Hjälp,H,DIA,N,DOS,MS-DOS,Backup-modul
Help,,?,?,MNU,N,DOS,MS-DOS,Undel-modul + Backup-modul
Help (disk),,hjälp,,GEN,N,DOS,MS-DOS,generell term
help text,,hjälptext,,GEN,N,DOS,MS-DOS,generell term
Hidden ,,"Dold, Dolt, Dolda",,TXT,ADJ,DOS,MS-DOS,Backup-modul
hidden (file),,gömd (fil),,GEN,ADJ,DOS,MS-DOS,generell term
hidden attribute,,attributet dolt,,TXT,N,DOS,MS-DOS,Backup-modul
High Memory Area (HMA),,Höga minnesområdet (High Memory Area),,GEN,N,DOS,MS-DOS,generell term
High Resolution,,hög upplösning,,OPT,N,DOS,MS-DOS,Backup-modul
high-capacity floppy disk (drive),,diskettenhet för högkapacitetsdisketter,,GEN,N,DOS,MS-DOS,generell term
high-density disk,,högdensitetsdiskett,,GEN,N,DOS,MS-DOS,generell term
high-level language,,högnivåspråk,,GEN,N,DOS,MS-DOS,generell term
high-start address,,hög startadress,,GEN,N,DOS,MS-DOS,generell term
HOME,,HOME,,GEN,N,DOS,MS-DOS,generell term
Host drive,,Värdenhet,,OPT,N,DOS,MS-DOS,Defrag
hotkey,,snabbtangent,,TXT,N,DOS,MS-DOS,Backup-modul
hyphen,,bindestreck,,GEN,N,DOS,MS-DOS,generell term
icon,,ikon,,GEN,N,DOS,MS-DOS,generell term
id.,,ID,,GEN,N,DOS,MS-DOS,generell term
ignore,,ignorera,,GEN,V,DOS,MS-DOS,generell term
illegal,,ogiltig,,GEN,ADJ,DOS,MS-DOS,generell term
illegal (parameter),,ogiltig,,GEN,ADJ,DOS,MS-DOS,generell term
Immunize,,Virusskydda,,TXT,V,DOS,MS-DOS,MSAVF-modul
in windows-size increments,,i fönsterstora ökningar,,TXT,N,DOS,MS-DOS,Backup-modul
Include,,Inkludera,K,BUT,V,DOS,MS-DOS,Backup-modul
Include All Subdirectories,,Inkludera alla underkataloger,I,DIA,N,DOS,MS-DOS,Backup-modul
Include Files,,Inkludera filer,,DIA,N,DOS,MS-DOS,Backup-modul
Include Subdirectories,,Inkludera underkataloger,,CHX,N,DOS,MS-DOS,Backup-modul
Include/Exclude function(s),,Inkludera/Undanta funktion(er),,TXT,N,DOS,MS-DOS,Backup-modul
Include/Exclude List,,Lista över Inkludera/Undanta,,DIA,N,DOS,MS-DOS,Backup-modul
Include/Exclude Statements,,Inkludera/Undanta programsatser,,TXT,N,DOS,MS-DOS,Backup-modul
"incorrect (DOS version, file type)",,felaktig,,GEN,ADJ,DOS,MS-DOS,generell term
Incremental,,inkrementell,I,DIA,ADJ,DOS,MS-DOS,Backup-modul
Incremental Backup,,Inkrementell säkerhetskopiering,,DIA,N,DOS,MS-DOS,Backup-modul
Index,,   Innehåll,I,COM,N,DOS,MS-DOS,Backup-modul
Infected,,Infekterad/t,,TXT,ADJ,DOS,MS-DOS,MSAVF-modul
"information ""?"" cursor",,informationsmarkör (?),,TXT,N,DOS,MS-DOS,Backup-modul
information box,,informationsruta,,TXT,N,DOS,MS-DOS,Backup-modul
informational message,,meddelande,,GEN,N,DOS,MS-DOS,generell term
ink jet printer,,bläckstråleskrivare,,GEN,N,DOS,MS-DOS,generell term
input,,indata,,GEN,N,DOS,MS-DOS,generell term
insert,,infoga,,GEN,V,DOS,MS-DOS,generell term
INSERT (INS),,INS,,GEN,V,DOS,MS-DOS,generell term
install,,installera,,GEN,V,DOS,MS-DOS,generell term
installable,,installerbar,,GEN,ADJ,DOS,MS-DOS,generell term
installation,,installation,,GEN,N,DOS,MS-DOS,generell term
instruction,,instruktion,,GEN,N,DOS,MS-DOS,generell term
instruction pointer,,instruktionspekare,,GEN,N,DOS,MS-DOS,generell term
"insufficient (space, memory)",,"otillräckligt, för lite ledigt",,GEN,ADJ,DOS,MS-DOS,generell term
integer,,heltal,,GEN,N,DOS,MS-DOS,generell term
intermediate subdirectory,,mellankatalog,,GEN,N,DOS,MS-DOS,generell term
internal command,,internt kommando,,GEN,N,DOS,MS-DOS,generell term
internal memory,,arbetsminne,,GEN,N,DOS,MS-DOS,generell term
internal name,,internt namn,,GEN,N,DOS,MS-DOS,generell term
internal tape drive,,intern bandstation,,GEN,N,DOS,MS-DOS,generell term
interrupt,,avbryta,,GEN,V,DOS,MS-DOS,generell term
"interrupt code (assembler,DEBUG)",,avbrottskod,,GEN,N,DOS,MS-DOS,generell term
invalid,,"ogiltig, oläslig, felaktig, otillåten",,GEN,ADJ,DOS,MS-DOS,generell term
Invalid drive specifier,,Ogiltig enhetsangivelse,,TXT,N,DOS,MS-DOS,Backup-modul
invoke,,framkalla,,GEN,V,DOS,MS-DOS,generell term
italic,,kursiv,,GEN,ADJ,DOS,MS-DOS,generell term
join,,"förena, foga samman",,GEN,V,DOS,MS-DOS,generell term
join (JOIN),,förena,,GEN,V,DOS,MS-DOS,generell term
"jump (assembler,DEBUG)",,hopp,,GEN,N,DOS,MS-DOS,generell term
Keep Old Backup Catalogs,,Behåll gamla filförteckningar över säkerhetskopior,,CHX,N,DOS,MS-DOS,Backup-modul
key,,tangent,,GEN,N,DOS,MS-DOS,generell term
key combination,,tangentkombination,,GEN,N,DOS,MS-DOS,generell term
key sequence,,"tangentsekvens, tangentkombination",,GEN,N,DOS,MS-DOS,generell term
key word,,nyckelord,,GEN,N,DOS,MS-DOS,generell term
Keyboard,,   Tangentbord,T,COM,N,DOS,MS-DOS,Backup-modul + Undel-modul
keyboard,,tangentbord,,GEN,N,DOS,MS-DOS,generell term
keyboard code ( KEYB),,tangentbordskod,,GEN,N,DOS,MS-DOS,generell term
keyboard definition file,,definitionsfil för tangentbord,,GEN,N,DOS,MS-DOS,generell term
keyboard definition table,,definitionstabell för tangentbord,,GEN,N,DOS,MS-DOS,generell term
keyboard ID,,tangentsbords-ID,,GEN,N,DOS,MS-DOS,generell term
keyboard layout,,tangentbordslayout,,GEN,N,DOS,MS-DOS,generell term
kilobyte,,kilobyte (kb),,GEN,N,DOS,MS-DOS,generell term
Label (command GOTO),,Etikett/Namnge,,GEN,V,DOS,MS-DOS,generell term
"label (disk, see also: volume label)",,etikett,,GEN,N,DOS,MS-DOS,generell term
language-specific,,språkspecifik,,GEN,ADJ,DOS,MS-DOS,generell term
Laptop,,bärbar dator,B,OPT,N,DOS,MS-DOS,Backup-modul
Last Action,,Senaste åtgärd,,DIA,N,DOS,MS-DOS,MSAVF-modul
Last Virus Found,,Senast upptäckta virus/Senaste virus,,DIA,N,DOS,MS-DOS,MSAVF-modul
"Latin (I and II, code page, character set)",,Latin (I och II),,GEN,N,DOS,MS-DOS,generell term
launch,,starta,,TXT,V,DOS,MS-DOS,Backup-modul
left arrow,,VÄNSTERPIL,,GEN,N,DOS,MS-DOS,generell term
Left-Handed mouse,,mus för vänsterhänta,M,OPT,N,DOS,MS-DOS,Backup-modul
Legend,,Förklaring,,DIA,N,DOS,MS-DOS,Backup-modul
less-than sign (<),,mindre än-tecken,,GEN,N,DOS,MS-DOS,generell term
level (directory),,nivå,,GEN,N,DOS,MS-DOS,generell term
library,,bibliotek,,GEN,N,DOS,MS-DOS,generell term
LIM (Lotus-Intel-MS Expanded Memory Specification),,LIM,,GEN,N,DOS,MS-DOS,generell term
line buffer,,radbuffert,,GEN,N,DOS,MS-DOS,generell term
line editor,,radredigerare,,GEN,N,DOS,MS-DOS,generell term
line option,,radalternativ,,GEN,N,DOS,MS-DOS,generell term
line printer,,radskrivare,,GEN,N,DOS,MS-DOS,generell term
Lines/pages,,Rader/sidor,,DIA,N,DOS,MS-DOS,Backup-modul
"link [n] (in the file system,CHKDSK)",,länk,,GEN,N,DOS,MS-DOS,generell term
link [v] (LINK),,länka,,GEN,V,DOS,MS-DOS,generell term
link file,,länka fil,,GEN,N,DOS,MS-DOS,generell term
link term,,länkningsterm/-vilkor,,TXT,N,DOS,MS-DOS,Backup-modul
linker,,"länkare, länkningsprogram",,GEN,N,DOS,MS-DOS,generell term
Liquid Crystal Display (LCD),,LCD-skärm,,GEN,N,DOS,MS-DOS,generell term
list,,lista,,GEN,N,DOS,MS-DOS,generell term
list box,,listruta,,GEN,N,DOS,MS-DOS,generell term
list box(es),,listruta/listrutor,,TXT,N,DOS,MS-DOS,Backup-modul
List(s) Zone(s),,listzon(er) ?,,TXT,N,DOS,MS-DOS,Backup-modul
Load,,   Ladda,,COM,V,DOS,MS-DOS,Backup-modul
load,,"ladda, läsa in",,GEN,V,DOS,MS-DOS,generell term
Load ,,Ladda,,BUT,V,DOS,MS-DOS,Backup-modul
Load Catalog,,Ladda filförteckning,,TDB,N,DOS,MS-DOS,Backup-modul
load segment (EXE2BIN),,laddningssegment,,GEN,N,DOS,MS-DOS,generell term
local drive,,lokal  enhet,,GEN,N,DOS,MS-DOS,generell term
location,,läge,,GEN,N,DOS,MS-DOS,generell term
location (memory),,minnesposition,,GEN,N,DOS,MS-DOS,generell term
location pointer,,allokeringspekare,,GEN,N,DOS,MS-DOS,generell term
lock,,"lås, låsa",,GEN,N,DOS,MS-DOS,generell term
locked file (SHARE),,låst fil,,GEN,N,DOS,MS-DOS,generell term
log entry (backup),,anteckning om kopiering,,GEN,N,DOS,MS-DOS,generell term
log file (backup),,loggfil,,GEN,N,DOS,MS-DOS,generell term
logging a drive,,logga en enhet,,TXT,N,DOS,MS-DOS,Backup-modul
logical drive,,logisk enhet,,GEN,N,DOS,MS-DOS,generell term
long reference,,lång referens,,GEN,N,DOS,MS-DOS,generell term
Lost File,,förlorad fil,,GEN,N,DOS,MS-DOS,Undel-modul
"low (memory, not the same as 'conventional')",,låga (minnesområdet),,GEN,N,DOS,MS-DOS,generell term
low density disk,,lågkapacitetsdiskett,,GEN,N,DOS,MS-DOS,generell term
lower case (character),,gemener,,GEN,N,DOS,MS-DOS,generell term
Main Group,,huvudgrupp,,GEN,N,DOS,MS-DOS,generell term
Main Program,,Huvudprogram,,DIA,N,DOS,MS-DOS,Backup-modul
Map,,avbilda,,GEN,V,DOS,MS-DOS,generell term
master catalog,,originalkatalog,,DIA,N,DOS,MS-DOS,Backup-modul
master disk,,originaldiskett,,GEN,N,DOS,MS-DOS,generell term
match,,"motsvarighet, matcha",,GEN,N,DOS,MS-DOS,generell term
Max. Sector Size,,Maximal sektorstorlek,,TXT,N,DOS,MS-DOS,Defrag
Maximum Physical Size,,Maximal fysisk storlek,,OPT,N,DOS,MS-DOS,Defrag
Maximum Sector Size,,Maximal sektorstorlek,,OPT,N,DOS,MS-DOS,Defrag
media,,medium,,TXT,N,DOS,MS-DOS,Backup-modul
médias,,media,,TXT,N,DOS,MS-DOS,Backup-modul
megabyte,,megabyte (Mb),,GEN,N,DOS,MS-DOS,generell term
memory,,minne,,GEN,N,DOS,MS-DOS,generell term
memory address,,minnesadress,,GEN,N,DOS,MS-DOS,generell term
memory allocation (MS-DOS),,"minnesallokering, minnestilldelning",,GEN,N,DOS,MS-DOS,generell term
memory location,,"minnesadress, minnesposition",,GEN,N,DOS,MS-DOS,generell term
Memory pool,,minnespool,,GEN,N,DOS,MS-DOS,generell term
menu,,meny,,GEN,N,DOS,MS-DOS,generell term
menu bar,,menyrad,,GEN,N,DOS,MS-DOS,generell term
Menu Commands,,menykommandon,,GEN,N,DOS,MS-DOS,Undel-modul
menu item,,menyobjekt,,GEN,N,DOS,MS-DOS,generell term
Menu system,,menysystem,,GEN,N,DOS,MS-DOS,Backup-modul
menu text,,menytext,,GEN,N,DOS,MS-DOS,generell term
merge (files),,kombinera,,GEN,V,DOS,MS-DOS,generell term
"message (On-screen-, error-)",,meddelande,,GEN,N,DOS,MS-DOS,generell term
Message bar,,meddelandefält,,TXT,N,DOS,MS-DOS,MSAVF-modul
message box,,meddelanderuta,,GEN,N,DOS,MS-DOS,generell term
micro-floppies,,mikrodiskett,,GEN,N,DOS,MS-DOS,generell term
micro-processor,,mikroprocessor,,GEN,N,DOS,MS-DOS,generell term
mirror file,,spegelfil,,GEN,N,DOS,MS-DOS,generell term + Undel-modul
Miscellaneous,,"diverse, olika",,TXT,ADJ,DOS,MS-DOS,Backup-modul
mismatch,,avvikelse,,GEN,N,DOS,MS-DOS,generell term
mnemonic (DEBUG),,mnemonisk,,GEN,ADJ,DOS,MS-DOS,generell term
"mode, mode of operation",,läge,,GEN,N,DOS,MS-DOS,generell term
modem,,modem,,GEN,N,DOS,MS-DOS,generell term
Modified date,,Ändrat datum / modifierad,,GEN,N,DOS,MS-DOS,Undel-modul. Avser fil som modifierats.
modify,,"ändra, modifiera",,GEN,V,DOS,MS-DOS,generell term
Modify Defaults,,Ändra standardinställningar,,TDB,N,DOS,MS-DOS,Defrag
monitor  [n],,bildskärm,,GEN,N,DOS,MS-DOS,generell term
Monochrome,,"monokrom, svartvit",S,OPT,N,DOS,MS-DOS,Backup-modul
Month,,månad,,TXT,N,DOS,MS-DOS,Backup-modul
"mouse (MS Mouse stays ""Mouse"")",,mus,,GEN,N,DOS,MS-DOS,generell term
Mouse Acceleration,,(mus)acceleration,,OPT,N,DOS,MS-DOS,Backup-modul
mouse pointer,,muspekare,,GEN,N,DOS,MS-DOS,generell term
Mouse Sensitivity,,(mus)känslighet,,OPT,N,DOS,MS-DOS,Backup-modul
move (file),,flytta,,GEN,V,DOS,MS-DOS,generell term
MS-DOS,,MS-DOS,,GEN,N,DOS,MS-DOS,generell term
MS-DOS QBasic,,MS-DOS QBasic,,GEN,N,DOS,MS-DOS,generell term
MS-DOS Shell,,MS-DOS Skal/Skal,,GEN,N,DOS,MS-DOS,generell term
multitasking,,multikörning,,TXT,N,DOS,MS-DOS,Backup-modul
Name,,Namn,,DIA,N,DOS,MS-DOS,Undel-modul
named parameter,,namngiven parameter,,GEN,N,DOS,MS-DOS,generell term
National Language Support (NLS),,språkstöd (NLS),,GEN,N,DOS,MS-DOS,generell term
"near (jump,call,DEBUG)",,kort (hopp),,GEN,ADJ,DOS,MS-DOS,generell term
nested,,kapslad,,GEN,ADJ,DOS,MS-DOS,generell term
network,,nätverk,,TXT,N,DOS,MS-DOS,Backup-modul
network (-link),,nätverk,,GEN,N,DOS,MS-DOS,generell term
network drive,,nätverksenhet,,TXT,N,DOS,MS-DOS,Backup-modul
network redirection,,Nätverksomdirigering,,GEN,N,DOS,MS-DOS,generell term
network redirector,,Nätverksomdirigerare,,GEN,N,DOS,MS-DOS,generell term
network server (station),,nätverksserver,,GEN,N,DOS,MS-DOS,generell term
network shares,,nätverkskataloger (nätverksresurser),,GEN,N,DOS,MS-DOS,generell term
Never Overwrite,,Ersätt aldrig (innehåll),,DIA,N,DOS,MS-DOS,Backup-modul
New Directory Name,,Nytt katalognamn,,GEN,N,DOS,MS-DOS,generell term
new filename,,Nytt filnamn,,GEN,N,DOS,MS-DOS,generell term
New Physical Size,,Ny fysisk storlek,,OPT,N,DOS,MS-DOS,Defrag
Next,,Nästa ,N,BUT,ADV,DOS,MS-DOS,Backup-modul
No catalogs to restore from.,,Inga filförteckningar att återställa från.,,TXT,N,DOS,MS-DOS,Backup-modul
No Description,,Ingen beskrivning,,DIA,N,DOS,MS-DOS,Backup-modul
No drives to delete,,Inga enheter att ta bort,,DIA,N,DOS,MS-DOS,Defrag
No files could be restored. ,,Inga filer kunde återställas,,TXT,N,DOS,MS-DOS,Backup-modul
No files selected for restore.,,Inga filer valda för återställning ,,TXT,N,DOS,MS-DOS,Backup-modul
No room for new catalog name.,,Utrymme saknas för nytt filförteckningsnamn,,TXT,N,DOS,MS-DOS,Backup-modul
No special graphics characters are used,,Inga speciella grafiska tecken används. ,,OPT,N,DOS,MS-DOS,Backup-modul
non-contiguous (disk space),,"inte angränsande, inte sammanhängande",,GEN,N,DOS,MS-DOS,generell term
non-DOS (disk),,icke-DOS-disk,,GEN,N,DOS,MS-DOS,generell term
non-removable,,fast,,GEN,ADJ,DOS,MS-DOS,generell term
non-zero size,,skild från noll,,GEN,N,DOS,MS-DOS,generell term
nondisclosure agreement,,avtal om tystnadsplikt,,GEN,N,DOS,MS-DOS,generell term
Not installed,,Inte installerad,,DIA,N,DOS,MS-DOS,Backup-modul
notational convention,,skrivregler,,GEN,N,DOS,MS-DOS,generell term
notch,,skrivskyddsskåra,,GEN,N,DOS,MS-DOS,generell term
note,,"anteckning, kommentar",,GEN,N,DOS,MS-DOS,generell term
Now Backing Up,,Säkerhetskopierar,,DIA,V,DOS,MS-DOS,Backup-modul
Now Comparing,,Jämför,,DIA,V,DOS,MS-DOS,Backup-modul
null bytes,,tomma byte,,GEN,N,DOS,MS-DOS,generell term
null device (NUL:),,nollenhet,,GEN,N,DOS,MS-DOS,generell term
NUM LOCK,,NUM LOCK,,GEN,N,DOS,MS-DOS,generell term
Number of units,,Antal enheter,,OPT,N,DOS,MS-DOS,Defrag
numeric keypad,,numeriskt tangentbord,,GEN,N,DOS,MS-DOS,generell term
object file,,objektfil,,GEN,N,DOS,MS-DOS,generell term
object linker (LINK),,"objektlänkare, länkare av objekt",,GEN,N,DOS,MS-DOS,generell term
octal number,,oktalt tal,,GEN,N,DOS,MS-DOS,generell term
OFF,,Av,,DIA,PREP,DOS,MS-DOS,Backup-modul
off-line (MODE),,frånkopplad,,GEN,ADJ,DOS,MS-DOS,generell term
offset,,offset/relativ position,,GEN,N,DOS,MS-DOS,generell term
"offset (file, FC)",,"offset, relativ position",,GEN,N,DOS,MS-DOS,generell term
OK,,OK,,BUT,ADV,DOS,MS-DOS,Backup-modul
old utility,,gammalt tillbehör ,,GEN,N,DOS,MS-DOS,generell term
Older Files Only,,Endast gamla filer,,OPT,N,DOS,MS-DOS,Backup-modul
ON,,På,,DIA,PREP,DOS,MS-DOS,Backup-modul
on line help,,Direkthjälp,,GEN,N,DOS,MS-DOS,generell term
on-line (MODE),,"inkopplad, direkt(hjälp, -åtkomst osv)",,GEN,N,DOS,MS-DOS,generell term
On-Screen Help Line,,Rad för direkthjälp,,DIA,N,DOS,MS-DOS,Backup-modul
"online help (Shell, Edit, QBasic)",,direkthjälp,,GEN,N,DOS,MS-DOS,generell term
opcode,,"op-kod, operationskod",,GEN,N,DOS,MS-DOS,generell term
"opcode (assembler,DEBUG)",,"op-kod, operationskod",,GEN,N,DOS,MS-DOS,generell term
open ,,öppna,,GEN,V,DOS,MS-DOS,generell term
Open Setup,,   Öppna inställningsfil,N,COM,V,DOS,MS-DOS,Backup-modul
Open Setup File,,Öppna inställningsfil,,DIA,N,DOS,MS-DOS,Backup-modul
operand,,operand,,GEN,N,DOS,MS-DOS,generell term
operating system,,operativsystem,,GEN,N,DOS,MS-DOS,generell term
operation mode,,arbetsläge,,GEN,N,DOS,MS-DOS,generell term
Optimize,,Optimera,,COM,V,DOS,MS-DOS,Defrag
option,,alternativ,,GEN,N,DOS,MS-DOS,generell term
Option,,Alternativ,V,COM,N,DOS,MS-DOS,MSAVF-modul
option (command),,alternativ,,GEN,N,DOS,MS-DOS,generell term
option box(es),,alternativruta/-rutor,,TXT,N,DOS,MS-DOS,Backup-modul
Option button,,alternativknapp,,GEN,N,DOS,MS-DOS,generell term
optional,,valfri,,GEN,ADJ,DOS,MS-DOS,generell term
Options,,Alternativ,V,BUT,N,DOS,MS-DOS,Backup-modul
Options,,Alternativ,,MNU,N,DOS,MS-DOS,Defrag
Options,,Alternativ,V,MNU,N,DOS,MS-DOS,Undel-modul
Options,,Alternativ,V,COM,N,DOS,MS-DOS,Undel-modul
Original Drive=Original Locations,,Ursprunglig enhet,,DIA,N,DOS,MS-DOS,Backup-modul
Original Locations,,Ursprungliga lägen,U,DIA,N,DOS,MS-DOS,Backup-modul
Other,,Annan,,OPT,ADV,DOS,MS-DOS,Backup-modul
Other Directories,,Andra kataloger,K,DIA,N,DOS,MS-DOS,Backup-modul
Other Drives,,Andra enheter,A,DIA,N,DOS,MS-DOS,Backup-modul
out of memory,,Arbetsminne fullt / Slut på ledigt minne,,GEN,N,DOS,MS-DOS,generell term
Out of memory.,,Slut på ledigt minne.,,TXT,N,DOS,MS-DOS,Backup-modul
output,,utdata (s),,GEN,N,DOS,MS-DOS,generell term
output file,,utdatafil,,GEN,N,DOS,MS-DOS,generell term
output port,,utdataport,,GEN,N,DOS,MS-DOS,generell term
Output screen,,Utdatabildskärm,,GEN,N,DOS,MS-DOS,generell term
"overflow (divide, internal stack)",,spill,,GEN,N,DOS,MS-DOS,generell term
overlap,,överlappa(v)/överlappning(n),,GEN,N,DOS,MS-DOS,generell term
overlay,,"mall, överlagring",,GEN,N,DOS,MS-DOS,generell term
overlay interrupt,,överlagring avbruten,,GEN,N,DOS,MS-DOS,generell term
overlay loading routine,,överlagringsrutin,,GEN,N,DOS,MS-DOS,generell term
overlay manager,,överlagringshanterare,,GEN,N,DOS,MS-DOS,generell term
overlay modules,,överlagringsmodul,,GEN,N,DOS,MS-DOS,generell term
override,,åsidosätta,,GEN,V,DOS,MS-DOS,generell term
Overrun,,Överskrida,,GEN,V,DOS,MS-DOS,generell term
Overview,,översikt,,TXT,N,DOS,MS-DOS,Backup-modul
Overwrite,,Ersätta,,GEN,V,DOS,MS-DOS,generell term
Overwrite,,"Skriva över, även ""Skriv över"" ELLER ""Ersätt""",,BUT,N,DOS,MS-DOS,Backup-modul
Overwrite,,Ersätta (innehåll),,GEN,V,DOS,MS-DOS,Undel-modul
Overwrite Backup Diskette,,Ersätt innehållet på disketten med säkerhetskopior,,TXT,N,DOS,MS-DOS,Backup-modul
Overwrite DOS Diskette,,Ersätt innehållet på DOS-disketten,,TXT,N,DOS,MS-DOS,Backup-modul
Overwrite existing EXCEL.SET?,,Ersätta existerande EXCEL.SET,,TXT,N,DOS,MS-DOS,Backup-modul
Overwrite File,,ersätta (innehållet på) fil,,TXT,N,DOS,MS-DOS,Backup-modul
overwrite files,,ersätta (innehållet på) filer,,DIA,N,DOS,MS-DOS,Backup-modul
overwrite mode,,överskrivningsläge,,GEN,N,DOS,MS-DOS,generell term
Packed file corrupt,,komprimerad fil skadad,,GEN,N,DOS,MS-DOS,generell term
page (memory),,sida,,GEN,N,DOS,MS-DOS,generell term
page boundaries,,sidgränser,,GEN,N,DOS,MS-DOS,generell term
PAGE DOWN,,PGDN,,GEN,N,DOS,MS-DOS,generell term
Page Feed,,sidmatning,,DIA,N,DOS,MS-DOS,Backup-modul
Page frame,,sidram,,GEN,N,DOS,MS-DOS,generell term
PAGE UP,,PGUP,,GEN,N,DOS,MS-DOS,generell term
pane,,fönsterruta,,TXT,N,DOS,MS-DOS,Backup-modul
parallel port,,parallell port,,GEN,N,DOS,MS-DOS,generell term
parallel printer,,parallellt ansluten skrivare,,GEN,N,DOS,MS-DOS,generell term
parameter ,,parameter,,GEN,N,DOS,MS-DOS,generell term
parameter (replaceable),,parameter,,GEN,N,DOS,MS-DOS,generell term
parent directory,,moderkatalog,,GEN,N,DOS,MS-DOS, generell term + Backup-modul
parse,,"analysera (syntax), tolka",,GEN,V,DOS,MS-DOS,generell term
Parse error,,"analysfel, tolkningsfel",,GEN,N,DOS,MS-DOS,generell term
partition,,partition,,GEN,N,DOS,MS-DOS,generell term
partition boundaries,,partitionsgränser,,GEN,N,DOS,MS-DOS,generell term
partition data,,partitionsdata,,GEN,N,DOS,MS-DOS,generell term
partition table (FORMAT),,partitionstabell,,GEN,N,DOS,MS-DOS,generell term
password,,lösenord,,GEN,N,DOS,MS-DOS,generell term
Password,,lösenord,,MNU,N,DOS,MS-DOS,Defrag
Password Protect Backup Sets ,,Lösenordsskyddade uppsättningar med säkerhetskopior,,DIA,N,DOS,MS-DOS,Backup-modul
Password Protection,,lösenordsskydd,,CHX,N,DOS,MS-DOS,Backup-modul
Path,,Sökväg,V,DIA,N,DOS,MS-DOS,Backup-modul
Path,,Sökväg,,DIA,N,DOS,MS-DOS,Undel-modul
path (command search),,sökväg,,GEN,N,DOS,MS-DOS,generell term
Path name entered incorrectly.,,Felaktigt inmatat sökvägsnamn.,,TXT,N,DOS,MS-DOS,Backup-modul
"path,pathname",,sökväg,,GEN,N,DOS,MS-DOS,generell term
PAUSE,,Paus,,GEN,N,DOS,MS-DOS,generell term
pause [v],,"ta paus, göra paus",,GEN,N,DOS,MS-DOS,generell term
percent sign (%),,procenttecken,,GEN,N,DOS,MS-DOS,generell term
peripheral device,,kringutrustning,,GEN,N,DOS,MS-DOS,generell term
Personal Computer,,persondator,,GEN,N,DOS,MS-DOS,generell term
pipe (character),,vertikalt streck (|),,GEN,N,DOS,MS-DOS,generell term
pipe (command pipe),,datakanal,,GEN,N,DOS,MS-DOS,generell term
piping,,skicka via datakanal,,GEN,N,DOS,MS-DOS,generell term
placeholder,,platshållare,,GEN,N,DOS,MS-DOS,generell term
plotter,,plotter,,GEN,N,DOS,MS-DOS,generell term
point (to),,peka på,,TXT,N,DOS,MS-DOS,Backup-modul
point to (with mouse),,peka på (med musen),,GEN,N,DOS,MS-DOS,generell term
pointer (to file data area),,pekare,,GEN,N,DOS,MS-DOS,generell term
prefix mnemonic (DEBUG),,mnemoniskt prefix,,GEN,N,DOS,MS-DOS,generell term
prepare (code page),,förbereda,,GEN,V,DOS,MS-DOS,generell term
presetting,,förvälja,,GEN,V,DOS,MS-DOS,generell term
Prevent Program Switch,,Förhindra programväxling,,GEN,N,DOS,MS-DOS,generell term
Previous,,Föregående,F,BUT,ADV,DOS,MS-DOS,Backup-modul
primary command processor,,primär kommandotolk,,GEN,N,DOS,MS-DOS,generell term
primary MS-DOS partition ,,primär MS-DOS-partition,,GEN,N,DOS,MS-DOS,generell term
Print,,   Skriv ut,U,COM,V,DOS,MS-DOS,Backup-modul
print,,skriva ut,,GEN,N,DOS,MS-DOS,generell term
Print,,"Skriv ut, skriva ut",,BUT,N,DOS,MS-DOS,Backup-modul
Print Catalog,,Skriv ut filförteckning,,TDB,N,DOS,MS-DOS,Backup-modul
Print Current Settings,,Skriv ut aktuella inställningar,,DIA,N,DOS,MS-DOS,Backup-modul
Print Data For All Drives,,Skriv ut information om alla enheter,,DIA,N,DOS,MS-DOS,Backup-modul
Print Data For Current Drive,,Skriv ut information om aktuell enhet,,DIA,N,DOS,MS-DOS,Backup-modul
Print File list,,Skriv ut fillista,,OPT,N,DOS,MS-DOS,Backup-modul
Print List,,   Skriv ut lista,U,COM,N,DOS,MS-DOS,Undel-modul
Print Mode,,Utskriftsläge,,TDB,N,DOS,MS-DOS,Backup-modul
print queue (PRINT),,utskriftskö,,GEN,N,DOS,MS-DOS,generell term
PRINT SCREEN,,PRINTSCRN,,GEN,N,DOS,MS-DOS,generell term
Print Source,,Utskriftskälla,,DIA,N,DOS,MS-DOS,Backup-modul
Print To File,,Skriv ut till fil,,DIA,N,DOS,MS-DOS,Backup-modul
Print to Text File,,Skriv ut till textfil,,DIA,N,DOS,MS-DOS,Backup-modul
printbox (GRAPHICS),,printbox,,GEN,N,DOS,MS-DOS,generell term
printer,,skrivare,,GEN,N,DOS,MS-DOS,generell term
printer cable,,skrivarkabel,,GEN,N,DOS,MS-DOS,generell term
printer device driver,,drivrutin för skrivare,,GEN,N,DOS,MS-DOS,generell term
Printer out of paper,,Slut på papperet i skrivaren,,TXT,N,DOS,MS-DOS,Backup-modul
printer port,,skrivarport,,GEN,N,DOS,MS-DOS,generell term
Printer Setup,,   Skrivarinställning,I,COM,V,DOS,MS-DOS,Backup-modul
Printer Setup,,   Skrivarinställning,K,COM,N,DOS,MS-DOS,Undel-modul
Printer Setup,,Skrivarinställning,,TDB,N,DOS,MS-DOS,Backup-modul
process (copy),,"bearbeta, process",,GEN,V,DOS,MS-DOS,generell term
processing,,bearbetning,,GEN,N,DOS,MS-DOS,generell term
"profile (file, GRAPHICS)",,profil,,GEN,N,DOS,MS-DOS,generell term
program,,program,,GEN,N,DOS,MS-DOS,generell term
program file,,programfil,,GEN,N,DOS,MS-DOS,generell term
program item icon,,programobjektsikon,,TXT,N,DOS,MS-DOS,Backup-modul
Progress Screen,,Förloppsskärm ,,DIA,N,DOS,MS-DOS,Backup-modul
prompt [n],,"prompt, ledtext",,GEN,N,DOS,MS-DOS,generell term
Prompt Before Creating Directories,,Bekräfta innan kataloger skapas,K,DIA,N,DOS,MS-DOS,Backup-modul
Prompt Before Creating Files,,Bekräfta innan filer skapas,F,DIA,N,DOS,MS-DOS,Backup-modul
Prompt Before Overwriting Existing Files,,Bekräfta innan innehållet på filer ersätts,,DIA,N,DOS,MS-DOS,Backup-modul
Prompt Before Overwriting Used Diskettes,,Bekräfta innan innehåll på disketter ersätts,,CHX,N,DOS,MS-DOS,Backup-modul
Prompt Button,,frågeknapp/uppmaningsknapp ??,,TXT,N,DOS,MS-DOS,Backup-modul
Prompt While Detect,,Bekräfta vid upptäckt,B,CHX,N,DOS,MS-DOS,MSAVF-modul
Protected by,,Skyddad/t av,,GEN,N,DOS,MS-DOS,Undel-modul
protected mode,,skyddat läge,,GEN,N,DOS,MS-DOS,generell term
protection,,skydd,,GEN,N,DOS,MS-DOS,generell term
protective jacket,,(skydds)fodral,,GEN,N,DOS,MS-DOS,generell term
provider (UMB),,(UMB-)försörjare,,GEN,N,DOS,MS-DOS,generell term
pseudo-instruction,,självstudier,,GEN,N,DOS,MS-DOS,generell term
Pull-down,,Meny,,GEN,N,DOS,MS-DOS,Undel-modul
Purge Delete Sentry File..,,   Rensa Filvaktens filer,R,COM,N,DOS,MS-DOS,Undel-modul
question mark wildcard,,frågetecken-jokertecken,,GEN,N,DOS,MS-DOS,generell term
QuickFormat (FORMAT),,QuickFormat,,GEN,N,DOS,MS-DOS,generell term
QuickFormat (FORMAT),,använda QuickFormat,,GEN,N,DOS,MS-DOS,generell term
quit,,avsluta,,GEN,V,DOS,MS-DOS,generell term
Quit,,Avsluta,,BUT,V,DOS,MS-DOS,Backup-modul
Quit,,Avsluta,,MNU,V,DOS,MS-DOS,Defrag
Quit After Backup,,Avsluta efter Säkerhetskopiera,V,OPT,N,DOS,MS-DOS,Backup-modul
Quit After Compare,,Avsluta efter Jämför,A,CHX,N,DOS,MS-DOS,Backup-modul
Quit After Restore,,Avsluta efter Återställ,V,OPT,N,DOS,MS-DOS,Backup-modul
Radio Button,,alternativknapp,,TXT,N,DOS,MS-DOS,Backup-modul
RAM (Random Access Memory),,RAM-minne,,GEN,N,DOS,MS-DOS,generell term
"RAM-Disk, RAM drive",,"RAM-disk, RAM-drive",,GEN,N,DOS,MS-DOS,generell term
Random data,,Slumpdata,,GEN,N,DOS,MS-DOS,Undel-modul
range,,"intervall, område",,GEN,N,DOS,MS-DOS,generell term
rapid blink,,blinkning,,GEN,N,DOS,MS-DOS,generell term
Read fault,,Läsfel,,TXT,N,DOS,MS-DOS,Backup-modul
read only,,skrivskyddad,,GEN,ADJ,DOS,MS-DOS,generell term + Backup-modul
Read Only Memory (ROM),,ROM-minne,,GEN,N,DOS,MS-DOS,generell term
Reading Directories,,Läser kataloger,,TDB,N,DOS,MS-DOS,Backup-modul
Reading Volume,,Läser volym,,DIA,N,DOS,MS-DOS,Backup-modul
README.TXT,,VIKTIGT.TXT,,GEN,N,DOS,MS-DOS,generell term
ready (port),,klar,,GEN,ADJ,DOS,MS-DOS,generell term
real mode,,realläge,,GEN,N,DOS,MS-DOS,generell term
reboot,,starta om,,GEN,N,DOS,MS-DOS,generell term
Rebuild,,   Återskapa,,COM,V,DOS,MS-DOS,Backup-modul
Rebuild,,Återskapa,,GEN,V,DOS,MS-DOS,generell term
Rebuild,,Återskapa,R,MNU,V,DOS,MS-DOS,Backup-modul
Rebuild canceled.,,Återskapa avbrutet.,,TXT,N,DOS,MS-DOS,Backup-modul
Rebuild Catalog,,Återskapa filförteckning,,TDB,N,DOS,MS-DOS,Backup-modul
Rebuild is complete.,,Återskapa klart,,TXT,N,DOS,MS-DOS,Backup-modul
Rebuild Progress,,Återskapa-förlopp,,TDB,N,DOS,MS-DOS,Backup-modul
Rebuilding Catalog,,Återskapar filförteckning,,DIA,N,DOS,MS-DOS,Backup-modul
Reconfigure,,Konfigurera om,,TXT,N,DOS,MS-DOS,Backup-modul
Reconstructing,,Rekonstruera,,GEN,V,DOS,MS-DOS,Undel-modul
"record (disk, file, DEBUG)",,post,,GEN,N,DOS,MS-DOS,generell term
record [n],,post,,GEN,N,DOS,MS-DOS,generell term
record [v],,registrera,,GEN,V,DOS,MS-DOS,generell term
recover,,"rekonstruera, återskapa",,GEN,V,DOS,MS-DOS,generell term
recursive,,rekursiv,,GEN,ADJ,DOS,MS-DOS,generell term
recursive call,,rekursivt anrop,,GEN,N,DOS,MS-DOS,generell term
"Red, White &Blue",,"Röd, vit & blå",,OPT,ADJ,DOS,MS-DOS,Backup-modul
redirect,,dirigera om,,GEN,N,DOS,MS-DOS,generell term
redirection(characters),,omdirigering,,GEN,N,DOS,MS-DOS,generell term
Reduce Display Speed,,Minska skärmhastighet,H,OPT,N,DOS,MS-DOS,Backup-modul
reference guide,,Referenshandbok,,GEN,N,DOS,MS-DOS,generell term
refresh,,Uppdatera skärmbild,,GEN,N,DOS,MS-DOS,generell term
register,,"register(s), registrera(v)",,GEN,N,DOS,MS-DOS,generell term
Register inteface,,Registergränssnitt,,GEN,N,DOS,MS-DOS,generell term
relative address,,relativ adress,,GEN,N,DOS,MS-DOS,generell term
reload (part of command processor),,"ny laddning(s), ladda om (v)",,GEN,N,DOS,MS-DOS,generell term
Remain in Backup/Compare/Restore,,Stanna kvar i Säkerhetskopiera/Jämför/Återställ ELLER Avbryt,,TXT,N,DOS,MS-DOS,Backup-modul
remark (REM),,"kommentar(s), kommentera(v)",,GEN,N,DOS,MS-DOS,generell term
"remote (server, adapter)",,fjärr-,,GEN,ADJ,DOS,MS-DOS,generell term
Removable hard disk cartridges,,Flyttbara hårddiskkassetter ,,TXT,N,DOS,MS-DOS,Backup-modul
remove,,ta bort,,GEN,N,DOS,MS-DOS,generell term
rename,,byta namn,,GEN,N,DOS,MS-DOS,generell term
reorder,,"omstrukturera, organisera om ",,GEN,V,DOS,MS-DOS,generell term
replaceable (parameter),,"ersättbar, utbytbar",,GEN,ADJ,DOS,MS-DOS,generell term
required,,nödvändig,,GEN,ADJ,DOS,MS-DOS,generell term
Reserved letters,,Reserverade bokstäver/beteckningar,,TXT,N,DOS,MS-DOS,Defrag
reset,,"återställa, nollställa",,GEN,V,DOS,MS-DOS,generell term
resident (in memory),,resident,,GEN,ADJ,DOS,MS-DOS,generell term
resource,,resurs,,GEN,N,DOS,MS-DOS,generell term
response file,,svarsfil,,GEN,N,DOS,MS-DOS,generell term
restart,,starta om,,GEN,N,DOS,MS-DOS,generell term
Restore,,   Återställ,E,COM,V,DOS,MS-DOS,Backup-modul
Restore,,Återställ,T,DIA,V,DOS,MS-DOS,Backup-modul
restore (RESTORE),,återställa,,GEN,V,DOS,MS-DOS,generell term
Restore canceled.,,Återställ avbrutet.,,TXT,N,DOS,MS-DOS,Backup-modul
Restore Complete,,Återställ klart,,DIA,N,DOS,MS-DOS,Backup-modul
Restore destination,,Mål för återställning,,TXT,N,DOS,MS-DOS,Backup-modul
Restore Empty Directories,,Återställ tomma kataloger,T,CHX,N,DOS,MS-DOS,Backup-modul
Restore Files,,Återställ filer,E,CHX,N,DOS,MS-DOS,Backup-modul
Restore Files in Date Range,,Återställ filer i datumintervall,,TDB,N,DOS,MS-DOS,Backup-modul
Restore Fixed Disk,,Återställ hårddisk,,GEN,N,DOS,MS-DOS,generell term
Restore From ,,Återställ från,R,CHX,N,DOS,MS-DOS,Backup-modul
Restore Hidden Files,,Återställ dolda filer,,CHX,N,DOS,MS-DOS,Backup-modul
Restore Options,,Alternativ för Återställ,,DIA,N,DOS,MS-DOS,Backup-modul
Restore Progress window,,Förloppsfönster för Återställ,,DIA,N,DOS,MS-DOS,Backup-modul
Restore Prompts,,Återställningsprompt,,TXT,N,DOS,MS-DOS,Backup-modul
Restore Read-Only Files,,Återställ skrivskyddade filer,,CHX,N,DOS,MS-DOS,Backup-modul
Restore set,,Uppsättning med återställda filer,,TXT,N,DOS,MS-DOS,Backup-modul
Restore source,,Källa för återställning,,TXT,N,DOS,MS-DOS,Backup-modul
Restore System Files,,Återställ systemfiler,,CHX,N,DOS,MS-DOS,Backup-modul
Restore To,,Återställ till,T,DIA,N,DOS,MS-DOS,Backup-modul
resync,,synkronisera om,,GEN,N,DOS,MS-DOS,generell term
Retrieve,,   Hämta,,COM,V,DOS,MS-DOS,Backup-modul
Retrieve,,hämta,H,BUT,V,DOS,MS-DOS,Backup-modul
Retrieve canceled.,,Hämta avbrutet.,,TXT,N,DOS,MS-DOS,Backup-modul
Retrieve Catalog,,Hämta filförteckning,,TDB,N,DOS,MS-DOS,Backup-modul
Retrieve is complete.,,Hämta klart.,,TXT,N,DOS,MS-DOS,Backup-modul
retry,,"nytt försök(s), försöka igen(v)",,GEN,N,DOS,MS-DOS,generell term
Retry,,"nytt försök(s), försöka igen(v)",,BUT,N,DOS,MS-DOS,Backup-modul
"return [n] (assembler,DEBUG)",,retur,,GEN,N,DOS,MS-DOS,generell term
reverse video,,negativ bild/text ,,GEN,N,DOS,MS-DOS,generell term
right arrow,,HÖGERPIL,,GEN,N,DOS,MS-DOS,generell term
ROM (Read Only Memory),,ROM-minne,,GEN,N,DOS,MS-DOS,generell term
root directory,,rotkatalog,,GEN,N,DOS,MS-DOS,generell term
root level,,rotnivå,,GEN,N,DOS,MS-DOS,generell term
routine,,rutin,,GEN,N,DOS,MS-DOS,generell term
run,,"köra, Kör",,GEN,V,DOS,MS-DOS,generell term
run-time environment,,(runtime-)miljö,,GEN,N,DOS,MS-DOS,generell term
run-time module,,(runtime-)modul,,GEN,N,DOS,MS-DOS,generell term
Safe (FORMAT),,sparat,,GEN,ADJ,DOS,MS-DOS,generell term
"safe(format,FORMAT)",,sparat,,GEN,ADJ,DOS,MS-DOS,generell term
sample color panels,,exempel på färgpanel,,GEN,N,DOS,MS-DOS,generell term
sample command line,,exempel på kommandorad,,GEN,N,DOS,MS-DOS,generell term
sample file,,exempelfil,,GEN,N,DOS,MS-DOS,generell term
sample session,,arbetsexempel,,GEN,N,DOS,MS-DOS,generell term
save,,spara,,GEN,V,DOS,MS-DOS,generell term
Save,,Spara,,DIA,V,DOS,MS-DOS,Backup-modul
save area (DEBUG),,spara yta,,GEN,N,DOS,MS-DOS,generell term
Save changes,,Spara ändringar,,TXT,N,DOS,MS-DOS,Backup-modul
Save current disk assignment,,Spara aktuell disktilldelning ,,OPT,N,DOS,MS-DOS,Defrag
Save Setup,,   Spara inställningsfil,S,COM,V,DOS,MS-DOS,Backup-modul
Save Setup As,,   Spara inställningsfil som,P,COM,V,DOS,MS-DOS,Backup-modul
Save Setup File,,Spara inställningsfil,,DIA,N,DOS,MS-DOS,Backup-modul
Save Time,,Spara tid,,DIA,N,DOS,MS-DOS,Backup-modul
Scan,,Scanna,,GEN,V,DOS,MS-DOS,Undel-modul
scan code (keyboard),,avsökningskod,,GEN,N,DOS,MS-DOS,generell term
scan code sequence (keyboard),,kodssekvens för avsökning,,GEN,N,DOS,MS-DOS,generell term
scan code signal (keyboard),,kodssignal för avsökning,,GEN,N,DOS,MS-DOS,generell term
Scan Disks,,Scanna disketter/diskar,,COM,N,DOS,MS-DOS,Defrag
Scan for Contents...,,Scanna efter innehåll...,,GEN,N,DOS,MS-DOS,Undel-modul
Scan for Data Types...,,Scanna ,,GEN,V,DOS,MS-DOS,Undel-modul
Scan for Lost Deleted Files,,Scanna efter förlorade borttagna filer,,GEN,N,DOS,MS-DOS,Undel-modul
Scan time,,Scanningstid,,DIA,N,DOS,MS-DOS,MSAVF-modul
Scann,,Scanna,,DIA,V,DOS,MS-DOS,MSAVF-modul
scanner,,"avsökare, scanner",,GEN,N,DOS,MS-DOS,generell term
Scanning Cluster,,Scannar grupp,,GEN,N,DOS,MS-DOS,Undel-modul
scheduler,,jobbövervakare,,GEN,N,DOS,MS-DOS,generell term
screen,,"bildskärm, skärm",,GEN,N,DOS,MS-DOS,generell term
Screen Colors,,skärmfärger,,OPT,N,DOS,MS-DOS,Backup-modul
screen console device,,bildskärm,,GEN,N,DOS,MS-DOS,generell term
screenful,,en skärmsida,,GEN,N,DOS,MS-DOS,generell term
scroll,,rulla,,GEN,V,DOS,MS-DOS,generell term
scroll arrow,,rullningspil,,GEN,N,DOS,MS-DOS,generell term
scroll bar (vertical; horizontal),,rullningslist,,GEN,N,DOS,MS-DOS,generell term
scroll box,,rullningsruta,,GEN,N,DOS,MS-DOS,generell term
SCROLL LOCK,,SCROLL LOCK,,GEN,N,DOS,MS-DOS,generell term
Search,,Sök,,BUT,V,DOS,MS-DOS,Backup-modul
search  path,,sökväg,,GEN,N,DOS,MS-DOS,generell term
Sector not found,,Kan inte hitta sektor,,TXT,N,DOS,MS-DOS,Backup-modul
Seek error,,Sökfel,,TXT,N,DOS,MS-DOS,Backup-modul
segment,,segment,,GEN,N,DOS,MS-DOS,generell term
select,,"markera, välja",,GEN,V,DOS,MS-DOS,generell term + Undel-modul
Select All,,Välj alla,,COM,N,DOS,MS-DOS,Backup-modul
Select Backup Files,,Välj / Markera filer som ska säkerhetskopieras,,DIA,N,DOS,MS-DOS,Backup-modul
Select Backup Set,,Välj / Markera uppsättning med säkerhetskopior,,TDB,N,DOS,MS-DOS,Backup-modul
Select by Name...,,   Välj filer...,V,COM,N,DOS,MS-DOS,Undel-modul
Select Catalog,,Välj / Markera filförteckning,,DIA,N,DOS,MS-DOS,Backup-modul
Select Compare,,Välj / Markera Jämför,,DIA,N,DOS,MS-DOS,Backup-modul
Select Compare Files,,Välj / Markera filer som ska jämföras ,,DIA,N,DOS,MS-DOS,Backup-modul
Select Compare Files window,,Fönstret för att välja / markera filer som ska jamforas,,DIA,N,DOS,MS-DOS,Backup-modul
Select Files,,Markera filer,,TXT,N,DOS,MS-DOS,Backup-modul
Select new drive,,Välj ny enhet,,DIA,N,DOS,MS-DOS,MSAVF-modul
Select Restore,,Välj / Markera Återställ,,DIA,N,DOS,MS-DOS,Backup-modul
Select Restore Files,,Välj / Markera filer som ska återställas,,DIA,N,DOS,MS-DOS,Backup-modul
Select the file version to be compared,,Välj / Markera filversionen som ska jämföras,,TXT,N,DOS,MS-DOS,Backup-modul
Select the file version to be restored,,Välj / Markera filversionen som ska återställas,,TXT,N,DOS,MS-DOS,Backup-modul
Selected Files,,Valda / Markerade filer,,TXT,N,DOS,MS-DOS,Backup-modul
selection,,"markering, val",,GEN,N,DOS,MS-DOS,generell term
selection bar,,markeringsram,,GEN,N,DOS,MS-DOS,generell term
selection cursor,,markör,,GEN,N,DOS,MS-DOS,generell term
selection status,,Markeringsstatus,,GEN,N,DOS,MS-DOS,Backup-modul
Sensitivity (default/low/medium/high),,Känslighet (Standard/Låg/Medel/Hög),K,OPT,N,DOS,MS-DOS,Backup-modul
separator,,"avgränsare, gränstecken",,GEN,N,DOS,MS-DOS,generell term
sequence (command),,sekvens,,GEN,N,DOS,MS-DOS,generell term
sequentially,,sekventiellt,,GEN,ADJ,DOS,MS-DOS,generell term
serial port,,seriell port,,GEN,N,DOS,MS-DOS,generell term
Session,,arbetspass,,DIA,N,DOS,MS-DOS,Backup-modul
set,,"set(s), aktivera/bestämma(v)",,GEN,N,DOS,MS-DOS,generell term
Set,,Aktivera,,BUT,V,DOS,MS-DOS,Defrag
Set Date and Time,,Datum och tid,,GEN,N,DOS,MS-DOS,generell term
Set Scan Range...,,Ange scanningsintervall... ,,GEN,N,DOS,MS-DOS,Undel-modul
Setup,,installationsprogrammet,,GEN,N,DOS,MS-DOS,generell term
Setup,,"installationsprogrammet, Inställningar",,BUT,N,DOS,MS-DOS,Backup-modul
Setup File,,inställningsfil,I,DIA,N,DOS,MS-DOS,Backup-modul
Setup File Title Button,,Rubrikknapp för inställningsfil,,TXT,N,DOS,MS-DOS,Backup-modul
Setup Files,,inställningsfiler,I,TXT,N,DOS,MS-DOS,Backup-modul
setup procedure,,installationsprocedur,,GEN,N,DOS,MS-DOS,generell term
Shadow RAM,,Skuggminne,,GEN,N,DOS,MS-DOS,generell term
share [v] (SHARE),,dela,,GEN,V,DOS,MS-DOS,generell term
shareable,,delbar,,GEN,ADJ,DOS,MS-DOS,generell term
shell,,skal,,GEN,N,DOS,MS-DOS,generell term
Shell (disk),,Skal,,GEN,N,DOS,MS-DOS,generell term
Shell/Help (disk),,Skal/Hjälp,,GEN,N,DOS,MS-DOS,generell term
SHIFT,,SKIFT,,GEN,N,DOS,MS-DOS,generell term
"short (jump,call,DEBUG)",,kort,,GEN,ADJ,DOS,MS-DOS,generell term
shortcut,,genväg,,GEN,N,DOS,MS-DOS,generell term
Show Directories Above Files,,Visa kataloger,,DIA,N,DOS,MS-DOS,Backup-modul
Show Existing Files,,   Visa filer,,COM,N,DOS,MS-DOS,Undel-modul
Show Information,,Visa information,,GEN,N,DOS,MS-DOS,generell term
Show Versions,,Visa versioner,,TDB,N,DOS,MS-DOS,Backup-modul
Shrink,,Förminska,,COM,V,DOS,MS-DOS,Defrag
Shrink,,Förminska,,BUT,V,DOS,MS-DOS,Defrag
single sided,,enkelsidig,,GEN,ADJ,DOS,MS-DOS,generell term
Size,,"Storlek, Ändra storlek (ä)",,MNU,N,DOS,MS-DOS,Defrag
Size,,Storlek,,DIA,N,DOS,MS-DOS,Undel-modul
size (file),,storlek,,GEN,N,DOS,MS-DOS,generell term
slash,,snedstreck (/),,GEN,N,DOS,MS-DOS,generell term
small caps,,"Kapitäler, små versaler",,GEN,N,DOS,MS-DOS,generell term
software,,"program, programvara",,GEN,N,DOS,MS-DOS,generell term
Some Files,,Vissa filer,,DIA,N,DOS,MS-DOS,Backup-modul
sort,,sortera,,GEN,V,DOS,MS-DOS,generell term
sort by,,sortera efter,,GEN,N,DOS,MS-DOS,generell term
Sort by...,,   Sortera efter...,O,COM,N,DOS,MS-DOS,Undel-modul
Sort Files,,Sortera filer,,DIA,N,DOS,MS-DOS,Backup-modul
Sort Files by,,Sortera filer efter,,OPT,N,DOS,MS-DOS,Backup-modul
Sort Order,,sorteringsordning,,DIA,N,DOS,MS-DOS,Backup-modul
sorter (part of the printer),,sorteringsrutin,,GEN,N,DOS,MS-DOS,generell term
source ,,källa,,GEN,N,DOS,MS-DOS,generell term
space bar,,blanksteg,,GEN,N,DOS,MS-DOS,generell term
Special,,Special,S,BUT,ADV,DOS,MS-DOS,Backup-modul
Special exclusions,,Speciella undantag,,OPT,N,DOS,MS-DOS,Backup-modul
Special Selections,,Specialmarkeringar,,DIA,N,DOS,MS-DOS,Backup-modul
specify,,ange,,GEN,V,DOS,MS-DOS,generell term
"specify (parameter, option, argument)",,ange,,GEN,V,DOS,MS-DOS,generell term
Specify Alternate Directory,,Ange alternativ katalog,,TXT,N,DOS,MS-DOS,Backup-modul
Specify Alternate Drive,,Ange alternativ enhet,,TXT,N,DOS,MS-DOS,Backup-modul
spreadsheet,,kalkylblad,,GEN,N,DOS,MS-DOS,generell term
SRAM (Stat. Random Access Memory),,SRAM-minne,,GEN,N,DOS,MS-DOS,generell term
stack,,stack,,GEN,N,DOS,MS-DOS,generell term
stack segment,,stacksegment,,GEN,N,DOS,MS-DOS,generell term
stack size,,stackstorlek,,GEN,N,DOS,MS-DOS,generell term
Standard,,Standard,,OPT,N,DOS,MS-DOS,Backup-modul
Start,,Starta,,BUT,V,DOS,MS-DOS,Backup-modul
Start Backup,,Starta,,BUT,V,DOS,MS-DOS,Backup-modul
Start Compare,,Starta ,,BUT,V,DOS,MS-DOS,Backup-modul
start programs,,startprogram,,GEN,N,DOS,MS-DOS,generell term
Start Restore,,Starta,,BUT,V,DOS,MS-DOS,Backup-modul
starting program,,startprogram,,GEN,N,DOS,MS-DOS,generell term
Startup,,Start,,GEN,N,DOS,MS-DOS,generell term
startup directory,,Startkatalog,,GEN,N,DOS,MS-DOS,generell term
startup disk,,startdisk,,GEN,N,DOS,MS-DOS,generell term
startup record (FDISK),,startpost,,GEN,N,DOS,MS-DOS,generell term
Startup/Support (disk),,Start,,GEN,N,DOS,MS-DOS,generell term
statement,,programsats,,GEN,N,DOS,MS-DOS,generell term
status bar,,statusfält,,GEN,N,DOS,MS-DOS,generell term
status line,,statusrad,,GEN,N,DOS,MS-DOS,generell term
Stealth viruses,,Smygvirus,,TXT,N,DOS,MS-DOS,MSAVF-modul
stop,,Avbryt,,GEN,V,DOS,MS-DOS,generell term
Stop,,Avbryt,A,BUT,V,DOS,MS-DOS,MSAVF-modul
storage area,,"minnesområde, lagringsutrymme",,GEN,N,DOS,MS-DOS,generell term
store,,Lagra,,GEN,V,DOS,MS-DOS,generell term
string instruction (DEBUG),,stränginstruktion,,GEN,N,DOS,MS-DOS,generell term
subdirectory,,underkatalog,,GEN,N,DOS,MS-DOS,generell term
subfont,,ytterliggare teckensnitt,,GEN,N,DOS,MS-DOS,generell term
substitute (SUBST),,ersätta,,GEN,V,DOS,MS-DOS,generell term
Suggested capacity ratio,,Föreslaget kapacitetsförhållande,,TXT,N,DOS,MS-DOS,Defrag
Supplemental (disk),,kompletteringsdisk,,GEN,N,DOS,MS-DOS,generell term
support,,"support, stöd(s), stödja(v)",,GEN,N,DOS,MS-DOS,generell term
Support (disk),,Stöd,,GEN,N,DOS,MS-DOS,generell term
Survival Guide (Edit),,Översikt,,GEN,N,DOS,MS-DOS,generell term
swap file,,"byt fil, växlingsfil",,TXT,N,DOS,MS-DOS,Backup-modul
switch [n] (on the command line),,växel,,GEN,N,DOS,MS-DOS,generell term
switch [v] (tasks),,växla,,GEN,V,DOS,MS-DOS,generell term
switcher,,växlare,,GEN,N,DOS,MS-DOS,generell term
switcher (Shell),,växlare (Skal),,GEN,N,DOS,MS-DOS,generell term
syntax,,syntax,,GEN,N,DOS,MS-DOS,generell term
SYS RQ,,SYS RQ,,GEN,N,DOS,MS-DOS,generell term
system,,system,,GEN,N,DOS,MS-DOS,generell term + Backup-modul
system attribute,,systemattribut,,TXT,N,DOS,MS-DOS,Backup-modul
system call,,systemanrop,,GEN,N,DOS,MS-DOS,generell term
system configuration,,systemkonfiguration,,GEN,N,DOS,MS-DOS,generell term
system disk,,systemdiskett,,GEN,N,DOS,MS-DOS,generell term
system file,,systemfil,,GEN,N,DOS,MS-DOS,generell term
System File List,,Systemfillista,,GEN,N,DOS,MS-DOS,generell term
System halted,,Systemstopp,,GEN,N,DOS,MS-DOS,generell term
system prompt (see: prompt),,DOS-prompt,,GEN,N,DOS,MS-DOS,generell term
system requirements,,systemkrav,,GEN,N,DOS,MS-DOS,generell term
TAB,,"tabb, Tab",,GEN,N,DOS,MS-DOS,generell term
"target (drive, directory)",,"Mål (enhet, katalog)",,GEN,N,DOS,MS-DOS,generell term
target disk,,"måldisk, destinationsdisk",,GEN,N,DOS,MS-DOS,generell term
task,,"program, uppgift",,GEN,N,DOS,MS-DOS,generell term
task list,,aktiva sessioner,,GEN,N,DOS,MS-DOS,generell term
Task Swapper,,Programväxlare,,GEN,N,DOS,MS-DOS,generell term
template,,mall,,GEN,N,DOS,MS-DOS,generell term
temporary file,,temporär fil,,GEN,N,DOS,MS-DOS,generell term
temporary memory,,temporärt minne,,GEN,N,DOS,MS-DOS,generell term
Temporary Restore Options,,Tillfälliga alternativ i Återställ,,DIA,N,DOS,MS-DOS,Backup-modul
terminal device,,terminalenhet,,GEN,N,DOS,MS-DOS,generell term
Terminate-and-Stay-Resident (TSR),,TSR (minnesresident program),,GEN,N,DOS,MS-DOS,generell term
test pattern,,testmönster,,GEN,N,DOS,MS-DOS,generell term
Text (mode),,Text(läge),,OPT,N,DOS,MS-DOS,Backup-modul
text box,,textruta,,GEN,N,DOS,MS-DOS,generell term
text file,,textfil,,GEN,N,DOS,MS-DOS,generell term
text mode,,textläge,,GEN,N,DOS,MS-DOS,generell term
time,,tid,,GEN,N,DOS,MS-DOS,generell term
Time,,tid,,OPT,N,DOS,MS-DOS,Backup-modul
time format,,tidsformat,,GEN,N,DOS,MS-DOS,generell term
time out,,"avbrott, timeout",,GEN,N,DOS,MS-DOS,generell term
time stamp,,tidsmarkering,,GEN,N,DOS,MS-DOS,generell term
time-out  error,,"tidsöverdragsfel, ""time out""-fel",,GEN,N,DOS,MS-DOS,generell term
timeslice,,tidsandel,,GEN,N,DOS,MS-DOS,generell term
Tip,,Tips!,,GEN,N,DOS,MS-DOS,generell term
title,,titel,,GEN,N,DOS,MS-DOS,generell term
title bar,,"namnlist, titelrad",,GEN,N,DOS,MS-DOS,generell term
title buttons,,rubrikknappar ,,TXT,N,DOS,MS-DOS,Backup-modul
To  (intervalle de temps),,Till,,TXT,PREP,DOS,MS-DOS,Backup-modul
to log a drive,,logga en enhet,,TXT,N,DOS,MS-DOS,Backup-modul
toggle,,växla,,TXT,V,DOS,MS-DOS,Backup-modul
Topics,,   Innehåll,,GEN,N,DOS,MS-DOS,Undel-modul
Topics,,"avsnitt, ämne, innehåll",,BUT,N,DOS,MS-DOS,Backup-modul
total (space),,"totalt, sammanlagt",,GEN,ADJ,DOS,MS-DOS,generell term
total allocation units (CHKDSK),,totalt antal datablock ,,GEN,N,DOS,MS-DOS,generell term
total backup,,fullständig säkerhetskopiering,,TXT,N,DOS,MS-DOS,Backup-modul
total disk space,,totalt diskutrymme,,GEN,N,DOS,MS-DOS,generell term
Total Files,,Totalt antal filer,,DIA,N,DOS,MS-DOS,Backup-modul
track,,spår,,GEN,N,DOS,MS-DOS,generell term
Tracking,,Spårning,,GEN,N,DOS,MS-DOS,Undel-modul
transient (COMMAND.COM),,tillfällig,,GEN,ADJ,DOS,MS-DOS,generell term
Tree,,Träd,,BUT,N,DOS,MS-DOS,Backup-modul
tree (structure),,träd,,GEN,N,DOS,MS-DOS,generell term
tree pane,,trädruta,,TXT,N,DOS,MS-DOS,Backup-modul
Trojan,,Trojansk,,TXT,ADJ,DOS,MS-DOS,MSAVF-modul
Trojan horses,,"Trojansk häst, virus av typen trojansk häst",,TXT,N,DOS,MS-DOS,MSAVF-modul
TSR,,minnesresidenta program (TSR),,DIA,N,DOS,MS-DOS,Backup-modul
type [v],,skriva,,GEN,V,DOS,MS-DOS,generell term
unconditional  (format) ,,ovillkorligt,,GEN,ADJ,DOS,MS-DOS,generell term
Undelete,,   Återställ,Å,COM,V,DOS,MS-DOS,Undel-modul
Undelete,,Återställ,,GEN,V,DOS,MS-DOS,generell term
Undelete to...,,   Återställ till...,T,COM,N,DOS,MS-DOS,Undel-modul
Undeleting File,,Återställer fil,,GEN,N,DOS,MS-DOS,Undel-modul
Undeleting Network Files,,Återställer nätverksfiler,,GEN,N,DOS,MS-DOS,Undel-modul
underscore,,"understreck (_), stryka under",,GEN,N,DOS,MS-DOS,generell term
unformat,,ta bort formatering,,GEN,N,DOS,MS-DOS,generell term
Unit Allocated,,Allokerad enhet,,TXT,N,DOS,MS-DOS,Defrag
Units Used,,Använda enheter,,TXT,N,DOS,MS-DOS,Defrag
Unknown,,okänd/okänt/okända,,GEN,ADJ,DOS,MS-DOS,Undel-modul
Unknown command,,Okänt kommando,,TXT,N,DOS,MS-DOS,Backup-modul
unknown media,,okänt medium,,GEN,N,DOS,MS-DOS,generell term
Unknown unit,,Okänd enhet,,TXT,N,DOS,MS-DOS,Backup-modul
Unprotected,,icke skrivskyddat,,GEN,N,DOS,MS-DOS,generell term
unrecoverable error,,icke rekonstruerbart fel,,GEN,N,DOS,MS-DOS,generell term
Unselect,,Avmarkera,,GEN,V,DOS,MS-DOS,Undel-modul
Unselect by Name...,,   Välj bort filer,B,COM,N,DOS,MS-DOS,Undel-modul
up arrow,,UPPIL,,GEN,N,DOS,MS-DOS,generell term
update,,"uppdatering(s), uppdatera(v)",,GEN,N,DOS,MS-DOS,generell term
Update,,Uppdatera,,BUT,V,DOS,MS-DOS,MSAVF-modul
updated,,uppdaterad,,GEN,ADJ,DOS,MS-DOS,generell term
upgraded,,uppgraderad,,GEN,ADJ,DOS,MS-DOS,generell term
Upper memory area,,övre minnesområdet,,GEN,N,DOS,MS-DOS,generell term
Upper memory block,,övre minnesblock,,GEN,N,DOS,MS-DOS,generell term
Use Error Correction,,Använd felrättning,,CHX,N,DOS,MS-DOS,Backup-modul
Use Error Correction on Diskettes,,Använd felrättning på disketter,,CHX,N,DOS,MS-DOS,Backup-modul
Use expanded memory,,Använd expanderat minne,,OPT,N,DOS,MS-DOS,Defrag
Use extended memory,,Använd utökat minne,,OPT,N,DOS,MS-DOS,Defrag
Use Mirror File,,   Använd spegelfil,,GEN,N,DOS,MS-DOS,Undel-modul
Use slow expanded memory,,Använd långsamt expanderat minne,,OPT,N,DOS,MS-DOS,Defrag
"user stack (assembler,DEBUG)",,användarstack,,GEN,N,DOS,MS-DOS,generell term
user's guide,,användarhandbok,,GEN,N,DOS,MS-DOS,generell term
User's Guide and Reference,,Användar- och Referenshandbok,,GEN,N,DOS,MS-DOS,generell term
Using Help,,   Använda Hjälp,A,COM,V,DOS,MS-DOS,Backup-modul + Undel-modul
utility,,"tilläggsprogram, även ""tillbehör""",,GEN,N,DOS,MS-DOS,generell term
Utility (disk),,tilläggsprogram,,GEN,N,DOS,MS-DOS,generell term
value,,värde,,GEN,N,DOS,MS-DOS,generell term
variable,,variabel,,GEN,N,DOS,MS-DOS,generell term
Variant virus,,Virusvariant,,TXT,N,DOS,MS-DOS,MSAVF-modul
Verification=Verify Backup Data,,Verifikation=Kontrollera säkerhetskopierade data,,CHX,N,DOS,MS-DOS,Backup-modul
Verify,,verifiera,,MNU,V,DOS,MS-DOS,Defrag
Verify,,verifiera,,TDB,V,DOS,MS-DOS,Defrag
Verify Backup Data,,Verifiera säkerhetskopior,,CHX,N,DOS,MS-DOS,Backup-modul
Verify Integrity,,Varna om fil har ändrats,V,CHX,N,DOS,MS-DOS,MSAVF-modul
Verify Restore Data,,Verifiera återställda data,,CHX,N,DOS,MS-DOS,Backup-modul
Verify Restored Files,,Verifiera återställda filer,,DIA,N,DOS,MS-DOS,Backup-modul
Version,,version,,BUT,N,DOS,MS-DOS,Backup-modul
Video and Mouse,,Bildskärm och mus,B,DIA,N,DOS,MS-DOS,Backup-modul
Video and Mouse Configuration,,Konfiguration för bildskärm och mus,,DIA,N,DOS,MS-DOS,Backup-modul
video mode,,videoläge,,GEN,N,DOS,MS-DOS,generell term
view,,"Visa, översikt(s), se",,GEN,N,DOS,MS-DOS,generell term
virtual DMA,,virtuell DMA,,TXT,N,DOS,MS-DOS,Backup-modul
virtual drive,,virtuell enhet,,GEN,N,DOS,MS-DOS,generell term
Virus,,Virus,,TXT,N,DOS,MS-DOS,MSAVF-modul
volume,,volym,,GEN,N,DOS,MS-DOS,generell term
"volume ID (FORMAT, same as label)",,"volymens namn, volym X",,GEN,N,DOS,MS-DOS,generell term
volume label,,volymetikett,,GEN,N,DOS,MS-DOS,generell term
Volume label,,volymetikett,,OPT,N,DOS,MS-DOS,Defrag
volume serial number,,volymens serienummer,,GEN,N,DOS,MS-DOS,generell term
Volumes Read,,Lästa volymer,,DIA,N,DOS,MS-DOS,Backup-modul
warning,,varning,,GEN,N,DOS,MS-DOS,generell term
Warning box,,varningsruta,,TXT,N,DOS,MS-DOS,Backup-modul
warning message,,varningsmeddelande,,GEN,N,DOS,MS-DOS,generell term
white space,,blankt utrymme,,GEN,N,DOS,MS-DOS,generell term
wildcard,,jokertecken,,GEN,N,DOS,MS-DOS,generell term
window,,fönster,,GEN,N,DOS,MS-DOS,generell term
Windows Backup,,Windows Backup,,GEN,N,DOS,MS-DOS,Backup-modul
word processor,,ordbehandlare,,GEN,N,DOS,MS-DOS,generell term
word wrapping,,automatiskt radbyte,,GEN,N,DOS,MS-DOS,generell term
Work drive,,Arbetsenhet,,DIA,N,DOS,MS-DOS,MSAVF-modul
working directory (see 'current directory'),,aktuell katalog,,GEN,N,DOS,MS-DOS,generell term
working drive (see 'current drive'),,aktuell enhet,,GEN,N,DOS,MS-DOS,generell term
"Working, Please wait",,Vänta... (i arbete) / Vänta,,TXT,N,DOS,MS-DOS,Defrag
Write fault,,Skrivfel,,TXT,N,DOS,MS-DOS,Backup-modul
write-protect tab,,skrivskyddsetikett,,GEN,N,DOS,MS-DOS,generell term
write-protected,,skrivskyddad,,GEN,ADJ,DOS,MS-DOS,generell term
Write-protected disk,,Skrivskyddad diskett,,TXT,N,DOS,MS-DOS,Backup-modul
XMA (board) emulator,,XMA-emulator,,GEN,N,DOS,MS-DOS,generell term
XMA board,,XMA-kort,,GEN,N,DOS,MS-DOS,generell term
XMA memory adaptor,,XMA (extended memory adapter),,GEN,N,DOS,MS-DOS,generell term
XMM(Extended Memory Manager),,hanterare för utökat minne (XMM),,GEN,N,DOS,MS-DOS,generell term
Yellow & Green,,Gul & grön,,OPT,ADJ,DOS,MS-DOS,Backup-modul
Your Time,,Passiv tid,,OPT,N,DOS,MS-DOS,Backup-modul
FALSE,,"falsk, även ""felaktig""",,GEN,ADJ,DOS,MS-DOS,generell term
